{"type":"Feature","properties":{"GID_1":"CUB.1_1","GID_0":"CUB","country":"Cuba","province":"Camagüey","VARNAME_1":"PuertoPrincipe","NL_NAME_1":"NA","TYPE_1":"Provincia","ENGTYPE_1":"Province","CC_1":"NA","HASC_1":"CU.CM","ISO_1":"NA","name":"Camagüey.province"},
"geometry":{"type": "MultiPolygon","coordinates": [[[[-77.9435,20.4229,0.0],[-77.944,20.4254,0.0],[-77.9457,20.4246,2.06],[-77.9451,20.4229,0.8496],[-77.9435,20.4229,0.0]]],
[[[-77.9665,20.4596,0.8042],[-77.9699,20.4604,1.7355],[-77.9724,20.4585,0.9186],[-77.966,20.4588,0.8042],[-77.9601,20.4568,0.0],[-77.9576,20.4588,0.3437],[-77.9585,20.4599,0.3437],[-77.9632,20.4582,1.1995],[-77.9629,20.4599,0.6125],[-77.9665,20.4596,0.8042]]],
[[[-77.9776,20.4643,0.7311],[-77.9762,20.4651,0.0],[-77.9765,20.466,0.0],[-77.979,20.4649,0.7311],[-77.9776,20.4643,0.7311]]],
[[[-77.9535,20.4807,0.0],[-77.9574,20.4815,0.0],[-77.9557,20.4774,0.5243],[-77.9535,20.4782,0.0],[-77.9535,20.4807,0.0]]],
[[[-78.0385,20.4474,0.6492],[-78.0379,20.4499,0.6655],[-78.0418,20.4485,0.8544],[-78.0415,20.4476,0.8544],[-78.0385,20.4474,0.6492]]],
[[[-78.0054,20.4788,0.0],[-78.0068,20.4813,0.0],[-78.0104,20.4774,0.0],[-77.9979,20.4732,0.0],[-77.999,20.4779,0.0],[-77.9979,20.4796,0.4425],[-77.9996,20.4799,0.4425],[-78.0001,20.4771,0.3906],[-78.0015,20.4799,0.0],[-78.0035,20.4776,0.4049],[-78.0054,20.4788,0.0]]],
[[[-78.0199,20.4804,0.0],[-78.0193,20.4818,0.0],[-78.0224,20.481,0.5459],[-78.0215,20.4799,0.0],[-78.0199,20.4804,0.0]]],
[[[-78.0224,20.4876,0.0],[-78.0226,20.489,0.0],[-78.0282,20.4896,0.3892],[-78.0249,20.4863,0.0],[-78.0224,20.4876,0.0]]],
[[[-78.0335,20.499,0.0],[-78.0338,20.5004,0.0],[-78.0379,20.4996,0.0],[-78.0368,20.4974,0.4654],[-78.0335,20.499,0.0]]],
[[[-78.0668,20.5049,0.0],[-78.0679,20.5068,0.2574],[-78.0701,20.5057,0.0],[-78.0679,20.5038,0.8961],[-78.0699,20.5004,0.0],[-78.066,20.5021,1.1571],[-78.0668,20.5049,0.0]]],
[[[-78.0549,20.5176,0.0],[-78.0546,20.5201,0.0],[-78.0563,20.5204,0.4136],[-78.056,20.5176,0.5972],[-78.0593,20.5146,1.5223],[-78.0587,20.5132,0.0],[-78.0565,20.5137,0.0],[-78.0549,20.5176,0.0]]],
[[[-78.0912,20.5179,0.2259],[-78.0907,20.5201,0.5375],[-78.0946,20.5174,0.0],[-78.0921,20.5174,0.2259],[-78.0912,20.5179,0.2259]]],
[[[-78.1304,20.5063,0.0],[-78.1301,20.5093,0.0],[-78.131,20.5096,0.0],[-78.1326,20.5068,0.0],[-78.1304,20.5063,0.0]]],
[[[-78.1718,20.5121,0.0],[-78.1732,20.5146,0.4403],[-78.1749,20.5143,0.0],[-78.1732,20.5107,0.8064],[-78.1687,20.5071,0.8763],[-78.1685,20.5088,0.0],[-78.1718,20.5121,0.0]]],
[[[-78.1279,20.5174,0.7944],[-78.1285,20.5185,0.7944],[-78.1299,20.5187,0.0],[-78.1274,20.5154,0.0],[-78.1279,20.5174,0.7944]]],
[[[-78.1268,20.5326,0.0],[-78.1254,20.5326,0.0],[-78.1235,20.5376,0.7389],[-78.1263,20.5362,0.4683],[-78.1265,20.5335,0.0],[-78.1288,20.5362,0.0],[-78.1301,20.536,0.0],[-78.1268,20.5326,0.0]]],
[[[-78.0638,20.5243,0.2529],[-78.0651,20.526,0.0],[-78.0674,20.5251,0.3643],[-78.0663,20.5238,0.3643],[-78.0638,20.5243,0.2529]]],
[[[-78.0929,20.5346,0.0],[-78.0929,20.5357,0.0],[-78.0957,20.536,0.0],[-78.0943,20.5349,0.0],[-78.0929,20.5346,0.0]]],
[[[-78.0274,20.546,0.1701],[-78.0263,20.5465,0.0],[-78.0263,20.5479,0.0],[-78.029,20.5465,0.0],[-78.0274,20.546,0.1701]]],
[[[-78.0068,20.5757,0.0],[-78.0074,20.579,0.0],[-78.0132,20.5785,0.4761],[-78.0126,20.5771,0.4761],[-78.0068,20.5757,0.0]]],
[[[-78.006,20.586,1.2877],[-78.0071,20.589,0.0],[-78.0132,20.5876,0.3405],[-78.0121,20.5863,0.0],[-78.0101,20.5874,1.07],[-78.0076,20.5846,0.0],[-78.006,20.586,1.2877]]],
[[[-78.0149,20.594,0.0],[-78.0146,20.5949,0.0],[-78.0157,20.5962,0.0],[-78.0168,20.5929,0.0],[-78.0149,20.594,0.0]]],
[[[-78.0085,20.5968,1.0544],[-78.0107,20.5987,0.0],[-78.0107,20.5962,0.0],[-78.0074,20.5943,0.0],[-78.0065,20.596,0.0],[-78.0085,20.5968,1.0544]]],
[[[-78.0126,20.5985,0.5096],[-78.014,20.5999,0.0],[-78.016,20.5993,0.5588],[-78.0132,20.5968,0.0],[-78.0118,20.5974,0.0],[-78.0126,20.5985,0.5096]]],
[[[-78.1999,20.5707,0.0],[-78.2001,20.5724,0.0],[-78.2021,20.5732,0.0],[-78.2018,20.5713,0.0],[-78.1999,20.5707,0.0]]],
[[[-78.1154,20.5754,0.0],[-78.1146,20.5785,0.0],[-78.116,20.5788,0.0],[-78.1168,20.5776,0.4804],[-78.1154,20.5754,0.0]]],
[[[-78.2451,20.6301,2.7356],[-78.2485,20.6312,0.3865],[-78.2499,20.6293,1.1752],[-78.2499,20.6282,0.7944],[-78.2449,20.6274,1.5744],[-78.2474,20.6146,0.385],[-78.2499,20.6135,1.4051],[-78.254,20.6168,0.0],[-78.2518,20.6129,0.3994],[-78.2479,20.6118,0.0],[-78.246,20.6138,1.1127],[-78.2446,20.6199,0.0],[-78.2399,20.6232,0.0],[-78.2418,20.6257,0.0],[-78.2415,20.6288,0.0],[-78.2451,20.6301,2.7356]]],
[[[-78.0971,20.6207,0.6938],[-78.0971,20.6229,1.1269],[-78.0987,20.6235,0.0],[-78.0982,20.6201,0.0],[-78.0971,20.6207,0.6938]]],
[[[-78.0046,20.6004,0.533],[-78.0085,20.601,0.0],[-78.0065,20.5965,0.0],[-78.0062,20.5987,0.4237],[-78.0043,20.5993,0.533],[-78.0046,20.6004,0.533]]],
[[[-78.0154,20.6065,0.0],[-78.0171,20.6074,0.0],[-78.0185,20.6071,0.0],[-78.0168,20.6057,0.3879],[-78.0154,20.6065,0.0]]],
[[[-78.0151,20.6096,0.3204],[-78.0174,20.611,0.3175],[-78.0204,20.6085,0.0],[-78.0151,20.609,0.3204],[-78.0093,20.606,0.2586],[-78.011,20.6087,1.2154],[-78.0151,20.6096,0.3204]]],
[[[-78.0054,20.6082,0.0],[-78.0051,20.6104,0.0],[-78.0088,20.6085,0.0],[-78.0076,20.6076,0.2754],[-78.0054,20.6082,0.0]]],
[[[-78.0007,20.6099,0.594],[-78.001,20.6129,1.3173],[-78.004,20.6113,0.2778],[-78.0026,20.609,1.1941],[-78.0007,20.6099,0.594]]],
[[[-78.0007,20.6176,0.0],[-78.0018,20.6193,0.0],[-78.0021,20.6171,0.0],[-78.0004,20.6165,0.0],[-78.0007,20.6176,0.0]]],
[[[-78.0201,20.6188,0.1908],[-78.0224,20.6204,0.815],[-78.0249,20.6193,0.0],[-78.0251,20.6174,0.0],[-78.0207,20.6157,0.7496],[-78.019,20.6171,1.0984],[-78.0201,20.6188,0.1908]]],
[[[-78.014,20.6199,0.2578],[-78.0151,20.6215,0.0],[-78.0174,20.6212,0.0],[-78.0146,20.6182,0.0],[-78.014,20.6199,0.2578]]],
[[[-78.0176,20.6193,0.5868],[-78.0179,20.6207,0.0],[-78.0201,20.6212,0.7219],[-78.019,20.6188,0.1908],[-78.0176,20.6193,0.5868]]],
[[[-77.9993,20.6224,0.0],[-78.0029,20.6238,0.0],[-78.0051,20.6212,0.6174],[-78.0079,20.6224,0.0],[-78.0088,20.621,0.0],[-78.0038,20.6193,0.0],[-78.0032,20.6212,0.2018],[-78.0004,20.6201,0.0],[-77.9993,20.6224,0.0]]],
[[[-78.0113,20.6218,0.0],[-78.0104,20.6226,0.4602],[-78.0124,20.6232,0.0],[-78.014,20.6221,0.0],[-78.0137,20.6215,0.0],[-78.0113,20.6218,0.0]]],
[[[-77.9935,20.6243,0.4886],[-77.994,20.6262,1.8901],[-77.9974,20.626,1.6572],[-77.9965,20.624,2.8365],[-77.9949,20.6249,0.7983],[-77.9943,20.6232,0.0],[-77.9918,20.6235,0.7045],[-77.9935,20.6243,0.4886]]],
[[[-78.0099,20.6276,0.0],[-78.0104,20.6296,0.3109],[-78.0126,20.6301,0.7448],[-78.0168,20.6282,0.0],[-78.0168,20.6254,0.0],[-78.0137,20.6243,0.0],[-78.0099,20.6276,0.0]]],
[[[-78.0082,20.6376,1.6227],[-78.0085,20.6418,0.0],[-78.0096,20.6421,0.0],[-78.0124,20.636,0.0],[-78.0082,20.6376,1.6227]]],
[[[-78.0096,20.6426,0.0],[-78.0085,20.6437,0.0],[-78.0088,20.6454,0.389],[-78.0104,20.6443,0.0],[-78.0096,20.6426,0.0]]],
[[[-78.0118,20.6604,0.0],[-78.0129,20.6651,0.9754],[-78.0149,20.6649,1.3219],[-78.0143,20.6574,0.0],[-78.0118,20.6582,0.0],[-78.0118,20.6604,0.0]]],
[[[-78.0912,20.6396,0.3351],[-78.0929,20.6413,0.0],[-78.0946,20.6407,0.0],[-78.0918,20.6388,0.3351],[-78.0929,20.6351,0.0],[-78.0915,20.636,0.0],[-78.0915,20.6346,0.0],[-78.0935,20.6326,0.0],[-78.0921,20.631,0.0],[-78.0935,20.6312,0.4056],[-78.0935,20.629,0.2148],[-78.0963,20.6274,0.3285],[-78.0987,20.629,0.0],[-78.0985,20.6249,0.0],[-78.0932,20.6246,0.863],[-78.096,20.6171,0.0],[-78.099,20.6157,0.0],[-78.0971,20.6132,0.5533],[-78.1021,20.6107,0.0],[-78.1062,20.614,0.0],[-78.1082,20.6132,0.0],[-78.104,20.6096,0.6564],[-78.1035,20.6071,0.0],[-78.0976,20.6082,0.0],[-78.0946,20.6174,0.0],[-78.0851,20.6307,0.0],[-78.086,20.6396,0.0],[-78.0899,20.6374,0.0],[-78.0912,20.6396,0.3351]]],
[[[-78.0932,20.6424,0.4135],[-78.0924,20.644,0.0],[-78.0963,20.6432,0.7752],[-78.0954,20.6415,0.0],[-78.0932,20.6424,0.4135]]],
[[[-78.0924,20.6726,0.6768],[-78.0929,20.6743,0.0],[-78.094,20.6738,0.0],[-78.0888,20.6657,0.0],[-78.0896,20.6649,0.6637],[-78.0901,20.6665,0.0],[-78.0932,20.6682,0.0],[-78.091,20.6663,0.6132],[-78.0912,20.6621,0.0],[-78.0918,20.6654,0.1871],[-78.0957,20.6699,0.0],[-78.096,20.6676,0.0],[-78.0926,20.664,0.6217],[-78.0949,20.6624,0.0],[-78.094,20.6579,0.2401],[-78.0971,20.6588,0.0],[-78.0943,20.6557,0.0],[-78.0971,20.6563,0.0],[-78.0982,20.6529,1.2762],[-78.0999,20.654,0.0],[-78.0987,20.6585,1.1379],[-78.101,20.6596,1.0933],[-78.1021,20.6638,0.0],[-78.099,20.669,0.506],[-78.1018,20.6688,0.0],[-78.1032,20.6646,0.0],[-78.1021,20.6529,1.1742],[-78.1004,20.6504,0.0],[-78.0982,20.651,0.6718],[-78.0968,20.649,0.0],[-78.0971,20.6451,0.0],[-78.0946,20.6463,0.9407],[-78.0929,20.6507,0.6641],[-78.0935,20.6574,0.2401],[-78.0876,20.6654,0.4283],[-78.0888,20.6696,1.1112],[-78.0924,20.6726,0.6768]]],
[[[-78.091,20.684,0.0],[-78.096,20.6843,0.0],[-78.0982,20.6796,1.1583],[-78.1024,20.6807,0.0],[-78.1032,20.6787,1.6701],[-78.1076,20.679,0.0],[-78.1079,20.6779,0.0],[-78.0996,20.6718,0.0],[-78.0968,20.6679,0.0],[-78.0979,20.6738,1.2467],[-78.0951,20.6754,0.0],[-78.0965,20.6785,1.3251],[-78.0899,20.6807,0.2067],[-78.0893,20.6824,0.3047],[-78.091,20.684,0.0]]],
[[[-78.2885,20.6468,0.0],[-78.2904,20.6485,0.0],[-78.2871,20.6426,0.0],[-78.289,20.634,0.0],[-78.2879,20.6321,0.0],[-78.2857,20.644,0.0],[-78.2885,20.6468,0.0]]],
[[[-78.2901,20.6707,1.0762],[-78.2913,20.6735,0.4797],[-78.2932,20.6732,0.6112],[-78.2935,20.6715,0.0],[-78.2913,20.6712,1.0762],[-78.294,20.6679,1.2398],[-78.2982,20.6657,0.9857],[-78.3012,20.6663,0.4905],[-78.301,20.6643,0.3246],[-78.2929,20.6651,0.0],[-78.2901,20.6707,1.0762]]],
[[[-78.2946,20.6718,0.6835],[-78.2943,20.6743,0.5375],[-78.2957,20.6751,0.5375],[-78.3007,20.6696,0.0],[-78.2949,20.6693,0.3227],[-78.2946,20.6718,0.6835]]],
[[[-78.3032,20.6738,0.0],[-78.3065,20.6749,0.0],[-78.304,20.6735,0.6983],[-78.304,20.671,0.2601],[-78.3018,20.6724,0.3107],[-78.3032,20.6738,0.0]]],
[[[-78.389,20.6768,0.5039],[-78.3913,20.6787,0.0],[-78.3907,20.6762,0.5039],[-78.3932,20.6726,0.4165],[-78.3946,20.6749,0.4346],[-78.3976,20.6738,0.0749],[-78.3974,20.6757,0.0],[-78.3999,20.6771,0.0],[-78.4054,20.6754,0.0],[-78.4007,20.6707,0.5064],[-78.4026,20.6693,0.2535],[-78.4024,20.6663,0.277],[-78.4043,20.6657,0.0],[-78.4024,20.6626,0.3978],[-78.4043,20.6607,0.0],[-78.4024,20.6585,0.0],[-78.3996,20.6585,0.0],[-78.4015,20.6612,0.2998],[-78.4001,20.6612,0.0],[-78.3993,20.664,0.3666],[-78.3976,20.6624,0.201],[-78.3929,20.6626,0.0],[-78.3943,20.666,0.3631],[-78.3926,20.6663,0.0],[-78.3924,20.6718,0.0],[-78.386,20.6712,0.5591],[-78.3876,20.6746,0.0],[-78.389,20.6746,0.8063],[-78.389,20.6768,0.5039]]],
[[[-78.4207,20.676,1.7522],[-78.4232,20.6774,0.0],[-78.4262,20.6746,1.0069],[-78.4229,20.6699,0.704],[-78.4235,20.6674,1.8222],[-78.4254,20.6682,0.4732],[-78.4257,20.6671,0.4732],[-78.4229,20.6654,0.0],[-78.4196,20.666,2.8335],[-78.4212,20.6688,2.1453],[-78.4171,20.6754,0.0],[-78.4176,20.6765,1.7873],[-78.4207,20.676,1.7522]]],
[[[-78.3163,20.6735,0.3099],[-78.3157,20.6768,0.6893],[-78.3165,20.6774,0.0],[-78.3176,20.6749,0.3431],[-78.3163,20.6735,0.3099]]],
[[[-78.3626,20.6849,0.8728],[-78.3629,20.6871,0.0],[-78.3657,20.6868,1.9785],[-78.3654,20.6846,2.2425],[-78.3624,20.6832,0.0],[-78.3618,20.679,1.845],[-78.3649,20.6815,0.5071],[-78.3674,20.6807,0.0],[-78.3682,20.6757,0.0],[-78.3704,20.6735,0.0],[-78.3668,20.6704,0.0],[-78.3615,20.6693,0.0],[-78.3624,20.6738,2.415],[-78.3599,20.6749,1.151],[-78.3593,20.6793,0.7468],[-78.3618,20.6818,0.0],[-78.3607,20.6846,0.0],[-78.3626,20.6849,0.8728]]],
[[[-78.2985,20.6768,0.2997],[-78.3007,20.6785,0.2524],[-78.3007,20.674,0.3011],[-78.2996,20.6757,0.2997],[-78.2971,20.6757,0.0],[-78.2985,20.6768,0.2997]]],
[[[-78.2929,20.6796,0.4485],[-78.2949,20.6807,0.0],[-78.2957,20.679,0.7053],[-78.2951,20.6787,0.0],[-78.2929,20.6796,0.4485]]],
[[[-78.3099,20.6829,0.6266],[-78.3107,20.6851,0.2744],[-78.3132,20.6843,0.1993],[-78.3115,20.684,0.2744],[-78.3107,20.6807,0.2147],[-78.3071,20.679,0.2514],[-78.3051,20.6829,0.7907],[-78.3051,20.6785,0.293],[-78.3015,20.6771,0.2524],[-78.304,20.6846,0.0],[-78.3063,20.6843,0.0],[-78.3065,20.6824,0.2529],[-78.3099,20.6829,0.6266]]],
[[[-78.2812,20.6935,0.8468],[-78.2833,20.6951,0.0],[-78.2815,20.6901,1.6893],[-78.2838,20.6865,0.0],[-78.2812,20.6838,1.4525],[-78.2843,20.6838,0.0],[-78.2799,20.6818,0.0],[-78.2787,20.6871,0.0],[-78.2812,20.6935,0.8468]]],
[[[-78.2707,20.704,0.0],[-78.2729,20.7057,0.0],[-78.2743,20.7035,0.2875],[-78.2785,20.7046,0.0],[-78.2787,20.7032,0.3088],[-78.2743,20.7007,0.3023],[-78.2746,20.7026,0.2875],[-78.2707,20.704,0.0]]],
[[[-78.269,20.7021,0.0],[-78.2685,20.7026,0.0],[-78.2685,20.7049,0.0],[-78.2701,20.7032,0.7215],[-78.269,20.7021,0.0]]],
[[[-78.2599,20.7093,0.1653],[-78.2629,20.7101,0.0],[-78.2613,20.7082,0.0],[-78.2637,20.7074,0.0],[-78.2632,20.7049,1.1945],[-78.2657,20.7065,0.2882],[-78.2637,20.7007,0.3749],[-78.2615,20.7021,0.9547],[-78.2599,20.7093,0.1653]]],
[[[-78.2782,20.7474,0.0],[-78.2807,20.7488,0.0],[-78.2751,20.7412,0.0],[-78.2754,20.7432,0.0],[-78.2782,20.7474,0.0]]],
[[[-78.3665,20.5515,0.0],[-78.3671,20.5501,0.0],[-78.3668,20.549,0.0],[-78.3646,20.5529,0.258],[-78.3665,20.5515,0.0]]],
[[[-78.3849,20.6357,0.0],[-78.3876,20.6374,0.0],[-78.3935,20.6365,0.0],[-78.3946,20.6321,0.0],[-78.3913,20.6312,0.0],[-78.391,20.6249,0.0],[-78.3846,20.6221,0.0911],[-78.3843,20.6207,0.0],[-78.3824,20.6224,0.7183],[-78.3751,20.6218,0.2018],[-78.3732,20.621,0.1634],[-78.3729,20.6179,0.0],[-78.376,20.6096,0.3358],[-78.3779,20.611,0.1738],[-78.381,20.6099,0.276],[-78.3804,20.6138,0.0],[-78.3835,20.6143,0.1996],[-78.3793,20.6176,0.0],[-78.3749,20.6174,0.0],[-78.376,20.6196,0.0],[-78.3793,20.6204,0.282],[-78.3865,20.6176,0.0],[-78.3868,20.6154,0.0],[-78.3801,20.6068,0.7716],[-78.3812,20.6004,0.4599],[-78.3793,20.5999,0.1722],[-78.3796,20.5974,0.7594],[-78.3815,20.6001,0.4599],[-78.3849,20.5974,0.0],[-78.3851,20.5949,0.0],[-78.3913,20.5976,0.4406],[-78.3899,20.6007,0.3225],[-78.386,20.5999,0.0],[-78.384,20.6024,0.0],[-78.3846,20.6054,0.4901],[-78.3868,20.6063,0.2871],[-78.386,20.6038,0.4901],[-78.3913,20.6035,0.1138],[-78.3918,20.601,0.2532],[-78.3938,20.6001,0.0],[-78.3918,20.5965,0.2906],[-78.3946,20.5954,0.2471],[-78.3971,20.5904,0.0],[-78.396,20.589,0.2093],[-78.3915,20.5929,0.0],[-78.3849,20.5874,0.0],[-78.3874,20.5818,0.0],[-78.3846,20.5796,0.0],[-78.3876,20.5757,0.1941],[-78.384,20.5752,0.0782],[-78.3851,20.5721,0.0],[-78.3829,20.5685,0.3445],[-78.3868,20.5651,0.0],[-78.3737,20.5685,0.0],[-78.3732,20.571,0.0],[-78.3701,20.5685,0.0978],[-78.3699,20.5618,0.0],[-78.3682,20.5626,0.0],[-78.3679,20.5601,0.0],[-78.3649,20.5604,0.5316],[-78.3671,20.559,0.0],[-78.366,20.5576,0.273],[-78.3624,20.5582,0.3569],[-78.3604,20.5624,0.4702],[-78.354,20.5607,0.7288],[-78.3546,20.5593,0.227],[-78.3587,20.5607,0.0],[-78.3613,20.5593,0.4071],[-78.3587,20.5546,0.0],[-78.351,20.5563,0.0],[-78.3507,20.5593,0.5352],[-78.3457,20.5601,0.0],[-78.3451,20.556,0.5677],[-78.3515,20.5551,0.0],[-78.3515,20.554,0.0],[-78.3476,20.5543,0.1605],[-78.3454,20.549,0.2855],[-78.3429,20.5482,0.0],[-78.341,20.5499,0.4104],[-78.339,20.5446,0.2195],[-78.3343,20.5432,0.3744],[-78.334,20.5399,0.0],[-78.3362,20.5382,0.2212],[-78.3351,20.536,1.1912],[-78.3379,20.5374,0.0],[-78.3412,20.5351,0.4498],[-78.3393,20.5346,0.9579],[-78.3379,20.5285,0.3088],[-78.3418,20.5315,0.5377],[-78.3463,20.5313,0.2054],[-78.3549,20.5349,0.1283],[-78.3613,20.5401,0.0],[-78.364,20.5407,0.0],[-78.3657,20.544,0.0],[-78.3671,20.5432,0.0],[-78.3654,20.5412,0.1428],[-78.3674,20.5404,0.0],[-78.3693,20.5432,0.0],[-78.3715,20.5432,0.2476],[-78.3726,20.5465,0.0],[-78.3754,20.5457,0.0],[-78.3765,20.5485,0.0],[-78.3799,20.5471,0.0],[-78.3824,20.5532,0.0],[-78.384,20.5546,0.0],[-78.3865,20.5537,0.5886],[-78.3907,20.5568,0.4662],[-78.3901,20.559,0.0],[-78.3954,20.561,0.4448],[-78.3968,20.5646,0.0],[-78.4032,20.5649,0.3455],[-78.4024,20.5743,0.0],[-78.4062,20.5765,0.6618],[-78.4096,20.5812,0.5694],[-78.4096,20.5838,0.3222],[-78.4129,20.586,0.2457],[-78.4126,20.5915,0.0],[-78.4182,20.5976,0.0],[-78.4193,20.5974,0.0],[-78.4179,20.5957,0.0],[-78.419,20.5918,0.7961],[-78.421,20.5932,0.1809],[-78.4224,20.5918,0.4915],[-78.4229,20.594,0.0],[-78.4257,20.5957,0.0],[-78.4276,20.5918,0.3867],[-78.4337,20.5935,0.5861],[-78.4404,20.5899,0.6725],[-78.4371,20.5929,0.2019],[-78.4401,20.5946,0.0],[-78.4415,20.5979,0.0],[-78.4451,20.599,0.0],[-78.4449,20.5962,0.2318],[-78.4485,20.5954,0.1889],[-78.449,20.6018,0.0],[-78.4496,20.5999,0.1155],[-78.4504,20.601,0.0],[-78.4524,20.6001,1.0498],[-78.4501,20.5979,0.1569],[-78.4518,20.5954,0.2659],[-78.4515,20.5979,0.2331],[-78.454,20.5974,0.3838],[-78.4532,20.5993,0.1509],[-78.4554,20.5996,0.4263],[-78.4538,20.6032,0.0],[-78.4579,20.5999,0.2686],[-78.4571,20.6021,0.0],[-78.4587,20.6057,0.5802],[-78.4571,20.6057,0.4208],[-78.4579,20.6076,0.645],[-78.4565,20.6093,0.0],[-78.4596,20.6076,0.2363],[-78.4587,20.6113,0.0],[-78.4604,20.6124,0.1693],[-78.4585,20.6126,0.0],[-78.4635,20.6162,0.0],[-78.4662,20.616,0.0],[-78.4668,20.6135,0.0],[-78.4646,20.6124,0.2472],[-78.4651,20.6149,0.2327],[-78.4635,20.6146,0.2292],[-78.4604,20.6082,0.2363],[-78.4651,20.601,0.0],[-78.4615,20.6004,0.0],[-78.461,20.5982,0.0],[-78.4554,20.5935,0.0],[-78.4526,20.594,0.0],[-78.4518,20.5896,0.1117],[-78.4485,20.5876,0.3646],[-78.4485,20.5857,0.0],[-78.4388,20.5868,0.0],[-78.4249,20.5832,0.7909],[-78.4132,20.576,0.6651],[-78.4021,20.5615,0.1905],[-78.3899,20.5515,0.4353],[-78.384,20.5368,0.0],[-78.3765,20.5374,0.4425],[-78.3657,20.5335,0.0],[-78.3632,20.5351,0.0],[-78.3618,20.5329,0.0961],[-78.3565,20.5318,0.0],[-78.3546,20.5296,0.0],[-78.349,20.5274,0.886],[-78.3476,20.528199999999998,0.886],[-78.3393,20.5204,0.0],[-78.3313,20.5196,0.585],[-78.331,20.5154,0.0],[-78.3293,20.521,0.3032],[-78.3271,20.5182,0.0],[-78.3285,20.536,0.0],[-78.3313,20.546,0.2849],[-78.3401,20.5574,0.2501],[-78.3404,20.5601,0.0],[-78.3471,20.5643,0.0],[-78.351,20.5637,1.1206],[-78.3538,20.5657,0.1233],[-78.3538,20.5674,0.0],[-78.3635,20.5674,0.0],[-78.3615,20.5696,0.0],[-78.362,20.5712,0.0],[-78.3679,20.5743,0.0],[-78.3768,20.574,0.0],[-78.3765,20.5724,0.0906],[-78.3835,20.5768,0.1877],[-78.3765,20.5793,0.8778],[-78.3763,20.5807,0.0],[-78.3807,20.584,0.0],[-78.3743,20.5912,0.091],[-78.3763,20.5971,0.0],[-78.3704,20.6007,0.0],[-78.3704,20.6026,0.6921],[-78.3651,20.6074,0.0],[-78.3665,20.6101,0.3563],[-78.3726,20.6126,0.1522],[-78.3729,20.6154,0.22],[-78.3701,20.6171,0.0],[-78.3743,20.624,0.0],[-78.3757,20.6226,0.2868],[-78.3785,20.6243,0.0],[-78.3782,20.629,0.0],[-78.3804,20.6293,0.0],[-78.3865,20.626,0.4425],[-78.3843,20.6285,0.0],[-78.3849,20.6357,0.0]]],
[[[-78.4324,20.5985,0.0],[-78.4349,20.5987,0.0],[-78.4351,20.5965,0.0],[-78.4313,20.5954,0.0],[-78.431,20.5965,0.1311],[-78.4332,20.5965,0.0969],[-78.4315,20.5979,0.0],[-78.4324,20.5985,0.0]]],
[[[-78.4318,20.601,0.0],[-78.4343,20.6021,0.0],[-78.4332,20.5999,0.0],[-78.4307,20.6004,0.0],[-78.4318,20.601,0.0]]],
[[[-78.4218,20.6001,0.0],[-78.4224,20.6029,0.0],[-78.4246,20.6021,0.0],[-78.4246,20.601,0.0],[-78.4218,20.6001,0.0]]],
[[[-78.3999,20.6021,0.8378],[-78.399,20.6035,0.8378],[-78.3993,20.6043,0.0],[-78.4015,20.6029,0.7749],[-78.3999,20.6021,0.8378]]],
[[[-78.4357,20.6043,0.0],[-78.4382,20.6049,0.0],[-78.4362,20.6024,0.0889],[-78.4337,20.6035,0.0],[-78.4357,20.6043,0.0]]],
[[[-78.434,20.6093,0.0],[-78.4349,20.611,0.0],[-78.4371,20.6104,0.0],[-78.4368,20.6096,0.0],[-78.434,20.6093,0.0]]],
[[[-78.466,20.611,0.0],[-78.4699,20.6118,0.0],[-78.4721,20.6074,0.0],[-78.4713,20.6049,0.0],[-78.4699,20.606,0.4276],[-78.4682,20.6018,0.0],[-78.4615,20.6082,0.0],[-78.4621,20.6107,0.0],[-78.4638,20.6087,0.5766],[-78.466,20.611,0.0]]],
[[[-78.444,20.6121,0.0],[-78.4488,20.6138,0.0],[-78.449,20.6085,0.0],[-78.4512,20.6082,0.0],[-78.449,20.6063,0.0],[-78.4501,20.6046,0.0],[-78.4471,20.6046,0.0],[-78.4463,20.6082,0.0],[-78.4446,20.609,0.2799],[-78.4435,20.6074,0.0],[-78.4407,20.6076,0.2623],[-78.444,20.6121,0.0]]],
[[[-78.4804,20.6116,0.1079],[-78.4818,20.6135,0.0],[-78.4837,20.6138,0.0],[-78.4821,20.6099,0.0],[-78.4804,20.6116,0.1079]]],
[[[-78.4512,20.6135,0.0],[-78.451,20.616,0.0],[-78.4524,20.6168,0.0],[-78.4524,20.6138,0.0],[-78.4512,20.6135,0.0]]],
[[[-78.5574,20.6312,0.0],[-78.559,20.6332,0.0],[-78.561,20.6326,0.0],[-78.5612,20.6274,0.0],[-78.5585,20.6262,0.1775],[-78.5576,20.6235,0.0],[-78.5449,20.6215,0.0],[-78.5426,20.6232,0.0],[-78.5424,20.6212,0.0],[-78.5407,20.6215,0.0],[-78.5382,20.619,0.0],[-78.5285,20.619,1.0139],[-78.5146,20.6151,0.0],[-78.5088,20.6171,0.2706],[-78.5071,20.6151,0.0],[-78.5046,20.6157,0.0915],[-78.5049,20.6132,0.0],[-78.5024,20.6157,0.3952],[-78.4971,20.6135,0.3363],[-78.4965,20.611,0.0],[-78.4871,20.6082,0.8545],[-78.486,20.606,0.0],[-78.4757,20.6043,0.0],[-78.4726,20.6113,0.0],[-78.4754,20.614,0.0],[-78.4762,20.6115,0.0],[-78.4779,20.6124,0.0],[-78.4782,20.6104,0.3446],[-78.4821,20.6085,0.2339],[-78.4876,20.6126,0.2042],[-78.4871,20.6171,0.0],[-78.4887,20.6171,0.0],[-78.4918,20.6212,0.2032],[-78.4899,20.6299,0.0],[-78.4932,20.6296,0.0],[-78.4918,20.6274,0.0],[-78.4946,20.6212,0.5606],[-78.5013,20.6235,0.1982],[-78.5035,20.6251,0.363],[-78.5049,20.6299,0.0],[-78.5074,20.6301,0.5305],[-78.5099,20.6288,0.0],[-78.5076,20.6279,0.5138],[-78.5079,20.6262,0.5727],[-78.5101,20.6265,0.0],[-78.5171,20.6218,0.2562],[-78.5243,20.6218,0.3747],[-78.5296,20.6238,0.0],[-78.5287,20.6224,0.0],[-78.5301,20.6212,0.4436],[-78.5318,20.6221,0.0],[-78.5312,20.6246,0.0],[-78.5357,20.6282,0.0],[-78.5449,20.6282,0.1751],[-78.5512,20.6254,0.4579],[-78.5532,20.6293,0.1989],[-78.5574,20.6312,0.0]]],
[[[-78.479,20.6185,0.0],[-78.4796,20.6212,0.1818],[-78.481,20.6218,0.1818],[-78.4804,20.6185,0.0],[-78.479,20.6185,0.0]]],
[[[-78.4429,20.6221,0.0],[-78.4463,20.6226,0.0],[-78.4451,20.6207,0.0743],[-78.4429,20.6207,0.0808],[-78.4429,20.6221,0.0]]],
[[[-78.5276,20.629,0.0],[-78.5263,20.6296,0.0],[-78.5265,20.6324,0.0],[-78.531,20.6318,0.0],[-78.531,20.6299,0.0],[-78.5276,20.629,0.0]]],
[[[-78.3949,20.6151,0.0],[-78.3996,20.6162,0.0],[-78.3915,20.6115,0.2707],[-78.3904,20.6051,0.0],[-78.3879,20.6051,0.0],[-78.3879,20.6099,0.1883],[-78.3865,20.611,0.0],[-78.3949,20.6151,0.0]]],
[[[-78.4201,20.6218,0.0],[-78.4187,20.6224,0.0],[-78.4221,20.6226,0.0],[-78.4215,20.6218,0.0],[-78.4201,20.6218,0.0]]],
[[[-78.4037,20.629,1.0649],[-78.4051,20.6304,1.0649],[-78.4082,20.6296,0.569],[-78.4026,20.6254,0.0],[-78.4037,20.629,1.0649]]],
[[[-78.4301,20.6351,0.0],[-78.4285,20.636,1.1912],[-78.4287,20.6374,0.0],[-78.4315,20.6363,0.0],[-78.4301,20.6351,0.0]]],
[[[-78.4224,20.6437,0.0],[-78.4218,20.6463,0.5031],[-78.4254,20.6443,1.7269],[-78.4251,20.6432,0.0],[-78.4224,20.6437,0.0]]],
[[[-78.3849,20.6607,0.1307],[-78.3851,20.6624,0.0819],[-78.3876,20.6632,0.1906],[-78.3874,20.6604,0.3456],[-78.3896,20.6588,0.1737],[-78.3887,20.656,0.7011],[-78.3913,20.6543,0.6268],[-78.3904,20.6524,1.0531],[-78.3918,20.6504,0.1474],[-78.3954,20.6513,0.0],[-78.3935,20.6465,1.0616],[-78.396,20.6449,0.3965],[-78.3943,20.6451,0.0],[-78.3943,20.6432,0.0],[-78.3868,20.6382,0.0],[-78.3835,20.6396,0.0],[-78.3838,20.6379,0.0],[-78.3812,20.6354,0.0],[-78.3768,20.6368,0.0],[-78.3763,20.6418,0.0],[-78.3626,20.6424,0.9651],[-78.364,20.6476,0.0],[-78.3712,20.6482,0.3003],[-78.374,20.6501,0.0],[-78.3749,20.6493,0.0],[-78.3729,20.6463,0.6248],[-78.3743,20.6479,0.0],[-78.376,20.6443,0.7704],[-78.3788,20.6432,0.8443],[-78.3807,20.6443,1.0085],[-78.3807,20.6476,0.9204],[-78.3765,20.649,0.0],[-78.384,20.6507,0.0],[-78.3843,20.649,0.396],[-78.3807,20.6485,0.9204],[-78.384,20.6465,1.0866],[-78.3882,20.6468,1.1004],[-78.391,20.6432,0.3688],[-78.3929,20.6437,0.0],[-78.3935,20.646,1.0616],[-78.391,20.6465,0.4361],[-78.3921,20.6487,0.3011],[-78.3901,20.6513,0.2499],[-78.3874,20.6513,0.0],[-78.3896,20.6485,0.393],[-78.3887,20.6476,0.393],[-78.3838,20.6543,0.0],[-78.3763,20.6554,0.0],[-78.3785,20.6571,0.0],[-78.381,20.6563,0.0],[-78.3807,20.6593,0.1439],[-78.3785,20.6599,0.0],[-78.3793,20.6615,0.1253],[-78.3849,20.6607,0.1307]]],
[[[-78.3957,20.6563,0.646],[-78.3962,20.6582,0.2319],[-78.399,20.6576,0.0],[-78.3976,20.6537,0.0],[-78.3957,20.6563,0.646]]],
[[[-78.3729,20.6585,0.7004],[-78.3726,20.6599,0.0],[-78.3746,20.6601,0.0],[-78.3746,20.6557,1.0296],[-78.3704,20.654,0.5483],[-78.3696,20.6563,0.0],[-78.3729,20.6585,0.7004]]],
[[[-78.4512,20.6399,1.1628],[-78.4532,20.6413,0.7358],[-78.449,20.6374,1.4681],[-78.4488,20.6385,1.4681],[-78.4512,20.6399,1.1628]]],
[[[-78.5449,20.6413,0.0],[-78.5435,20.6429,0.1536],[-78.5468,20.6426,0.0],[-78.5504,20.6393,0.0],[-78.5488,20.639,0.0],[-78.5449,20.6413,0.0]]],
[[[-78.4485,20.6526,1.1208],[-78.4476,20.6543,0.9408],[-78.4518,20.6521,1.2158],[-78.451,20.6524,1.2158],[-78.4485,20.6526,1.1208]]],
[[[-78.5796,20.6604,0.0],[-78.5801,20.6621,0.0747],[-78.5826,20.6624,0.0],[-78.5813,20.6599,0.0],[-78.5796,20.6604,0.0]]],
[[[-78.7104,20.6638,0.2452],[-78.7121,20.666,0.0],[-78.714,20.6632,0.0],[-78.7146,20.6607,0.0],[-78.7124,20.659,0.0],[-78.7138,20.6549,0.0],[-78.7093,20.6546,0.0],[-78.7046,20.6585,0.3589],[-78.7082,20.6543,0.0],[-78.7057,20.6526,0.0954],[-78.7057,20.6482,0.0],[-78.704,20.6471,0.0],[-78.7021,20.6479,0.0],[-78.7024,20.6507,0.2903],[-78.7004,20.653199999999998,0.0],[-78.6843,20.6529,0.0],[-78.6815,20.6515,0.0],[-78.681,20.653199999999998,0.1259],[-78.6732,20.6549,0.0],[-78.6674,20.653199999999998,0.0],[-78.6674,20.6521,0.0],[-78.6646,20.6524,0.1061],[-78.6632,20.6507,0.0],[-78.6582,20.6515,0.0],[-78.6518,20.6496,0.0],[-78.646,20.6526,0.0],[-78.6415,20.6499,0.0],[-78.6399,20.6468,0.0],[-78.6371,20.6463,0.0],[-78.6321,20.6482,0.0],[-78.6282,20.6474,0.0],[-78.6249,20.6504,0.0],[-78.621,20.6496,0.0],[-78.6182,20.6515,0.0],[-78.6171,20.6549,0.3848],[-78.6174,20.6518,0.0],[-78.6129,20.6513,0.5288],[-78.614,20.6482,0.0],[-78.6096,20.6493,0.1966],[-78.6071,20.6479,0.0],[-78.6079,20.6457,0.0],[-78.6026,20.6399,0.0],[-78.5951,20.6401,0.0],[-78.591,20.6432,0.0],[-78.5904,20.6454,0.7335],[-78.5868,20.644,0.0],[-78.5868,20.6463,0.229],[-78.5849,20.6451,0.0821],[-78.5846,20.6474,0.3567],[-78.5807,20.6432,0.0],[-78.581,20.6493,0.1467],[-78.5782,20.6468,0.0],[-78.5804,20.646,0.0],[-78.5796,20.6413,0.2795],[-78.5751,20.6401,0.0],[-78.5721,20.6415,0.4347],[-78.5729,20.6463,0.0],[-78.574,20.6463,0.2527],[-78.5724,20.6493,0.0],[-78.5765,20.6515,0.0],[-78.5754,20.6535,0.0],[-78.5785,20.6599,0.0],[-78.579,20.6554,0.1518],[-78.5826,20.6537,0.2864],[-78.5868,20.654,0.0654],[-78.5876,20.6588,0.0],[-78.5893,20.659,0.0],[-78.5896,20.6537,0.0],[-78.5915,20.6585,0.0],[-78.594,20.6588,0.0],[-78.5954,20.6563,0.0],[-78.5935,20.6549,0.389],[-78.5957,20.6537,0.0],[-78.5968,20.6499,0.4381],[-78.5993,20.6535,0.0],[-78.6029,20.6529,0.359],[-78.6018,20.6568,0.0],[-78.6065,20.6579,0.0],[-78.606,20.6546,0.6182],[-78.6074,20.6549,0.232],[-78.6071,20.6604,0.3785],[-78.6118,20.6624,0.0],[-78.6132,20.6604,0.0],[-78.6104,20.659,0.21],[-78.6129,20.6574,0.1209],[-78.6157,20.6579,0.0],[-78.6157,20.6593,0.0],[-78.6176,20.6582,0.212],[-78.6176,20.6604,0.2625],[-78.621,20.659,0.3715],[-78.6232,20.6599,0.0],[-78.6265,20.6576,0.0],[-78.6335,20.659,0.0],[-78.6401,20.6579,0.229],[-78.6432,20.6599,0.172],[-78.6457,20.6571,0.0],[-78.6518,20.6568,0.0],[-78.6518,20.6543,0.0],[-78.6549,20.6576,0.1179],[-78.6657,20.6604,0.4287],[-78.6635,20.6635,0.0],[-78.6657,20.6643,0.0],[-78.6665,20.6629,0.3378],[-78.6685,20.6654,0.0],[-78.684,20.6632,0.1271],[-78.6874,20.659,0.0],[-78.6937,20.6563,0.3246],[-78.699,20.6574,0.0],[-78.6985,20.6593,0.0],[-78.7024,20.6579,0.4724],[-78.7012,20.661,0.0],[-78.7057,20.661,0.6455],[-78.7079,20.6646,0.3025],[-78.7104,20.6638,0.2452]]],
[[[-78.6454,20.6629,0.0],[-78.6457,20.6638,0.0],[-78.6485,20.6643,0.2442],[-78.6471,20.6626,0.0],[-78.6454,20.6629,0.0]]],
[[[-78.6507,20.664,0.0],[-78.649,20.664,0.2442],[-78.6485,20.6657,0.0],[-78.6515,20.6651,0.0],[-78.6507,20.664,0.0]]],
[[[-78.7196,20.6688,0.0],[-78.7226,20.6699,0.0],[-78.7237,20.6665,0.0],[-78.7199,20.6665,0.0],[-78.7168,20.6643,0.0],[-78.7171,20.6699,0.0],[-78.7196,20.6688,0.0]]],
[[[-78.6571,20.6668,0.0],[-78.6576,20.669,0.0],[-78.6637,20.6688,0.0],[-78.6607,20.6676,0.0],[-78.661,20.6657,0.0],[-78.6571,20.6668,0.0]]],
[[[-78.6624,20.674,0.0],[-78.666,20.6743,0.0951],[-78.6674,20.6712,0.0],[-78.6588,20.6724,0.1491],[-78.6624,20.674,0.0]]],
[[[-78.6707,20.6729,0.1739],[-78.6701,20.6751,0.0],[-78.6732,20.6738,0.0],[-78.6735,20.6721,0.176],[-78.6715,20.6721,0.1739],[-78.6707,20.6729,0.1739]]],
[[[-78.6774,20.6732,0.0],[-78.6754,20.679,0.0],[-78.6782,20.6774,0.0],[-78.681,20.6782,0.0],[-78.6793,20.676,0.0],[-78.6779,20.6765,0.3345],[-78.6787,20.6749,0.0],[-78.6774,20.6732,0.0]]],
[[[-78.6832,20.6799,0.0],[-78.6821,20.679,0.0],[-78.6821,20.6815,0.0],[-78.684,20.6815,0.0],[-78.6832,20.6799,0.0]]],
[[[-78.7251,20.7049,0.7217],[-78.7262,20.704,0.0],[-78.7279,20.7054,0.0],[-78.7279,20.7035,0.1408],[-78.7301,20.7032,0.2139],[-78.7301,20.7007,0.0],[-78.7432,20.6971,0.4207],[-78.749,20.7015,0.0],[-78.7499,20.6985,0.7708],[-78.7513,20.6988,0.0],[-78.7524,20.6968,0.8521],[-78.7529,20.6901,1.2203],[-78.7504,20.686,1.0635],[-78.7521,20.681,0.6544],[-78.751,20.6779,0.1628],[-78.7482,20.6782,0.7582],[-78.7476,20.6757,0.0],[-78.7429,20.6721,1.1833],[-78.7399,20.6743,0.5044],[-78.7351,20.6746,0.834],[-78.7301,20.6707,1.0128],[-78.7293,20.6679,0.0],[-78.726,20.6668,0.0],[-78.7249,20.6671,0.0],[-78.7254,20.671,0.0],[-78.7218,20.6732,0.0],[-78.7232,20.6738,0.0],[-78.7224,20.6762,0.1233],[-78.7243,20.6765,0.1049],[-78.7254,20.6738,0.4193],[-78.7279,20.6746,0.0],[-78.7268,20.6757,0.0],[-78.7279,20.6768,0.0],[-78.7288,20.6749,0.1098],[-78.7301,20.6751,0.1098],[-78.7318,20.6779,0.0],[-78.7357,20.676,0.3164],[-78.7376,20.6804,0.0],[-78.7354,20.6829,0.1],[-78.7321,20.6824,0.0],[-78.7318,20.684,0.0],[-78.7332,20.6851,0.0],[-78.7363,20.6835,0.1],[-78.7368,20.6851,0.0],[-78.7432,20.6857,0.0],[-78.7451,20.6846,0.862],[-78.7468,20.6896,0.1365],[-78.741,20.691,0.0],[-78.7399,20.6949,0.0],[-78.7349,20.6965,0.1485],[-78.7312,20.6999,0.1207],[-78.7251,20.699,0.0],[-78.726,20.7029,0.6902],[-78.7235,20.7043,0.0],[-78.7251,20.7049,0.7217]]],
[[[-78.7226,20.6871,0.247],[-78.7218,20.691,0.0],[-78.7279,20.689,0.0],[-78.724,20.6879,0.247],[-78.7251,20.6832,0.1571],[-78.7235,20.6824,0.0],[-78.7213,20.6854,0.0],[-78.7226,20.6871,0.247]]],
[[[-78.6815,20.6885,0.0],[-78.681,20.6899,0.418],[-78.6865,20.6899,0.0],[-78.6851,20.6871,0.0],[-78.6815,20.6885,0.0]]],
[[[-78.6204,20.7049,0.0],[-78.6199,20.7071,0.0],[-78.6232,20.7062,0.1027],[-78.6268,20.7012,0.5839],[-78.6243,20.7004,0.0],[-78.6204,20.7049,0.0]]],
[[[-78.7501,20.7071,0.0],[-78.7507,20.7043,0.4017],[-78.7496,20.704,0.4017],[-78.7487,20.7071,0.0],[-78.7501,20.7071,0.0]]],
[[[-78.7432,20.7068,0.0],[-78.7432,20.7085,0.0],[-78.7451,20.709,0.0],[-78.7479,20.7054,0.0],[-78.7468,20.7051,0.0],[-78.7432,20.7068,0.0]]],
[[[-78.7221,20.7088,0.3294],[-78.7215,20.7104,0.0],[-78.7237,20.711,0.0896],[-78.7268,20.7071,0.0],[-78.7221,20.706,0.1599],[-78.7237,20.7079,0.0],[-78.7221,20.7088,0.3294]]],
[[[-78.6771,20.7085,0.0],[-78.6757,20.7074,0.8425],[-78.6757,20.7101,2.1181],[-78.6779,20.7101,1.487],[-78.6771,20.7085,0.0]]],
[[[-78.7382,20.709,0.0],[-78.7365,20.7101,0.0],[-78.7368,20.7126,0.0719],[-78.741,20.7124,0.0],[-78.7429,20.7085,0.0],[-78.7407,20.7076,0.0],[-78.7382,20.709,0.0]]],
[[[-78.7193,20.7132,0.5561],[-78.7207,20.7149,0.6972],[-78.7237,20.714,0.8937],[-78.7179,20.7082,0.0],[-78.7179,20.711,0.0],[-78.7193,20.7132,0.5561]]],
[[[-78.7249,20.7118,0.0],[-78.7282,20.7129,0.453],[-78.7282,20.7113,0.2399],[-78.7251,20.7107,0.0],[-78.7249,20.7118,0.0]]],
[[[-78.4793,20.6671,0.0],[-78.4788,20.6654,0.0],[-78.4762,20.669,0.0],[-78.4771,20.669,0.0],[-78.4793,20.6671,0.0]]],
[[[-78.454,20.6707,0.0],[-78.4587,20.671,0.0],[-78.4574,20.6682,0.0],[-78.4524,20.671,0.0],[-78.454,20.6707,0.0]]],
[[[-78.4974,20.6721,0.0],[-78.4987,20.6735,0.0],[-78.5001,20.6726,0.0],[-78.4976,20.671,0.0],[-78.4974,20.6721,0.0]]],
[[[-78.4604,20.6715,0.0],[-78.4587,20.6726,0.8288],[-78.459,20.674,0.0],[-78.4615,20.6735,0.0],[-78.4604,20.6715,0.0]]],
[[[-78.4779,20.6762,0.0],[-78.4768,20.6779,0.0],[-78.4799,20.6768,0.0],[-78.4796,20.676,0.0],[-78.4779,20.6762,0.0]]],
[[[-78.4685,20.6771,1.4986],[-78.4674,20.6765,0.0],[-78.4671,20.6793,0.0],[-78.4701,20.6782,0.0],[-78.4685,20.6771,1.4986]]],
[[[-78.5088,20.686,0.0],[-78.5082,20.6838,0.0],[-78.5057,20.6838,0.0],[-78.5057,20.6871,0.0],[-78.5088,20.686,0.0]]],
[[[-78.5137,20.6901,0.0],[-78.5137,20.6918,0.0],[-78.5182,20.6918,0.0],[-78.5174,20.6896,0.0],[-78.5137,20.6901,0.0]]],
[[[-78.384,20.6938,0.0],[-78.3879,20.6949,0.3785],[-78.3868,20.6929,0.0],[-78.3901,20.6896,0.6386],[-78.3882,20.6849,0.1963],[-78.3904,20.679,0.0],[-78.3882,20.6793,0.6569],[-78.3868,20.6774,0.0],[-78.3857,20.6796,0.3628],[-78.3824,20.6787,0.3802],[-78.3788,20.6754,0.1278],[-78.3796,20.674,0.1278],[-78.3779,20.6721,0.3719],[-78.3826,20.6715,0.0],[-78.381,20.6696,0.1679],[-78.3779,20.6696,0.3829],[-78.376,20.6732,0.0],[-78.3776,20.6746,0.0],[-78.3774,20.6779,1.3716],[-78.3801,20.6804,0.4551],[-78.3779,20.6863,0.0],[-78.384,20.6938,0.0]]],
[[[-78.3668,20.6829,0.0],[-78.3668,20.6854,2.8924],[-78.3685,20.686,0.0],[-78.3688,20.6849,0.0],[-78.3668,20.6829,0.0]]],
[[[-78.3968,20.6932,1.27],[-78.4007,20.6943,0.2221],[-78.396,20.6899,0.5944],[-78.3974,20.684,0.0],[-78.3932,20.6876,3.3204],[-78.3949,20.6921,1.27],[-78.3968,20.6932,1.27]]],
[[[-78.4337,20.6974,0.0],[-78.4354,20.699,0.0],[-78.4365,20.6957,0.2694],[-78.4346,20.6954,0.0],[-78.4337,20.6974,0.0]]],
[[[-78.5521,20.6938,0.692],[-78.5537,20.6965,0.7536],[-78.5571,20.6943,1.9236],[-78.5565,20.6926,0.3576],[-78.5521,20.6938,0.692]]],
[[[-78.5099,20.6974,0.0],[-78.5113,20.6993,0.0],[-78.5137,20.696,0.3624],[-78.5121,20.6957,0.2277],[-78.5099,20.6974,0.0]]],
[[[-78.4785,20.7171,0.4231],[-78.4882,20.7179,0.2093],[-78.4893,20.7162,0.2557],[-78.4879,20.7155,0.2557],[-78.4907,20.7132,0.0],[-78.4885,20.7096,0.4435],[-78.4921,20.7093,0.0],[-78.4929,20.7071,0.1672],[-78.4979,20.7126,0.0],[-78.5032,20.7121,0.0],[-78.5062,20.7079,0.3173],[-78.5088,20.7088,0.4856],[-78.5096,20.7124,0.0],[-78.5126,20.7101,0.1114],[-78.5135,20.7065,0.6575],[-78.5165,20.7071,0.0],[-78.5199,20.7038,0.2403],[-78.5215,20.704,0.0],[-78.5174,20.7024,0.7733],[-78.5174,20.699,0.0705],[-78.5126,20.6996,0.1467],[-78.5113,20.7018,0.1989],[-78.509,20.6993,0.0887],[-78.5071,20.7021,0.3497],[-78.5029,20.7032,0.2142],[-78.4987,20.7018,0.0],[-78.4954,20.7026,0.4277],[-78.4951,20.701,0.1533],[-78.4907,20.7032,0.4323],[-78.4887,20.7024,0.0],[-78.4885,20.7051,0.0],[-78.4868,20.706,0.2449],[-78.4871,20.7029,0.0943],[-78.4837,20.704,0.2394],[-78.4776,20.6968,0.0],[-78.4676,20.6932,0.0],[-78.4662,20.6838,0.708],[-78.4674,20.6799,0.0],[-78.4632,20.679,0.1834],[-78.4626,20.6826,0.0],[-78.4649,20.6829,0.0],[-78.4651,20.694,0.0],[-78.4718,20.6951,0.0],[-78.476,20.6976,0.2687],[-78.4746,20.7004,0.3374],[-78.4779,20.6999,0.5451],[-78.4815,20.7024,0.6321],[-78.4804,20.7065,0.0],[-78.4829,20.709,0.2083],[-78.4785,20.7115,0.0],[-78.4821,20.7165,0.422],[-78.4785,20.7171,0.4231]]],
[[[-78.5771,20.6996,0.0],[-78.5762,20.7018,2.0498],[-78.5796,20.7001,0.0],[-78.579,20.699,0.0],[-78.5771,20.6996,0.0]]],
[[[-78.0279,20.6882,0.0],[-78.0315,20.6893,0.0],[-78.0324,20.6871,2.2433],[-78.0301,20.6857,0.0],[-78.0279,20.6882,0.0]]],
[[[-78.0885,20.6968,0.0],[-78.0896,20.6985,0.0],[-78.0929,20.6918,0.0],[-78.0912,20.6865,0.0],[-78.0888,20.6874,0.0],[-78.091,20.6904,0.0],[-78.0885,20.6968,0.0]]],
[[[-78.0849,20.701,0.1083],[-78.0865,20.7024,0.0],[-78.0874,20.7021,0.0],[-78.0843,20.699,0.1339],[-78.0849,20.701,0.1083]]],
[[[-78.0813,20.7149,1.6192],[-78.0862,20.716,0.6259],[-78.0849,20.7126,0.0],[-78.086,20.7107,0.9806],[-78.0849,20.7079,0.0],[-78.0835,20.7079,0.4344],[-78.084,20.7043,0.0],[-78.0807,20.7049,0.0],[-78.0813,20.709,0.2532],[-78.0796,20.7135,0.0],[-78.0813,20.7149,1.6192]]],
[[[-78.1243,20.7121,0.0],[-78.1299,20.7129,0.0],[-78.1315,20.7096,0.7073],[-78.1282,20.7093,0.4834],[-78.1285,20.7071,0.0],[-78.1301,20.7068,0.0],[-78.1293,20.7051,0.0],[-78.1232,20.7043,0.27],[-78.1215,20.7054,0.27],[-78.1212,20.7096,1.0374],[-78.1243,20.7121,0.0]]],
[[[-78.2487,20.7138,0.0],[-78.2501,20.715699999999998,0.0],[-78.251,20.7107,0.0],[-78.254,20.7118,0.4362],[-78.2532,20.7151,1.1975],[-78.2568,20.7143,0.2667],[-78.2549,20.7115,0.4362],[-78.2568,20.7079,0.6889],[-78.256,20.7057,0.3016],[-78.249,20.7074,0.515],[-78.2474,20.7101,0.0],[-78.2487,20.7138,0.0]]],
[[[-78.1349,20.716,0.0],[-78.1351,20.719,0.0],[-78.1354,20.7138,0.0],[-78.1371,20.7126,0.0],[-78.1349,20.7124,0.1629],[-78.136,20.7079,0.0],[-78.134,20.7054,0.0],[-78.1326,20.7065,0.3384],[-78.1338,20.7126,0.1629],[-78.1324,20.7146,0.0997],[-78.1349,20.716,0.0]]],
[[[-78.1482,20.7132,0.8843],[-78.1507,20.715699999999998,1.0765],[-78.151,20.7174,0.0],[-78.156,20.7174,0.0],[-78.156,20.7138,0.0],[-78.1576,20.7135,0.0],[-78.1554,20.711,0.0],[-78.1529,20.7118,0.0],[-78.1504,20.7082,0.0],[-78.1501,20.7115,1.0462],[-78.1485,20.711,0.0],[-78.1482,20.7132,0.8843]]],
[[[-78.144,20.7124,0.3964],[-78.1432,20.7138,0.0],[-78.1435,20.7151,0.0],[-78.1462,20.7129,0.0],[-78.144,20.7124,0.3964]]],
[[[-78.1382,20.7174,0.0],[-78.1376,20.7196,0.0],[-78.1396,20.7201,0.0],[-78.1393,20.7176,0.0],[-78.1424,20.7124,0.0],[-78.1387,20.7115,0.0],[-78.1396,20.714,0.0],[-78.1382,20.7174,0.0]]],
[[[-78.1496,20.7179,0.4831],[-78.1493,20.7146,0.446],[-78.1454,20.7165,0.0],[-78.151,20.7251,0.0],[-78.1543,20.7201,0.0],[-78.1496,20.7179,0.4831]]],
[[[-78.1421,20.7201,0.0],[-78.1421,20.7226,0.0],[-78.1449,20.7218,0.0],[-78.1446,20.7201,0.0],[-78.1421,20.7201,0.0]]],
[[[-78.1801,20.7921,0.0],[-78.1815,20.7935,1.307],[-78.1813,20.7896,0.766],[-78.1849,20.7885,0.0],[-78.1832,20.7846,0.0],[-78.1807,20.784,0.8743],[-78.1815,20.7812,0.7607],[-78.1765,20.7779,0.9996],[-78.1738,20.7796,0.0],[-78.174,20.7821,0.0],[-78.1751,20.7829,0.0],[-78.1774,20.7807,1.419],[-78.1785,20.7854,0.4332],[-78.1757,20.7885,0.649],[-78.1801,20.7921,0.0]]],
[[[-78.1718,20.7876,0.0],[-78.1721,20.7885,0.0],[-78.1732,20.7893,0.0],[-78.1715,20.7862,0.0],[-78.1718,20.7876,0.0]]],
[[[-78.2265,20.8018,1.5519],[-78.2285,20.804,0.0],[-78.229,20.8018,1.1762],[-78.2312,20.8018,1.0442],[-78.231,20.8035,0.0],[-78.2357,20.8029,0.0],[-78.234,20.801,0.7854],[-78.2304,20.8004,0.5289],[-78.2299,20.7988,1.277],[-78.2326,20.8001,0.3406],[-78.234,20.7965,1.3015],[-78.2332,20.7946,0.5726],[-78.236,20.7951,0.805],[-78.2385,20.7921,0.3514],[-78.2404,20.7938,0.0],[-78.2435,20.7907,1.2315],[-78.246,20.7918,1.5755],[-78.2482,20.7888,0.3586],[-78.2471,20.7851,0.0],[-78.2457,20.7846,0.5169],[-78.2454,20.7868,1.2213],[-78.2426,20.7871,1.3746],[-78.2415,20.7893,1.6695],[-78.239,20.786,0.6699],[-78.2385,20.7818,0.0],[-78.2365,20.7832,1.7633],[-78.234,20.7824,0.0],[-78.2326,20.7851,1.0299],[-78.2304,20.7845,1.0777],[-78.2312,20.7868,0.9248],[-78.2293,20.7874,1.4669],[-78.2293,20.7913,1.3368],[-78.2251,20.7907,0.0],[-78.2265,20.8018,1.5519]]],
[[[-78.2465,20.7996,0.519],[-78.2465,20.8024,0.0],[-78.251,20.8024,0.3635],[-78.251,20.8004,0.0],[-78.2487,20.8007,1.228],[-78.2479,20.7976,0.4818],[-78.2457,20.7988,0.519],[-78.2465,20.7996,0.519]]],
[[[-78.401,20.7332,0.0],[-78.4046,20.734,0.0],[-78.4035,20.7315,0.0],[-78.4051,20.7282,0.5585],[-78.404,20.7271,0.5585],[-78.4004,20.7279,0.0],[-78.401,20.7304,0.0],[-78.4029,20.7296,0.2223],[-78.4004,20.7324,0.0],[-78.401,20.7332,0.0]]],
[[[-78.4218,20.7318,0.0],[-78.424,20.7329,0.1292],[-78.4246,20.7301,0.2842],[-78.4226,20.7307,0.0],[-78.4235,20.7324,0.5627],[-78.4218,20.7318,0.0]]],
[[[-78.3804,20.7379,0.0],[-78.379,20.7421,0.0],[-78.3832,20.7412,0.0],[-78.3874,20.7374,0.0],[-78.3871,20.736,0.1693],[-78.3887,20.7382,0.0],[-78.3918,20.7363,0.0],[-78.3932,20.7396,0.0],[-78.3957,20.7396,0.0],[-78.3974,20.734,0.0],[-78.3949,20.7307,0.0963],[-78.3935,20.7346,0.6295],[-78.3863,20.7346,0.4061],[-78.3835,20.7374,0.4978],[-78.3804,20.7379,0.0]]],
[[[-78.3299,20.7535,0.0],[-78.3321,20.7554,0.0],[-78.3318,20.7532,0.0],[-78.3343,20.7526,0.0],[-78.3346,20.751,0.0],[-78.3313,20.7499,0.0],[-78.3313,20.7512,2.1037],[-78.3293,20.7515,0.6701],[-78.3299,20.7535,0.0]]],
[[[-78.166,20.7229,0.0],[-78.1657,20.7251,2.2837],[-78.1671,20.7263,0.0],[-78.1679,20.7246,0.0],[-78.166,20.7229,0.0]]],
[[[-78.2496,20.736,0.4914],[-78.2515,20.7385,0.5506],[-78.2529,20.7351,0.0],[-78.2499,20.7343,0.5315],[-78.2496,20.736,0.4914]]],
[[[-78.2524,20.754,0.0],[-78.2535,20.7554,0.8197],[-78.2601,20.7554,0.6215],[-78.2615,20.7538,0.0],[-78.2593,20.754,0.6215],[-78.2596,20.7521,0.7314],[-78.2582,20.7515,0.0],[-78.2582,20.7546,0.5901],[-78.2568,20.7526,0.3689],[-78.254,20.7538,0.8197],[-78.2551,20.751,0.0],[-78.2535,20.751,0.0],[-78.2524,20.7471,0.9174],[-78.2504,20.7474,1.1354],[-78.251,20.7415,0.3072],[-78.2485,20.7387,0.6329],[-78.2487,20.736,0.8761],[-78.2438,20.7357,0.0],[-78.2468,20.7465,1.0826],[-78.2524,20.754,0.0]]],
[[[-78.2582,20.7693,0.4261],[-78.2601,20.7707,0.0],[-78.259,20.7679,0.9697],[-78.2551,20.7665,0.0],[-78.2546,20.7646,1.2061],[-78.2571,20.7654,0.0],[-78.2543,20.7632,0.5517],[-78.2579,20.7576,0.7016],[-78.2529,20.7565,0.0],[-78.2515,20.7576,0.6812],[-78.2501,20.7524,0.4394],[-78.2482,20.7532,0.4407],[-78.244,20.7457,0.0],[-78.2438,20.7507,0.0],[-78.2465,20.7532,0.8566],[-78.2487,20.7593,0.0],[-78.2504,20.7593,0.2297],[-78.2493,20.761,0.2014],[-78.2562,20.769,0.0],[-78.2582,20.7693,0.4261]]],
[[[-78.2715,20.7496,1.3215],[-78.2749,20.7515,0.3384],[-78.2757,20.7468,0.0],[-78.2704,20.7457,0.0],[-78.2715,20.7496,1.3215]]],
[[[-78.2599,20.7504,0.0],[-78.261,20.7526,0.7314],[-78.2629,20.7526,0.2451],[-78.2643,20.7499,0.0],[-78.2657,20.7518,0.6733],[-78.2674,20.7515,0.0],[-78.2649,20.7488,0.0],[-78.2615,20.7512,0.3878],[-78.259,20.7479,0.0],[-78.2599,20.7504,0.0]]],
[[[-78.2999,20.7557,0.304],[-78.299,20.7582,0.4777],[-78.3004,20.7585,0.0],[-78.3018,20.7501,0.0],[-78.2993,20.7512,0.0],[-78.2999,20.7557,0.304]]],
[[[-78.2754,20.7554,0.0],[-78.2785,20.7565,0.5019],[-78.2765,20.7538,0.5538],[-78.2749,20.7543,0.0],[-78.2754,20.7554,0.0]]],
[[[-78.2418,20.7713,0.7502],[-78.2454,20.7721,0.3576],[-78.2454,20.7696,0.0],[-78.2424,20.7701,1.1595],[-78.2479,20.7638,0.0],[-78.2443,20.7643,0.0],[-78.2438,20.7663,0.3914],[-78.2393,20.7679,0.3413],[-78.2393,20.7654,0.6438],[-78.2415,20.7654,1.1062],[-78.2432,20.7618,0.5814],[-78.2435,20.7574,0.3357],[-78.2401,20.7532,0.0],[-78.2379,20.7549,0.8262],[-78.2343,20.7538,1.6641],[-78.2329,20.7501,0.0],[-78.2274,20.7582,1.0865],[-78.2299,20.7626,0.0],[-78.2288,20.7665,0.8134],[-78.2318,20.769,0.0],[-78.2351,20.7674,0.0],[-78.2351,20.7719,0.503],[-78.2418,20.7713,0.7502]]],
[[[-78.2224,20.7624,0.3784],[-78.2251,20.7657,0.0],[-78.2254,20.7604,0.0],[-78.2237,20.7596,0.0],[-78.2224,20.7624,0.3784]]],
[[[-78.1871,20.7765,0.8913],[-78.1882,20.7787,0.3286],[-78.1904,20.7787,2.5089],[-78.1971,20.7704,1.0117],[-78.2004,20.7713,0.0],[-78.2054,20.7685,1.6554],[-78.2076,20.7687,1.096],[-78.2079,20.7713,0.0],[-78.2096,20.7718,0.0],[-78.2101,20.7671,0.0],[-78.2171,20.7635,1.2838],[-78.2171,20.7529,0.631],[-78.2132,20.7518,0.0],[-78.2099,20.7579,2.0968],[-78.2063,20.7585,0.0],[-78.2012,20.7515,0.0],[-78.2015,20.7607,1.5219],[-78.1868,20.7724,0.0],[-78.1871,20.7765,0.8913]]],
[[[-78.2193,20.7646,0.0],[-78.2199,20.7665,0.3484],[-78.2221,20.7665,0.0],[-78.2221,20.7646,0.0],[-78.2193,20.7646,0.0]]],
[[[-78.3149,20.7576,0.0],[-78.3149,20.761,0.4011],[-78.3171,20.7607,0.0],[-78.3163,20.7579,0.0],[-78.3149,20.7576,0.0]]],
[[[-78.299,20.7618,0.0],[-78.2971,20.7601,0.0],[-78.2962,20.7629,0.4623],[-78.2976,20.7629,0.4623],[-78.299,20.7618,0.0]]],
[[[-78.2976,20.7635,0.4623],[-78.2971,20.7649,1.0641],[-78.2993,20.7657,0.0],[-78.2993,20.7635,0.0],[-78.2976,20.7635,0.4623]]],
[[[-78.2979,20.769,0.899],[-78.2968,20.7718,2.8985],[-78.299,20.7729,0.0],[-78.2996,20.7701,0.0],[-78.2979,20.769,0.899]]],
[[[-78.3043,20.7743,0.0],[-78.3049,20.776,0.0],[-78.3065,20.7757,0.0],[-78.3049,20.7729,0.9892],[-78.3054,20.769,1.0422],[-78.3032,20.7674,0.0],[-78.3024,20.7726,1.3335],[-78.3043,20.7743,0.0]]],
[[[-78.2787,20.7757,0.0],[-78.2801,20.7771,0.0],[-78.2787,20.7721,1.4932],[-78.2821,20.7707,0.0],[-78.2796,20.769,0.5876],[-78.2793,20.7663,0.0],[-78.2765,20.7671,0.1623],[-78.2763,20.7685,0.1623],[-78.2782,20.7693,0.5876],[-78.2779,20.771,1.0963],[-78.276,20.7713,0.4426],[-78.2787,20.7757,0.0]]],
[[[-78.2726,20.7735,0.3089],[-78.2737,20.776,0.0],[-78.2754,20.7751,0.5475],[-78.2732,20.7715,0.0],[-78.2726,20.7735,0.3089]]],
[[[-78.2576,20.7746,0.0],[-78.2565,20.7746,0.0],[-78.2571,20.7771,0.0],[-78.2585,20.776,0.235],[-78.2576,20.7746,0.0]]],
[[[-78.2254,20.7699,0.0],[-78.2262,20.7724,0.0],[-78.2268,20.7676,0.0],[-78.2246,20.7682,0.0],[-78.2243,20.7701,0.0],[-78.2254,20.7699,0.0]]],
[[[-78.2454,20.7771,0.8488],[-78.2493,20.7782,0.0],[-78.2476,20.7757,0.5061],[-78.2487,20.7718,0.2522],[-78.2462,20.7735,0.3576],[-78.2385,20.7738,0.6404],[-78.2426,20.776,0.3419],[-78.244,20.7751,1.1772],[-78.2454,20.7771,0.8488]]],
[[[-78.249,20.7763,0.7751],[-78.2507,20.7776,0.0],[-78.2526,20.7771,0.8407],[-78.2504,20.7746,0.5466],[-78.249,20.7763,0.7751]]],
[[[-78.1874,20.784,0.0],[-78.1885,20.7857,0.0],[-78.1896,20.7854,0.0],[-78.1876,20.7829,0.0],[-78.1874,20.784,0.0]]],
[[[-78.254,20.776,1.3823],[-78.2546,20.7801,0.0],[-78.2557,20.776,0.0],[-78.2535,20.774,0.4822],[-78.254,20.776,1.3823]]],
[[[-78.2971,20.7807,0.7352],[-78.2999,20.7824,0.0],[-78.2996,20.7793,0.2631],[-78.3018,20.7779,0.4325],[-78.2979,20.7738,0.5733],[-78.2962,20.7768,1.1374],[-78.2971,20.7807,0.7352]]],
[[[-78.2737,20.7796,0.5091],[-78.2754,20.781,0.0],[-78.2765,20.7787,0.0],[-78.2735,20.7787,0.0],[-78.2737,20.7796,0.5091]]],
[[[-78.306,20.7849,0.0],[-78.3076,20.786,0.0],[-78.3054,20.7818,0.0],[-78.3051,20.7835,0.0],[-78.306,20.7849,0.0]]],
[[[-78.2979,20.7857,0.2745],[-78.3018,20.7871,0.0],[-78.3007,20.784,0.3583],[-78.2965,20.7829,0.0],[-78.2979,20.7857,0.2745]]],
[[[-78.2807,20.7929,0.0],[-78.2815,20.7918,1.5521],[-78.2821,20.7935,0.0],[-78.2835,20.7932,0.0],[-78.2824,20.7904,0.0],[-78.2765,20.7893,0.0],[-78.2774,20.7918,0.0],[-78.2807,20.7929,0.0]]],
[[[-78.2613,20.8021,1.9266],[-78.2643,20.8051,0.0],[-78.2637,20.8029,1.3558],[-78.266,20.8018,0.0],[-78.2624,20.8001,0.0],[-78.2613,20.8021,1.9266]]],
[[[-78.2632,20.8107,0.4546],[-78.2663,20.8121,0.0],[-78.2676,20.8104,0.4576],[-78.2668,20.8074,0.562],[-78.2679,20.8057,0.0],[-78.2665,20.804,0.607],[-78.2649,20.8046,0.0],[-78.2651,20.8071,0.7808],[-78.2615,20.8068,0.0],[-78.2632,20.8107,0.4546]]],
[[[-78.2379,20.8018,0.3768],[-78.2429,20.8029,0.4763],[-78.2429,20.8013,0.0],[-78.2407,20.801,0.0],[-78.2399,20.799,0.6758],[-78.2376,20.799,0.5135],[-78.2379,20.8018,0.3768]]],
[[[-78.2401,20.8137,0.0],[-78.2443,20.814,0.0],[-78.2399,20.8124,0.0],[-78.2421,20.8096,2.5947],[-78.241,20.8057,0.0],[-78.236,20.804,0.7497],[-78.2268,20.8054,0.0],[-78.2274,20.8087,1.0927],[-78.236,20.8099,0.5713],[-78.2401,20.8137,0.0]]],
[[[-78.2601,20.8196,0.0],[-78.2626,20.8213,0.0],[-78.2632,20.814,0.0],[-78.2657,20.8143,0.0],[-78.2624,20.8113,0.0],[-78.2613,20.8126,1.8519],[-78.2574,20.8124,0.0],[-78.2574,20.8163,0.0],[-78.2601,20.8196,0.0]]],
[[[-78.2615,20.8274,0.0],[-78.2637,20.8288,0.0],[-78.2618,20.8235,0.0],[-78.251,20.8154,0.0],[-78.249,20.819,0.0],[-78.2557,20.8235,0.4419],[-78.2585,20.8276,0.0],[-78.2615,20.8274,0.0]]],
[[[-78.3037,20.8565,0.5969],[-78.301,20.8563,0.6073],[-78.3004,20.8582,0.9007],[-78.3043,20.8579,0.0],[-78.3037,20.8565,0.5969]]],
[[[-78.3037,20.8613,2.1088],[-78.3057,20.859,0.0],[-78.3024,20.8601,0.0],[-78.3021,20.8618,0.0],[-78.3037,20.8613,2.1088]]],
[[[-78.3346,20.7571,0.0],[-78.3346,20.7579,0.0],[-78.336,20.7596,0.0],[-78.3349,20.7551,0.0],[-78.3346,20.7571,0.0]]],
[[[-78.349,20.8615,0.0],[-78.3504,20.8632,0.0],[-78.3526,20.8604,0.0],[-78.351,20.8599,0.0],[-78.349,20.8615,0.0]]],
[[[-78.3501,20.9071,0.5304],[-78.3496,20.9099,0.0],[-78.3515,20.9074,0.5304],[-78.3546,20.9082,0.8585],[-78.3532,20.906,0.0],[-78.3501,20.9071,0.5304]]],
[[[-78.4329,20.9468,0.0],[-78.4315,20.9479,0.4458],[-78.4321,20.9504,2.9163],[-78.4368,20.9479,0.898],[-78.4351,20.9463,0.0],[-78.4329,20.9468,0.0]]],
[[[-78.5521,20.7007,3.2915],[-78.5521,20.7035,1.7767],[-78.5554,20.7046,0.5547],[-78.5585,20.7001,0.0],[-78.5551,20.6999,0.0],[-78.5521,20.7007,3.2915]]],
[[[-78.5229,20.7059,0.1597],[-78.5237,20.7074,0.0],[-78.5287,20.7076,0.0],[-78.5312,20.7071,0.0],[-78.5313,20.7054,0.3546],[-78.5343,20.7063,0.0],[-78.5379,20.704,0.0],[-78.5396,20.706,0.0],[-78.5471,20.7068,0.2953],[-78.5496,20.7035,0.0],[-78.5421,20.7038,1.2602],[-78.5379,20.7001,0.0],[-78.5349,20.7012,0.598],[-78.5282,20.7004,0.0],[-78.5274,20.7038,0.4214],[-78.5229,20.7026,0.0],[-78.5229,20.7059,0.1597]]],
[[[-78.5782,20.7162,1.7321],[-78.5807,20.7176,0.0654],[-78.586,20.7165,0.0],[-78.5865,20.7118,0.0],[-78.5849,20.711,0.0],[-78.5826,20.7132,0.0],[-78.5799,20.7129,0.069],[-78.5796,20.7082,0.0],[-78.576,20.7021,0.2537],[-78.5724,20.7057,0.1847],[-78.5701,20.7113,0.5968],[-78.5782,20.7162,1.7321]]],
[[[-78.594,20.7193,0.0],[-78.5971,20.7204,0.9907],[-78.6024,20.7176,0.289],[-78.6007,20.7143,0.7328],[-78.5982,20.7171,1.7029],[-78.5968,20.7151,0.0],[-78.5979,20.7126,0.263],[-78.6004,20.7118,1.1843],[-78.6004,20.7088,0.4972],[-78.604,20.7071,0.0],[-78.6038,20.7057,0.4005],[-78.5993,20.7074,0.2805],[-78.5987,20.7101,0.4972],[-78.5937,20.714,0.3443],[-78.5907,20.7124,0.5373],[-78.5907,20.7107,0.0],[-78.5888,20.7113,0.9317],[-78.5901,20.7168,0.0],[-78.594,20.7193,0.0]]],
[[[-78.6126,20.714,0.0],[-78.6132,20.716,0.0],[-78.6154,20.716,0.0],[-78.6182,20.7096,0.7872],[-78.6171,20.7093,0.0],[-78.6126,20.714,0.0]]],
[[[-78.679,20.7126,0.0],[-78.6774,20.7124,2.2876],[-78.6762,20.7138,0.0],[-78.6787,20.714,0.0],[-78.679,20.7126,0.0]]],
[[[-78.6274,20.7254,1.3974],[-78.6265,20.7274,0.0],[-78.6279,20.7279,1.9564],[-78.6349,20.7218,1.2164],[-78.6318,20.7151,0.0],[-78.6282,20.7188,0.3051],[-78.6299,20.721,0.5661],[-78.6274,20.7254,1.3974]]],
[[[-78.6729,20.7218,0.0],[-78.6718,20.7224,0.0],[-78.6726,20.7237,0.0],[-78.6757,20.7224,0.0],[-78.6754,20.7215,0.0],[-78.6729,20.7218,0.0]]],
[[[-78.4068,20.7084,3.6777],[-78.4085,20.7121,0.0],[-78.4085,20.7021,3.3364],[-78.4057,20.6946,0.0],[-78.4026,20.6935,0.0],[-78.404,20.6954,2.9141],[-78.4037,20.6993,2.4547],[-78.4065,20.7029,0.8142],[-78.4046,20.7062,1.0221],[-78.4051,20.7082,0.8061],[-78.4068,20.7084,3.6777]]],
[[[-78.3885,20.7082,2.6968],[-78.3913,20.7096,2.4024],[-78.3971,20.7074,0.0],[-78.3865,20.7068,0.0],[-78.3885,20.7082,2.6968]]],
[[[-78.4132,20.7293,0.0],[-78.4126,20.7318,0.3784],[-78.4157,20.7315,0.2337],[-78.4199,20.7296,0.6474],[-78.4204,20.7276,1.0113],[-78.4221,20.729,0.0],[-78.4238,20.7265,0.7453],[-78.4268,20.7296,0.0],[-78.4293,20.7293,0.2629],[-78.4301,20.7276,0.2044],[-78.4282,20.7279,0.9746],[-78.4265,20.7246,0.393],[-78.4304,20.7226,0.5393],[-78.4313,20.7313,0.2319],[-78.4324,20.7315,0.1962],[-78.4357,20.7232,1.0095],[-78.4371,20.7237,0.2763],[-78.4362,20.7276,0.0],[-78.4421,20.7274,0.0],[-78.4421,20.7243,0.2],[-78.4388,20.7251,0.0],[-78.439,20.7224,0.0],[-78.4418,20.7207,0.4183],[-78.4424,20.7224,0.0],[-78.4446,20.7226,0.2604],[-78.4446,20.7207,0.2963],[-78.439,20.7176,0.1713],[-78.4354,20.7193,0.9275],[-78.4343,20.7171,0.8183],[-78.4301,20.7171,0.6667],[-78.4296,20.7221,0.611],[-78.426,20.724,0.393],[-78.4185,20.7249,0.4954],[-78.4096,20.7171,0.3245],[-78.4121,20.7207,1.3295],[-78.4068,20.7257,0.0],[-78.4068,20.7274,0.0],[-78.4085,20.7304,0.0],[-78.4132,20.7293,0.0]]],
[[[-78.3643,20.7457,0.0],[-78.366,20.7488,0.0],[-78.3704,20.7446,0.1178],[-78.3707,20.7468,0.0],[-78.374,20.7446,0.099],[-78.3751,20.746,0.0],[-78.3771,20.7449,0.0],[-78.3763,20.7418,0.0],[-78.374,20.7435,0.0],[-78.3721,20.7407,0.0],[-78.3662,20.7404,0.0],[-78.3643,20.7354,0.5223],[-78.3685,20.7332,0.3936],[-78.3696,20.7349,0.2003],[-78.3707,20.729,0.2218],[-78.3735,20.7285,0.9804],[-78.3721,20.726,1.6723],[-78.3757,20.7246,1.4661],[-78.3732,20.7176,2.0584],[-78.374,20.7171,2.0584],[-78.3749,20.7193,0.0],[-78.3771,20.7182,0.0],[-78.3757,20.716,2.7641],[-78.376,20.711,2.2022],[-78.381,20.7065,0.8259],[-78.3788,20.7043,0.8872],[-78.3779,20.706,0.7109],[-78.374,20.7049,0.0],[-78.3757,20.7085,0.0],[-78.374,20.7107,0.0],[-78.374,20.7162,0.9158],[-78.3707,20.7168,0.2442],[-78.3724,20.7221,1.8635],[-78.3693,20.7237,0.3944],[-78.3674,20.7285,1.8295],[-78.3657,20.7282,0.0],[-78.3671,20.731,0.8574],[-78.3626,20.7335,0.0],[-78.3604,20.7329,0.3341],[-78.359,20.7351,1.1851],[-78.3643,20.7415,1.0008],[-78.3613,20.7446,0.0],[-78.3643,20.7457,0.0]]],
[[[-78.4768,20.7176,0.1289],[-78.4765,20.7187,0.1289],[-78.4793,20.7196,0.392],[-78.4779,20.7174,0.4231],[-78.4768,20.7176,0.1289]]],
[[[-78.4612,20.7299,0.1194],[-78.4618,20.7326,0.0],[-78.4643,20.7301,0.0],[-78.4671,20.731,0.0],[-78.4682,20.7276,0.4218],[-78.4718,20.7254,0.8594],[-78.4704,20.7201,0.5852],[-78.4726,20.7174,0.7444],[-78.4646,20.7135,0.0],[-78.4604,20.715699999999998,0.5963],[-78.4632,20.716,0.6282],[-78.4612,20.7204,0.2013],[-78.4638,20.7196,0.4468],[-78.4643,20.724,0.623],[-78.4624,20.7243,0.5799],[-78.4607,20.7221,0.4099],[-78.4579,20.7232,0.3611],[-78.4571,20.7218,0.0],[-78.4563,20.7254,0.0],[-78.4587,20.7287,0.4012],[-78.4618,20.7287,0.1309],[-78.4612,20.7299,0.1194]]],
[[[-78.4832,20.731,0.2236],[-78.4832,20.7332,0.225],[-78.4863,20.7332,0.5811],[-78.4887,20.7304,0.2714],[-78.4849,20.7282,0.727],[-78.4801,20.729,0.0],[-78.4826,20.7293,0.5536],[-78.4832,20.731,0.2236]]],
[[[-78.4924,20.7337,0.0],[-78.491,20.7326,0.0757],[-78.4887,20.7349,0.0],[-78.4918,20.7349,0.0],[-78.4924,20.7337,0.0]]],
[[[-78.8157,20.7521,0.0],[-78.8171,20.754,0.0],[-78.8199,20.7535,1.275],[-78.8226,20.7501,2.2336],[-78.8229,20.7468,0.0],[-78.8104,20.7326,0.646],[-78.8054,20.7321,0.6588],[-78.8065,20.7296,0.0],[-78.8029,20.7257,0.2439],[-78.8007,20.7254,0.0],[-78.7999,20.7276,1.8476],[-78.7985,20.7265,0.0],[-78.7988,20.724,0.0],[-78.7968,20.7249,0.0],[-78.791,20.7215,0.0],[-78.784,20.7213,0.5609],[-78.7807,20.7193,0.4174],[-78.7782,20.7207,0.1782],[-78.7763,20.7271,0.0739],[-78.7746,20.7274,0.0],[-78.7746,20.7243,0.0],[-78.7726,20.724,0.1119],[-78.7693,20.7279,0.0],[-78.7657,20.724,0.0],[-78.7663,20.7207,0.0],[-78.764,20.7221,0.0],[-78.761,20.7215,0.4162],[-78.7607,20.7204,0.3398],[-78.7671,20.7179,0.2551],[-78.7715,20.7179,0.1422],[-78.7724,20.7204,0.2232],[-78.7774,20.7207,0.0831],[-78.7832,20.716,0.0],[-78.7829,20.7121,0.3054],[-78.7799,20.7093,0.0],[-78.7754,20.709,4.7681],[-78.7724,20.7054,0.0],[-78.7699,20.7093,0.7437],[-78.7637,20.7099,0.0],[-78.759,20.7132,0.0],[-78.7585,20.7176,0.0],[-78.7562,20.7171,0.0],[-78.756,20.724,0.0],[-78.7599,20.7282,0.1914],[-78.7588,20.7304,0.0],[-78.7615,20.7318,0.0],[-78.761,20.734,0.0],[-78.7651,20.7365,0.0],[-78.7654,20.7393,0.0],[-78.7726,20.7385,0.0763],[-78.7787,20.7357,0.1104],[-78.7796,20.7329,0.0729],[-78.786,20.7318,0.0],[-78.7899,20.7263,0.1195],[-78.7929,20.7268,0.4185],[-78.7937,20.7282,0.0],[-78.7965,20.7279,2.6186],[-78.7971,20.7299,0.9073],[-78.7937,20.7318,0.0],[-78.7924,20.7387,0.3389],[-78.789,20.741,0.0],[-78.7887,20.744,0.0],[-78.7904,20.7415,0.2795],[-78.794,20.7412,0.07],[-78.7951,20.7396,0.0794],[-78.7946,20.7326,0.0],[-78.7965,20.7315,0.4225],[-78.7965,20.7335,0.1149],[-78.799,20.7335,0.6432],[-78.8015,20.7376,0.1507],[-78.8004,20.7435,0.2739],[-78.8029,20.7443,0.0],[-78.8057,20.741,0.4597],[-78.8074,20.7418,0.0461],[-78.8065,20.7382,0.3938],[-78.8093,20.7379,0.585],[-78.8157,20.7521,0.0]]],
[[[-78.7838,20.7479,0.3749],[-78.7882,20.7493,0.0],[-78.7871,20.7465,0.0],[-78.784,20.7451,0.0],[-78.7854,20.7432,0.0],[-78.7829,20.7421,0.0],[-78.7801,20.7468,0.0],[-78.784,20.7457,0.1528],[-78.7838,20.7479,0.3749]]],
[[[-78.8085,20.7529,0.1728],[-78.8074,20.7524,0.0],[-78.8071,20.754,0.0],[-78.8132,20.7538,0.0],[-78.8112,20.7521,0.0],[-78.8107,20.7482,0.0],[-78.8096,20.7488,0.081],[-78.8085,20.7529,0.1728]]],
[[[-78.7924,20.7538,0.0],[-78.7976,20.7546,0.0],[-78.7962,20.7515,0.0],[-78.7988,20.7488,0.0],[-78.791,20.7496,0.0],[-78.7924,20.7538,0.0]]],
[[[-78.6663,20.7349,2.3066],[-78.6726,20.7363,1.5856],[-78.6754,20.7337,1.9508],[-78.6776,20.7343,0.0],[-78.6782,20.7321,0.9434],[-78.6765,20.7296,0.0],[-78.6746,20.7296,0.0],[-78.6715,20.7346,0.0],[-78.6649,20.7343,2.3066],[-78.6663,20.7349,2.3066]]],
[[[-78.6946,20.744,1.8401],[-78.6957,20.746,1.73],[-78.6979,20.7463,2.6574],[-78.7007,20.744,0.0],[-78.701,20.7412,0.0],[-78.6976,20.7412,0.0],[-78.6946,20.744,1.8401]]],
[[[-78.6407,20.7743,0.1396],[-78.6429,20.7754,0.3921],[-78.6462,20.7701,0.6579],[-78.6496,20.7693,0.0],[-78.651,20.7663,0.3493],[-78.6501,20.7638,0.0],[-78.6562,20.759,0.5495],[-78.659,20.7601,0.2499],[-78.6582,20.7618,0.0],[-78.6612,20.761,0.0],[-78.6624,20.7588,0.0],[-78.6674,20.7596,0.1279],[-78.6674,20.7579,0.2598],[-78.6632,20.7571,1.5049],[-78.6618,20.7551,0.0],[-78.6579,20.7568,0.3399],[-78.654,20.754,0.3413],[-78.6515,20.7499,0.6689],[-78.6543,20.7465,0.452],[-78.6526,20.7399,0.0],[-78.6501,20.7351,0.0],[-78.6449,20.7326,0.2585],[-78.6418,20.7276,0.0],[-78.6354,20.7343,0.0],[-78.6346,20.7374,0.0],[-78.6368,20.7374,0.0],[-78.639,20.7324,0.2823],[-78.6413,20.7329,0.8278],[-78.6418,20.736,0.0],[-78.6438,20.7354,0.184],[-78.6462,20.7387,1.7484],[-78.6451,20.7435,0.0],[-78.6504,20.7451,0.6155],[-78.6396,20.7449,0.0],[-78.6376,20.749,0.0],[-78.6426,20.7482,0.8085],[-78.6429,20.7499,0.7616],[-78.6415,20.7499,0.0],[-78.6415,20.7518,0.4029],[-78.639,20.7507,0.0],[-78.6396,20.7529,0.3916],[-78.6374,20.7518,0.0],[-78.6335,20.7585,0.0],[-78.636,20.7593,0.3244],[-78.6326,20.7649,0.0],[-78.6332,20.7674,0.0],[-78.639,20.7676,0.3159],[-78.6418,20.766,0.2727],[-78.6415,20.7632,0.3883],[-78.6371,20.7621,0.4583],[-78.6382,20.7588,0.5848],[-78.6365,20.7585,0.099],[-78.6371,20.7568,0.8595],[-78.6407,20.7579,0.3083],[-78.6401,20.7607,0.0],[-78.6424,20.7579,0.3482],[-78.6485,20.7604,0.334],[-78.6487,20.764,0.4984],[-78.6432,20.7646,0.0],[-78.6435,20.7701,0.0],[-78.6393,20.7721,0.0],[-78.6396,20.7751,0.0],[-78.6407,20.7743,0.1396]]],
[[[-78.679,20.7632,1.0878],[-78.6824,20.7649,0.2395],[-78.6851,20.7638,0.0],[-78.6854,20.7621,0.0],[-78.6843,20.7601,0.0],[-78.6735,20.756,0.5387],[-78.6729,20.7574,0.0],[-78.6751,20.7593,0.6236],[-78.6679,20.7576,0.2598],[-78.6687,20.7621,0.0],[-78.6765,20.7604,0.6236],[-78.679,20.7632,1.0878]]],
[[[-78.8221,20.7721,0.0],[-78.8243,20.7738,0.0],[-78.8293,20.7726,0.2757],[-78.8296,20.7679,0.1015],[-78.8329,20.7671,0.0],[-78.8376,20.7621,0.0],[-78.8379,20.7588,1.1948],[-78.8351,20.754,2.1514],[-78.8307,20.754,0.4842],[-78.8288,20.7557,0.0],[-78.8288,20.7615,0.0],[-78.8204,20.7682,0.0],[-78.8221,20.7721,0.0]]],
[[[-78.8321,20.769,0.2267],[-78.8329,20.7715,0.2535],[-78.8349,20.7715,0.318],[-78.8346,20.7685,0.0],[-78.8321,20.769,0.2267]]],
[[[-78.8535,20.7796,0.0],[-78.8549,20.7804,0.0581],[-78.8543,20.7824,0.0],[-78.8562,20.7824,0.0],[-78.8571,20.7785,0.3497],[-78.8593,20.7768,0.5012],[-78.8579,20.7696,0.0],[-78.8507,20.7651,0.0],[-78.8432,20.7635,0.0],[-78.8437,20.766,2.2306],[-78.8407,20.7718,0.0],[-78.8429,20.7735,0.3894],[-78.841,20.774,0.0],[-78.8418,20.7774,0.1744],[-78.8443,20.7771,0.0],[-78.8479,20.7799,0.2509],[-78.8499,20.7787,0.4253],[-78.8535,20.7796,0.0]]],
[[[-78.929,20.7932,0.0],[-78.9285,20.7954,0.9747],[-78.9351,20.7938,0.8289],[-78.934,20.7924,0.7654],[-78.929,20.7932,0.0]]],
[[[-78.6599,20.7632,0.224],[-78.6585,20.7626,0.224],[-78.6585,20.7654,1.2842],[-78.6615,20.7654,0.2563],[-78.6615,20.7646,0.2563],[-78.6599,20.7632,0.224]]],
[[[-78.6615,20.7724,2.4723],[-78.6593,20.7735,0.9317],[-78.6574,20.7796,1.9876],[-78.6612,20.779,0.4517],[-78.6649,20.7749,2.0463],[-78.6762,20.7749,0.7282],[-78.6732,20.7738,0.6573],[-78.6735,20.7721,0.9719],[-78.6762,20.7729,0.6561],[-78.6751,20.7699,0.0],[-78.6707,20.7713,1.6773],[-78.664,20.7707,0.6696],[-78.6615,20.7724,2.4723]]],
[[[-78.7571,20.7974,4.1675],[-78.7579,20.7996,0.7489],[-78.7626,20.7999,0.9474],[-78.7649,20.7985,0.7488],[-78.7651,20.7968,0.0],[-78.7624,20.7988,0.9474],[-78.7588,20.7971,4.1675],[-78.7579,20.7932,1.9545],[-78.7604,20.7899,4.1789],[-78.7618,20.7904,0.0],[-78.7663,20.7871,0.0],[-78.766,20.7857,0.4564],[-78.7565,20.7879,0.0],[-78.7551,20.7932,5.027],[-78.7571,20.7974,4.1675]]],
[[[-78.6307,20.7943,0.2696],[-78.6301,20.7962,0.5161],[-78.6326,20.7965,2.4609],[-78.6346,20.7938,0.4216],[-78.6318,20.7935,0.0],[-78.6307,20.7943,0.2696]]],
[[[-78.9229,20.7971,1.5346],[-78.9221,20.7993,0.7197],[-78.9249,20.799,0.0],[-78.9254,20.7949,0.0],[-78.9249,20.7949,0.0],[-78.9229,20.7971,1.5346]]],
[[[-78.9257,20.8299,1.1742],[-78.9268,20.8318,0.2748],[-78.9307,20.8318,1.102],[-78.9329,20.8296,1.5322],[-78.9407,20.8285,1.6947],[-78.9437,20.8257,3.1123],[-78.946,20.8213,5.5158],[-78.9443,20.8151,1.857],[-78.9449,20.8068,1.205],[-78.9496,20.8029,1.0302],[-78.954,20.8046,0.0],[-78.956,20.8026,0.0],[-78.9543,20.7993,1.5156],[-78.9507,20.7993,3.2889],[-78.9482,20.7971,4.8581],[-78.9488,20.7946,0.0],[-78.9421,20.7918,0.0],[-78.9382,20.7946,0.9744],[-78.9407,20.7949,2.0368],[-78.941,20.7985,1.8408],[-78.9379,20.801,0.0],[-78.9401,20.8046,0.0],[-78.9424,20.8051,0.8089],[-78.9413,20.8074,0.0],[-78.9429,20.8082,0.0],[-78.9429,20.8146,1.3015],[-78.9396,20.8185,0.0],[-78.9365,20.8182,0.0],[-78.936,20.8201,0.0],[-78.9374,20.821,0.0],[-78.9429,20.8176,0.6259],[-78.9432,20.821,0.7098],[-78.941,20.8218,0.0],[-78.9399,20.8249,0.2994],[-78.9382,20.824,0.2994],[-78.9351,20.8254,1.159],[-78.9337,20.8238,0.0],[-78.9324,20.8254,0.0],[-78.9313,20.8213,0.0],[-78.9282,20.821,0.3189],[-78.9257,20.8254,0.0],[-78.9274,20.8285,0.0],[-78.9257,20.829,1.1742],[-78.9226,20.8282,1.231],[-78.9221,20.8235,0.0],[-78.9196,20.8249,0.5377],[-78.9229,20.8201,0.36],[-78.9179,20.8185,0.0],[-78.9179,20.816,0.726],[-78.9199,20.8154,0.0],[-78.9212,20.811,0.0],[-78.919,20.8096,0.0],[-78.9187,20.8065,0.0],[-78.9171,20.8071,0.2308],[-78.9168,20.8029,0.4756],[-78.9085,20.8001,0.0],[-78.9065,20.8021,0.372],[-78.906,20.7999,0.0],[-78.9004,20.7982,0.0],[-78.8976,20.7999,0.1681],[-78.8954,20.799,0.0],[-78.8954,20.8018,0.3919],[-78.8921,20.7993,0.0],[-78.8907,20.8018,0.0],[-78.8887,20.8004,0.2822],[-78.8907,20.799,0.0812],[-78.8876,20.7962,0.1398],[-78.8812,20.7979,0.2775],[-78.8796,20.7968,0.3784],[-78.8815,20.7962,0.1736],[-78.8812,20.7935,0.4359],[-78.8851,20.794,0.0],[-78.8818,20.7932,0.4359],[-78.8818,20.7918,0.2908],[-78.8846,20.7904,0.1619],[-78.8851,20.7868,0.0843],[-78.8896,20.7818,0.1894],[-78.8918,20.7829,0.0],[-78.8921,20.786,0.0],[-78.8899,20.7921,0.0],[-78.8929,20.7904,0.0],[-78.8929,20.786,0.0],[-78.8949,20.7846,0.0888],[-78.8971,20.786,0.0],[-78.8982,20.7826,0.2402],[-78.9013,20.7824,0.0],[-78.9026,20.7804,3.246],[-78.9101,20.7835,0.1692],[-78.9149,20.7835,1.729],[-78.9199,20.7882,0.5527],[-78.9229,20.7888,0.0],[-78.9221,20.7871,0.7095],[-78.9257,20.7871,0.0],[-78.9385,20.7929,0.6481],[-78.9399,20.7915,0.0],[-78.9365,20.7885,0.0],[-78.9238,20.7857,2.3426],[-78.9104,20.7779,0.214],[-78.9046,20.7779,2.4192],[-78.8882,20.7735,0.0],[-78.8838,20.776,2.4688],[-78.8746,20.7735,0.5307],[-78.8693,20.7701,0.0],[-78.8676,20.7735,0.7533],[-78.8679,20.7785,0.0],[-78.8701,20.7818,0.5322],[-78.8699,20.7882,0.0],[-78.8721,20.7907,0.0],[-78.8726,20.7871,0.0],[-78.876,20.786,0.0],[-78.8776,20.794,0.9403],[-78.8718,20.7965,0.4387],[-78.8685,20.7926,0.0],[-78.8679,20.7849,0.0],[-78.866,20.7838,0.114],[-78.8671,20.7785,0.0],[-78.864,20.7763,0.0],[-78.8615,20.7774,0.0],[-78.8551,20.786,0.7195],[-78.8521,20.7849,0.0],[-78.8521,20.7835,0.0],[-78.8493,20.7849,0.0],[-78.8504,20.789,0.0],[-78.8535,20.7899,0.0],[-78.8562,20.7882,0.1222],[-78.8562,20.7901,0.1647],[-78.8599,20.791,0.0],[-78.8565,20.7946,0.0],[-78.8587,20.7982,0.0],[-78.861,20.7979,0.1343],[-78.8615,20.7993,0.0],[-78.8649,20.7979,0.4248],[-78.874,20.8015,0.1207],[-78.8821,20.8029,0.0789],[-78.8851,20.8015,0.0],[-78.8879,20.8035,0.1463],[-78.8949,20.8032,0.6041],[-78.8968,20.8046,0.0],[-78.899,20.8026,0.7051],[-78.9021,20.8049,0.3511],[-78.9085,20.8032,0.0],[-78.9099,20.806,0.0],[-78.9151,20.8043,0.0],[-78.9146,20.8082,0.0],[-78.9171,20.8085,0.2308],[-78.9182,20.8115,0.0],[-78.9132,20.8179,0.0],[-78.9129,20.8251,0.6151],[-78.9174,20.8296,0.0],[-78.9257,20.8299,1.1742]]],
[[[-78.9235,20.8151,0.0],[-78.9226,20.8174,0.0],[-78.9229,20.8182,0.0],[-78.9254,20.8165,0.2212],[-78.9235,20.8151,0.0]]],
[[[-78.9271,20.8188,0.4219],[-78.9265,20.8207,0.0],[-78.9293,20.8193,0.0],[-78.9282,20.8185,0.0],[-78.9271,20.8188,0.4219]]],
[[[-79.1999,21.0151,3.2617],[-79.2057,21.0165,1.8418],[-79.2176,21.0157,0.0],[-79.2187,21.0135,1.4149],[-79.2296,21.0099,0.7451],[-79.2304,21.0057,0.0],[-79.2251,20.9993,0.6846],[-79.2229,20.9993,1.7644],[-79.2162,20.994,2.1319],[-79.2135,20.9893,0.0],[-79.214,20.9868,0.0],[-79.2035,20.9804,0.0],[-79.1954,20.9796,1.3842],[-79.1924,20.9768,0.0],[-79.1893,20.9768,0.0],[-79.181,20.9721,0.7363],[-79.1771,20.9732,0.0],[-79.1771,20.9749,1.1947],[-79.1807,20.9793,0.0],[-79.1826,20.9904,0.0],[-79.1849,20.9935,0.0],[-79.1799,20.9921,0.0],[-79.1779,20.9979,1.7395],[-79.1729,20.999,1.0285],[-79.1704,20.9929,1.6021],[-79.1665,20.9918,0.0],[-79.1596,20.9849,0.0],[-79.1574,20.979,0.0],[-79.1521,20.9782,0.6577],[-79.1479,20.9751,2.8536],[-79.1468,20.966,0.5432],[-79.1432,20.9626,0.4992],[-79.144,20.9551,0.0],[-79.1338,20.9538,1.1775],[-79.1338,20.9501,0.0],[-79.1321,20.9482,0.0],[-79.1263,20.9496,0.0],[-79.1257,20.9385,0.0],[-79.1174,20.9387,0.0],[-79.1143,20.9312,0.0],[-79.1018,20.9287,0.739],[-79.1029,20.9224,0.0],[-79.1054,20.9193,0.0],[-79.1096,20.9185,1.357],[-79.1118,20.9232,0.0],[-79.1146,20.9257,0.0],[-79.1196,20.9265,1.5763],[-79.1207,20.9285,0.0],[-79.1174,20.9312,0.5308],[-79.1179,20.9335,0.3984],[-79.1165,20.9346,0.0],[-79.1188,20.9385,0.0],[-79.1229,20.9338,0.0],[-79.1285,20.9346,0.0],[-79.1385,20.9463,0.0],[-79.1413,20.9463,0.3188],[-79.1462,20.9515,0.3799],[-79.1535,20.9554,1.8245],[-79.1549,20.9618,0.0],[-79.1576,20.9638,0.0],[-79.1576,20.966,0.0],[-79.1648,20.9752,2.3219],[-79.1671,20.9771,0.0],[-79.1724,20.9757,0.8782],[-79.1707,20.9699,0.0],[-79.1649,20.9668,0.0],[-79.1604,20.9626,0.5822],[-79.1582,20.9576,0.8969],[-79.1543,20.9549,0.0],[-79.1507,20.9463,0.0],[-79.1487,20.9479,2.5016],[-79.146,20.944,0.0],[-79.1354,20.9376,3.1972],[-79.1288,20.9296,1.7067],[-79.1299,20.9271,0.0],[-79.124,20.924,1.5599],[-79.1229,20.9218,0.0],[-79.1188,20.9226,4.5375],[-79.1176,20.9165,0.0],[-79.1107,20.909,1.9617],[-79.1068,20.9079,0.0],[-79.1051,20.909,1.8756],[-79.1007,20.9043,0.0],[-79.096,20.9043,0.7263],[-79.0946,20.9021,0.0],[-79.0915,20.9043,1.9674],[-79.0871,20.904,2.115],[-79.0818,20.8996,1.8286],[-79.0813,20.8971,0.7803],[-79.0768,20.8988,2.572],[-79.0732,20.8965,0.0],[-79.0701,20.901,2.0],[-79.0721,20.9079,1.2254],[-79.0818,20.911,0.9815],[-79.0824,20.9135,2.8416],[-79.081,20.9154,0.0],[-79.0824,20.9168,0.0],[-79.086,20.9143,0.5416],[-79.0899,20.9143,0.0],[-79.0921,20.9162,0.0],[-79.0921,20.9193,0.0],[-79.0888,20.9224,0.5594],[-79.0857,20.9218,0.0],[-79.0782,20.9138,0.0],[-79.076,20.9149,0.0],[-79.0724,20.914,0.8851],[-79.069,20.9096,0.0],[-79.0646,20.9079,0.9394],[-79.0649,20.9049,0.0],[-79.0618,20.903199999999998,0.0],[-79.0546,20.9037,0.7972],[-79.0565,20.8999,0.0],[-79.0549,20.8979,1.5588],[-79.0576,20.8951,1.1906],[-79.0671,20.9001,1.3817],[-79.071,20.899,0.593],[-79.0726,20.8899,0.0],[-79.0685,20.8874,0.0],[-79.0682,20.8857,0.0],[-79.0646,20.8874,1.8146],[-79.0554,20.8865,2.4455],[-79.0554,20.8715,1.9547],[-79.0526,20.8685,0.0],[-79.0368,20.864,3.3149],[-79.0346,20.8587,0.0],[-79.031,20.8576,1.0306],[-79.0279,20.8543,0.0],[-79.0196,20.8532,0.0],[-79.0151,20.8507,2.2014],[-79.0107,20.851,1.5593],[-79.0013,20.846,1.171],[-78.9929,20.8465,2.0452],[-78.9868,20.8432,3.8407],[-78.9851,20.840699999999998,4.0775],[-78.9818,20.8404,0.0],[-78.9774,20.8351,0.0],[-78.9749,20.8346,0.0],[-78.9654,20.8404,1.374],[-78.9646,20.8468,1.3704],[-78.9674,20.8513,5.0125],[-78.9687,20.8621,0.0],[-78.9665,20.8688,2.4741],[-78.9638,20.8679,1.9085],[-78.9654,20.8713,2.0353],[-78.9699,20.8704,10.4274],[-78.9751,20.8743,0.0],[-78.9954,20.8726,1.7907],[-79.0029,20.874,0.0],[-79.0199,20.8857,0.0],[-79.0254,20.8876,1.6272],[-79.0299,20.8935,0.0],[-79.0376,20.8929,1.1213],[-79.0429,20.8988,0.0],[-79.0471,20.9007,0.0],[-79.0507,20.9068,0.0],[-79.0576,20.9057,0.3538],[-79.0615,20.9068,1.82],[-79.0629,20.9099,0.7892],[-79.0674,20.9107,0.0],[-79.0701,20.9149,0.0],[-79.0724,20.9146,0.8851],[-79.0849,20.9238,0.0],[-79.0912,20.924,0.0],[-79.1026,20.9321,0.0],[-79.1074,20.9338,0.248],[-79.1074,20.936,0.2116],[-79.116,20.9426,0.0],[-79.1196,20.9504,0.0],[-79.1354,20.9649,0.0],[-79.1432,20.9749,0.0],[-79.1526,20.9818,1.2396],[-79.1537,20.9846,0.0],[-79.1574,20.9857,0.0],[-79.1571,20.9871,0.0],[-79.164,20.9951,0.0],[-79.176,21.0038,0.0],[-79.1807,21.0001,2.406],[-79.1832,21.0021,0.0],[-79.1826,20.9985,2.2034],[-79.1849,20.9974,0.0],[-79.1868,21.0043,0.0],[-79.1826,21.0068,0.0],[-79.1824,21.0104,0.0],[-79.1885,21.0143,0.4491],[-79.1999,21.0151,3.2617]]],
[[[-78.8254,20.9685,1.4071],[-78.8265,20.9718,0.423],[-78.8276,20.9707,0.0],[-78.8268,20.9665,0.0],[-78.8246,20.9671,0.0],[-78.8254,20.9685,1.4071]]],
[[[-78.8271,20.9721,0.3851],[-78.8265,20.974,0.0],[-78.8282,20.9746,0.0],[-78.8285,20.9724,0.3851],[-78.8271,20.9721,0.3851]]],
[[[-78.9376,20.9751,0.0],[-78.9396,20.9768,0.0],[-78.9421,20.9732,0.3924],[-78.9407,20.9729,0.3924],[-78.9376,20.9751,0.0]]],
[[[-78.631,20.7996,0.0],[-78.6312,20.8021,0.0],[-78.6324,20.8024,0.0],[-78.6329,20.799,0.0],[-78.631,20.7996,0.0]]],
[[[-78.6265,20.8401,0.2092],[-78.6276,20.8454,0.217],[-78.6288,20.8454,0.217],[-78.629,20.841,0.701],[-78.6315,20.8382,0.8581],[-78.6321,20.841,0.0],[-78.6343,20.8412,0.0],[-78.6354,20.8376,0.5134],[-78.6399,20.8376,0.6663],[-78.641,20.8412,0.235],[-78.6426,20.8415,0.6927],[-78.6465,20.8393,0.524],[-78.6479,20.8357,0.8326],[-78.6479,20.8335,0.2756],[-78.6457,20.8324,0.5827],[-78.6413,20.834,0.0827],[-78.6332,20.8312,0.0947],[-78.6301,20.8243,0.0],[-78.6307,20.8221,0.0],[-78.6296,20.8224,0.0],[-78.631,20.8204,0.0],[-78.6304,20.8157,0.0],[-78.6329,20.8146,0.0],[-78.6304,20.8121,0.6348],[-78.6254,20.8185,0.2286],[-78.6204,20.8182,0.0],[-78.6196,20.8226,0.1956],[-78.6193,20.8304,0.0683],[-78.6218,20.8312,0.405],[-78.6215,20.8346,0.2453],[-78.6257,20.8368,0.699],[-78.6265,20.8401,0.2092]]],
[[[-78.7688,21.0535,0.4452],[-78.7712,21.0551,0.2315],[-78.7732,21.051,0.5297],[-78.776,21.0504,0.0],[-78.7715,21.0476,0.4983],[-78.7701,21.0449,0.2807],[-78.7654,21.0485,0.6116],[-78.7665,21.0529,0.184],[-78.7688,21.0535,0.4452]]],
[[[-78.7262,21.1104,1.354],[-78.7262,21.1121,0.0],[-78.729,21.1101,1.771],[-78.7324,21.1118,0.5657],[-78.7385,21.1085,0.252],[-78.7418,21.1013,0.7703],[-78.7332,21.1015,0.1407],[-78.7321,21.0982,0.0],[-78.7304,21.0982,0.0],[-78.7301,21.1021,0.1297],[-78.7288,21.1021,0.1297],[-78.7274,21.0963,0.0],[-78.7146,21.0929,0.6718],[-78.7124,21.0896,0.0],[-78.7093,21.0885,0.2053],[-78.7082,21.0857,0.2562],[-78.7057,21.0851,0.0],[-78.7012,21.0807,0.0],[-78.7007,21.0838,0.0],[-78.7046,21.0874,0.2266],[-78.7121,21.0996,0.195],[-78.714,21.1001,1.0303],[-78.7132,21.1021,0.0],[-78.7262,21.1104,1.354]]],
[[[-79.0001,20.9999,0.0],[-78.9999,20.9999,0.0],[-78.9999,21.0001,0.0],[-79.0001,21.0001,0.0],[-79.0001,20.9999,0.0]]],
[[[-78.9943,21.0357,0.0],[-78.9954,21.0385,0.0],[-78.9965,21.0382,1.0155],[-78.9971,21.0368,0.9022],[-78.9943,21.0357,0.0]]],
[[[-78.8321,21.0396,0.69],[-78.8346,21.0413,0.0],[-78.8351,21.041,0.0],[-78.831,21.0374,0.0],[-78.8321,21.0396,0.69]]],
[[[-78.9829,21.0446,0.6579],[-78.9832,21.046,0.0],[-78.9863,21.0462,0.3055],[-78.9932,21.0441,0.5024],[-78.9938,21.0413,0.0],[-78.9907,21.0443,1.3103],[-78.9887,21.0401,1.9854],[-78.9915,21.0365,1.1355],[-78.9912,21.0346,0.5215],[-78.9846,21.0393,0.0],[-78.9851,21.0438,1.1148],[-78.9829,21.0446,0.6579]]],
[[[-78.5038,20.7732,0.0],[-78.5051,20.776,0.0],[-78.5085,20.7751,0.0],[-78.5062,20.7721,0.3379],[-78.4996,20.751,0.141],[-78.4957,20.7474,0.3481],[-78.4954,20.744,0.5351],[-78.4912,20.7418,0.0],[-78.4904,20.7504,0.6879],[-78.4885,20.7499,0.0],[-78.4882,20.7512,0.0],[-78.4924,20.7543,1.104],[-78.4918,20.7562,0.1974],[-78.4957,20.7588,0.0],[-78.4974,20.7582,0.867],[-78.5007,20.7663,0.476],[-78.504,20.769,0.6624],[-78.5024,20.7713,0.5196],[-78.5038,20.7732,0.0]]],
[[[-78.474,20.9035,0.4374],[-78.4735,20.9049,0.6],[-78.4757,20.9054,0.0],[-78.4757,20.9026,0.0],[-78.474,20.9035,0.4374]]],
[[[-78.4676,21.0265,0.0],[-78.4671,21.028199999999998,1.403],[-78.4699,21.0279,1.0271],[-78.4693,21.0268,2.1024],[-78.4676,21.0265,0.0]]],
[[[-78.5126,21.2574,1.9439],[-78.5118,21.2596,0.0],[-78.5137,21.2599,0.6532],[-78.5149,21.2565,0.4506],[-78.5126,21.2574,1.9439]]],
[[[-78.5251,21.2774,0.0],[-78.5249,21.2787,0.0],[-78.5268,21.2771,0.0],[-78.5265,21.2751,0.0],[-78.5232,21.276,0.0],[-78.5257,21.2765,1.5889],[-78.5251,21.2774,0.0]]],
[[[-78.5526,21.3563,2.0318],[-78.5546,21.3574,0.2847],[-78.5518,21.3518,0.0],[-78.551,21.3535,0.8949],[-78.5526,21.3563,2.0318]]],
[[[-79.3026,21.0488,0.0],[-79.3057,21.0493,0.0],[-79.3074,21.0479,0.0],[-79.2949,21.0354,0.0],[-79.2921,21.0351,0.0],[-79.2899,21.039,0.0],[-79.2894,21.0449,1.0],[-79.2865,21.0476,0.4227],[-79.3026,21.0488,0.0]]],
[[[-79.3104,21.0462,0.0],[-79.3112,21.0479,1.0519],[-79.3138,21.0479,0.8526],[-79.3118,21.0421,2.9842],[-79.3087,21.0407,1.2448],[-79.309,21.0443,1.5842],[-79.3071,21.0457,1.5628],[-79.3104,21.0462,0.0]]],
[[[-78.8376,21.0426,0.5637],[-78.8374,21.046,0.7715],[-78.839,21.0465,0.7715],[-78.8396,21.0429,0.5794],[-78.8376,21.0426,0.5637]]],
[[[-78.8235,21.046,0.0],[-78.8243,21.049,0.0],[-78.8257,21.049,0.0],[-78.8254,21.046,0.0],[-78.8276,21.0446,0.0],[-78.8254,21.044,0.0],[-78.8235,21.046,0.0]]],
[[[-79.2818,21.0499,1.2855],[-79.2815,21.0521,0.0],[-79.2879,21.0504,1.4673],[-79.2857,21.0479,0.9222],[-79.2818,21.0499,1.2855]]],
[[[-78.8268,21.0521,0.0],[-78.8276,21.0549,0.0874],[-78.8301,21.0529,0.0315],[-78.8299,21.0521,0.0315],[-78.8268,21.0521,0.0]]],
[[[-78.8315,21.0615,0.6435],[-78.8351,21.0624,0.0],[-78.8313,21.0557,0.3965],[-78.8335,21.0565,0.3538],[-78.8371,21.0549,0.1816],[-78.8343,21.0521,0.6594],[-78.8374,21.0488,0.0],[-78.8357,21.0471,0.792],[-78.8288,21.046,0.0],[-78.8285,21.0471,0.0],[-78.8296,21.0499,0.2871],[-78.8329,21.0507,0.5981],[-78.8346,21.0549,0.3772],[-78.8307,21.0535,0.0315],[-78.8307,21.0557,0.7617],[-78.8274,21.056,0.1746],[-78.8218,21.051,0.1375],[-78.8221,21.0476,0.0356],[-78.8196,21.0488,0.0316],[-78.8163,21.0537,0.0],[-78.8132,21.0546,0.0],[-78.8129,21.0565,0.4644],[-78.8146,21.0571,0.0],[-78.821,21.0535,0.3891],[-78.8207,21.0554,0.2361],[-78.8246,21.0574,0.249],[-78.8257,21.0613,0.4985],[-78.829,21.059,0.0],[-78.8315,21.0615,0.6435]]],
[[[-78.9604,21.0621,0.0],[-78.9604,21.0637,0.0],[-78.9638,21.0635,0.9186],[-78.9662,21.0582,0.6365],[-78.9618,21.0565,0.0],[-78.9604,21.0621,0.0]]],
[[[-79.3471,21.0699,0.0],[-79.3493,21.071,0.0],[-79.3412,21.0557,3.1822],[-79.3337,21.0546,1.6976],[-79.3299,21.0557,2.603],[-79.3171,21.0524,0.0],[-79.3196,21.0554,2.0999],[-79.329,21.0565,1.1198],[-79.3326,21.0588,0.1306],[-79.3362,21.0565,1.9813],[-79.3346,21.0596,1.2025],[-79.3424,21.0635,1.9658],[-79.3471,21.0699,0.0]]],
[[[-78.9507,21.0624,0.8101],[-78.9524,21.0635,0.8101],[-78.9546,21.0618,0.0],[-78.9504,21.0615,0.0],[-78.9507,21.0624,0.8101]]],
[[[-78.8365,21.0643,0.0],[-78.8365,21.0649,0.0],[-78.8421,21.0657,0.0],[-78.8382,21.0635,0.0],[-78.8365,21.0643,0.0]]],
[[[-78.954,21.0826,0.0],[-78.9563,21.0838,0.0],[-78.961,21.081,0.3327],[-78.9643,21.0757,0.0],[-78.9615,21.0754,0.0],[-78.9582,21.0818,0.6359],[-78.9563,21.0796,0.5639],[-78.9529,21.0801,0.8611],[-78.954,21.0779,0.5582],[-78.9488,21.076,0.1542],[-78.9488,21.0665,0.5359],[-78.9501,21.0649,0.9433],[-78.949,21.064,0.9433],[-78.946,21.0676,0.0],[-78.9476,21.0693,1.0199],[-78.9454,21.071,0.0],[-78.9463,21.076,0.0],[-78.9476,21.0762,0.9035],[-78.9463,21.0782,0.0],[-78.9476,21.0812,0.2861],[-78.9507,21.0807,0.4846],[-78.954,21.0826,0.0]]],
[[[-79.3274,21.0804,0.0],[-79.3271,21.0818,0.4113],[-79.3304,21.0807,0.0],[-79.3301,21.0801,0.0],[-79.3274,21.0804,0.0]]],
[[[-79.3632,21.1254,1.6647],[-79.376,21.1249,1.5964],[-79.3924,21.1188,1.8141],[-79.3846,21.1087,0.0],[-79.3812,21.1107,2.4947],[-79.3796,21.1076,0.8185],[-79.3746,21.1079,1.2091],[-79.3707,21.1051,0.0],[-79.3679,21.0985,0.0],[-79.3657,21.0987,2.497],[-79.3637,21.0951,0.0],[-79.3579,21.0932,0.0],[-79.3549,21.086,1.242],[-79.3535,21.0885,0.0],[-79.3557,21.090699999999998,0.0],[-79.3549,21.0954,0.0],[-79.3521,21.096,0.5735],[-79.3496,21.0888,0.4711],[-79.3482,21.089,0.4711],[-79.3479,21.0915,0.0],[-79.3457,21.0915,0.0],[-79.3468,21.094,0.0],[-79.3501,21.0938,1.0248],[-79.3504,21.0982,2.5668],[-79.3479,21.1013,0.6409],[-79.3429,21.1018,0.0],[-79.3393,21.1063,3.4109],[-79.3362,21.1049,1.6424],[-79.3374,21.1013,0.0],[-79.331,21.1026,1.993],[-79.3301,21.1001,1.4952],[-79.3321,21.0954,0.0],[-79.3362,21.0974,0.0],[-79.3404,21.0921,1.24],[-79.3437,21.0926,0.0],[-79.344,21.0901,0.0],[-79.3382,21.0874,0.6199],[-79.3349,21.0949,0.0],[-79.3307,21.0951,1.5985],[-79.3299,21.091,0.5926],[-79.3254,21.0915,0.4468],[-79.3232,21.0871,0.0],[-79.3243,21.0807,0.0],[-79.3149,21.0749,0.0],[-79.3143,21.0713,1.8915],[-79.3157,21.0685,1.0864],[-79.3226,21.0699,0.0],[-79.3254,21.0685,1.4731],[-79.3301,21.069,0.0],[-79.3304,21.0679,2.2186],[-79.3337,21.069,0.4782],[-79.3362,21.074,1.2966],[-79.3321,21.0804,0.2568],[-79.3346,21.0799,1.0262],[-79.3343,21.0824,0.3134],[-79.3357,21.0829,0.0],[-79.3446,21.0743,0.0],[-79.3379,21.0674,1.7874],[-79.3257,21.0649,0.0],[-79.3265,21.0635,0.0],[-79.316,21.0657,1.851],[-79.3065,21.0626,0.0],[-79.3043,21.0637,1.7191],[-79.3049,21.0615,0.0],[-79.3026,21.0571,0.764],[-79.2996,21.0579,0.0],[-79.3004,21.0596,1.4358],[-79.2982,21.0621,1.1683],[-79.2949,21.0629,0.0],[-79.2962,21.0601,0.0],[-79.2899,21.0551,0.5445],[-79.2899,21.0535,0.3069],[-79.2954,21.0529,0.0],[-79.2962,21.0507,0.0],[-79.2907,21.0526,1.394],[-79.2885,21.0513,0.0],[-79.2793,21.0549,0.0],[-79.2804,21.0646,1.4033],[-79.2843,21.0696,1.1491],[-79.2835,21.0732,0.0],[-79.2951,21.0779,0.2844],[-79.2993,21.0849,0.4623],[-79.3046,21.0871,2.1558],[-79.3043,21.0915,0.0],[-79.3079,21.096,0.0],[-79.3157,21.1015,0.826],[-79.3215,21.1029,1.2664],[-79.3293,21.1076,0.0],[-79.346,21.1096,0.968],[-79.3479,21.1129,0.5518],[-79.3538,21.1154,2.5489],[-79.3579,21.1226,1.7873],[-79.3632,21.1254,1.6647]]],
[[[-79.4393,21.1265,0.7004],[-79.4421,21.1276,0.0],[-79.4454,21.1218,0.5029],[-79.4526,21.1196,0.0],[-79.4437,21.1085,0.2871],[-79.4362,21.106,0.7251],[-79.4351,21.1043,0.716],[-79.4246,21.1046,0.3182],[-79.4229,21.1015,0.0],[-79.4104,21.104,0.2273],[-79.4013,21.0987,0.0],[-79.3996,21.0999,0.0],[-79.4021,21.101,0.7046],[-79.4013,21.1063,0.6561],[-79.4007,21.1046,0.0],[-79.3985,21.1046,0.0],[-79.3979,21.1024,0.3939],[-79.3957,21.1037,0.4239],[-79.3946,21.1101,0.0],[-79.4024,21.1115,0.3281],[-79.4068,21.1171,0.0],[-79.4088,21.116,0.0],[-79.4071,21.1199,0.0],[-79.4085,21.1232,0.0],[-79.4246,21.1243,0.0],[-79.4235,21.1207,0.0],[-79.426,21.1188,0.0],[-79.4262,21.1154,0.0],[-79.4246,21.1151,0.0],[-79.4243,21.1126,0.0],[-79.4265,21.1107,0.0],[-79.4313,21.1096,0.0],[-79.4324,21.1124,0.0],[-79.4413,21.1129,0.1681],[-79.4435,21.1193,0.0],[-79.441,21.1165,0.0],[-79.4401,21.1207,0.5538],[-79.4368,21.1226,1.1553],[-79.431,21.1232,0.1923],[-79.4287,21.1215,0.0],[-79.426,21.1218,0.0],[-79.4268,21.1243,0.0],[-79.4337,21.1243,0.2705],[-79.4393,21.1265,0.7004]]],
[[[-79.4482,21.1282,0.4415],[-79.4571,21.1282,0.0],[-79.4546,21.1257,1.3497],[-79.4543,21.1204,0.0],[-79.446,21.1229,0.7227],[-79.4443,21.1271,0.0],[-79.4482,21.1282,0.4415]]],
[[[-78.7371,21.0965,2.4859],[-78.7382,21.0985,0.5542],[-78.739,21.0963,0.0],[-78.7379,21.0949,0.0],[-78.7318,21.096,0.0],[-78.7326,21.0974,0.0],[-78.7371,21.0965,2.4859]]],
[[[-78.6515,21.1904,0.1889],[-78.6521,21.1921,0.0],[-78.6535,21.1913,0.6654],[-78.6521,21.1815,0.0],[-78.6501,21.1857,0.8347],[-78.6515,21.1904,0.1889]]],
[[[-79.0488,21.1924,0.0],[-79.0493,21.1943,0.0],[-79.0537,21.1932,0.0],[-79.0535,21.1921,0.0],[-79.0499,21.1926,0.0],[-79.0482,21.1907,0.7086],[-79.0488,21.1924,0.0]]],
[[[-79.041,21.1999,0.0],[-79.0415,21.2032,0.0],[-79.0432,21.2013,0.0],[-79.0424,21.196,1.1506],[-79.0387,21.1943,0.0],[-79.0387,21.1963,0.0],[-79.0415,21.1985,1.039],[-79.041,21.1999,0.0]]],
[[[-77.9304,20.4132,0.0],[-77.9287,20.4129,1.9182],[-77.9279,20.4146,0.8656],[-77.9299,20.4143,0.0],[-77.9304,20.4132,0.0]]],
[[[-77.9829,20.4188,3.4019],[-77.9818,20.421,1.5167],[-77.9857,20.421,0.0],[-77.9851,20.4193,2.2929],[-77.9829,20.4188,3.4019]]],
[[[-77.9576,20.4193,0.6681],[-77.956,20.4199,0.6709],[-77.9557,20.421,0.8632],[-77.9579,20.4204,0.6681],[-77.9576,20.4193,0.6681]]],
[[[-77.9468,20.4207,1.4351],[-77.946,20.4226,0.8496],[-77.9474,20.4232,0.3586],[-77.9485,20.4204,0.0],[-77.9468,20.4207,1.4351]]],
[[[-77.856,20.3537,0.0],[-77.8551,20.3551,0.0],[-77.8576,20.3543,0.456],[-77.8568,20.3526,0.0],[-77.856,20.3537,0.0]]],
[[[-77.8476,20.3579,1.8073],[-77.8468,20.3587,0.0],[-77.8468,20.3604,0.0],[-77.8485,20.3585,1.8073],[-77.8476,20.3579,1.8073]]],
[[[-77.8415,20.5015,0.0],[-77.8404,20.5026,0.0],[-77.8426,20.504,0.0],[-77.8426,20.5024,0.0],[-77.8415,20.5015,0.0]]],
[[[-77.8479,20.5121,1.3027],[-77.8468,20.5118,0.0],[-77.8468,20.5137,0.0],[-77.8485,20.5149,0.3269],[-77.849,20.5126,1.3027],[-77.8479,20.5121,1.3027]]],
[[[-77.8493,20.5154,0.3269],[-77.8487,20.5193,0.0],[-77.8496,20.5196,0.0],[-77.8504,20.5168,0.0],[-77.8493,20.5154,0.3269]]],
[[[-77.8388,20.524,0.0],[-77.8446,20.5257,0.0],[-77.8485,20.5213,0.4923],[-77.8424,20.5207,1.4718],[-77.8388,20.524,0.0]]],
[[[-77.8112,20.5646,0.3769],[-77.8157,20.5657,0.0],[-77.8249,20.5621,0.0],[-77.821,20.5613,1.0913],[-77.8182,20.5582,0.8846],[-77.8146,20.5626,0.6941],[-77.811,20.5626,1.0908],[-77.8112,20.5588,0.4221],[-77.816,20.5574,0.0],[-77.8093,20.5571,1.8875],[-77.8085,20.561,1.0257],[-77.8112,20.5646,0.3769]]],
[[[-77.8885,20.5768,1.58],[-77.8921,20.5785,1.5111],[-77.8982,20.5776,0.4627],[-77.906,20.5715,0.5834],[-77.9026,20.5713,0.0],[-77.894,20.5751,0.0],[-77.889,20.5693,0.4152],[-77.8868,20.5699,0.5858],[-77.8865,20.559,0.9214],[-77.8938,20.5526,0.6138],[-77.8863,20.5568,0.0],[-77.8821,20.5626,0.481],[-77.8726,20.5687,0.0],[-77.8732,20.5721,0.0],[-77.8885,20.5768,1.58]]],
[[[-77.9918,20.4871,1.3187],[-77.9921,20.4887,1.3187],[-77.9971,20.4885,1.0436],[-77.9979,20.4851,0.0],[-77.9954,20.4871,0.6252],[-77.9918,20.4871,1.3187]]],
[[[-77.9176,20.6246,1.0793],[-77.9193,20.6271,0.0],[-77.926,20.6268,0.4728],[-77.9285,20.6221,0.0],[-77.9229,20.6185,0.0],[-77.9174,20.6224,0.0],[-77.9176,20.6246,1.0793]]],
[[[-77.9093,20.6329,0.9242],[-77.9137,20.6343,0.0],[-77.911,20.6301,0.0],[-77.9079,20.6312,0.4975],[-77.9093,20.6329,0.9242]]],
[[[-77.9226,20.639,0.3199],[-77.924,20.6404,2.3967],[-77.9265,20.6399,1.3261],[-77.9238,20.6312,0.231],[-77.9215,20.6338,0.0],[-77.9226,20.639,0.3199]]],
[[[-77.0821,21.4094,1.6408],[-77.076,21.4127,1.4281],[-77.0623,21.4152,2.2438],[-77.0479,21.4114,2.2698],[-77.0399,21.411,0.0],[-77.0365,21.4146,0.0],[-77.0232,21.4149,0.0],[-77.0168,21.4179,1.377],[-77.0071,21.4179,0.0],[-76.999,21.4221,2.305],[-76.9893,21.4232,0.0],[-76.9824,21.4265,1.1937],[-76.9776,21.426,4.7987],[-76.9743,21.4299,0.7701],[-76.9757,21.4304,2.7935],[-76.9737,21.4357,1.1502],[-76.9751,21.4413,2.8252],[-76.9732,21.4468,2.7019],[-76.9682,21.4518,0.0],[-76.9687,21.454,0.2851],[-76.9662,21.4557,1.0],[-76.9571,21.4546,0.2029],[-76.9571,21.4507,0.0],[-76.9532,21.4499,0.0],[-76.9512,21.4518,0.0],[-76.9515,21.4579,0.8026],[-76.9493,21.461,0.4448],[-76.9526,21.4654,2.4455],[-76.9515,21.4701,0.0],[-76.9574,21.4788,0.0],[-76.9635,21.4837,1.1719],[-76.9799,21.5049,1.1176],[-76.9904,21.5124,0.9397],[-76.9962,21.5224,0.0],[-77.011,21.524,1.7272],[-77.0115,21.526,0.0],[-77.0246,21.5357,2.466],[-77.0301,21.5426,0.8357],[-77.031,21.5462,1.3872],[-77.0376,21.5532,1.7967],[-77.0429,21.5671,0.0],[-77.0479,21.5718,3.2579],[-77.0499,21.5774,0.0],[-77.0654,21.594,0.0],[-77.0899,21.6054,0.4491],[-77.0983,21.6057,0.0],[-77.0982,21.6015,0.3913],[-77.1038,21.5974,1.8834],[-77.1043,21.594,3.0641],[-77.1124,21.589,0.4013],[-77.1132,21.5801,0.0],[-77.1126,21.5771,2.2802],[-77.1107,21.5757,1.5904],[-77.1126,21.5724,1.0908],[-77.1115,21.5696,0.7559],[-77.1157,21.5663,1.476],[-77.1265,21.5649,2.0978],[-77.1274,21.5604,1.0981],[-77.1312,21.5568,1.2814],[-77.1346,21.5476,0.624],[-77.1321,21.5429,0.0],[-77.1346,21.5362,0.6621],[-77.1338,21.5335,1.0398],[-77.1374,21.5324,1.0828],[-77.1401,21.524,0.0],[-77.1457,21.5187,3.2549],[-77.1485,21.5132,0.0],[-77.146,21.4999,1.1621],[-77.1468,21.4926,2.1903],[-77.1504,21.4871,0.0],[-77.1507,21.4818,0.0],[-77.1493,21.4832,0.717],[-77.1457,21.4821,1.3098],[-77.1493,21.4801,1.1046],[-77.1526,21.4804,0.8316],[-77.1579,21.476,0.7446],[-77.1751,21.476,0.0],[-77.179,21.4696,0.4692],[-77.1851,21.4638,0.0],[-77.1849,21.4546,0.5571],[-77.1913,21.4529,2.095],[-77.1929,21.4549,0.4473],[-77.1904,21.4588,0.0],[-77.1918,21.4601,1.0228],[-77.1996,21.4557,0.0],[-77.2049,21.4482,0.9825],[-77.2115,21.4457,0.0],[-77.214,21.4429,1.8771],[-77.2154,21.444,0.0],[-77.2138,21.4468,0.9286],[-77.2193,21.4438,0.0],[-77.2226,21.4476,1.26],[-77.2154,21.4513,0.0],[-77.2068,21.4582,0.0],[-77.2071,21.461,0.0],[-77.2176,21.4701,0.0],[-77.2224,21.4715,0.7259],[-77.2262,21.4704,2.2515],[-77.2296,21.4718,0.7053],[-77.234,21.4699,1.6613],[-77.2374,21.4613,1.7471],[-77.2526,21.4674,0.0],[-77.2546,21.4665,0.5915],[-77.2574,21.4696,0.3269],[-77.2607,21.4701,1.4347],[-77.2676,21.4801,-0.234],[-77.2718,21.4946,0.8469],[-77.2743,21.4985,2.1696],[-77.2718,21.506,2.6872],[-77.2754,21.509,1.3256],[-77.2729,21.5085,0.0],[-77.2721,21.511,1.0953],[-77.2768,21.516,0.0],[-77.2793,21.5151,2.6214],[-77.2801,21.5179,0.8664],[-77.279,21.5235,0.0],[-77.2768,21.5246,0.7632],[-77.2704,21.5218,0.0],[-77.2651,21.5243,0.0],[-77.269,21.5274,0.0],[-77.2688,21.5304,0.0],[-77.2646,21.5312,0.0],[-77.266,21.5329,1.7776],[-77.2635,21.5385,3.5854],[-77.2582,21.5421,2.3556],[-77.2479,21.5365,2.1541],[-77.2446,21.5307,0.0],[-77.2432,21.5315,0.0],[-77.2421,21.5379,0.0],[-77.239,21.5382,0.0],[-77.2357,21.541,15.7964],[-77.2288,21.5399,0.0],[-77.2237,21.536,0.0],[-77.2201,21.5407,18.6364],[-77.2124,21.5438,7.7138],[-77.2082,21.5415,0.0],[-77.2065,21.544,0.0],[-77.211,21.5443,1.1497],[-77.224,21.554,0.0],[-77.2337,21.5571,0.0],[-77.2335,21.5596,0.0],[-77.2349,21.5599,3.3557],[-77.2332,21.5621,0.0],[-77.2365,21.5601,10.6705],[-77.2435,21.5685,0.251],[-77.2474,21.5654,4.8462],[-77.2524,21.566,0.0],[-77.2532,21.561,0.0],[-77.2621,21.5571,0.5795],[-77.2712,21.5613,0.0],[-77.2707,21.5643,0.0],[-77.2679,21.5654,0.0],[-77.271,21.5688,0.0],[-77.2782,21.5671,0.0],[-77.2821,21.5601,4.4424],[-77.2913,21.5615,4.0079],[-77.2965,21.5649,0.6968],[-77.3046,21.5654,9.3455],[-77.3196,21.5751,1.039],[-77.3432,21.5829,0.9569],[-77.3479,21.5874,0.1494],[-77.3482,21.5932,0.0],[-77.3532,21.5915,0.4226],[-77.3596,21.5946,0.93],[-77.3632,21.6015,0.0],[-77.3651,21.6015,0.9323],[-77.3682,21.6051,4.6857],[-77.3657,21.6082,0.0],[-77.3668,21.6096,0.4754],[-77.366,21.6143,0.917],[-77.3629,21.6157,1.5911],[-77.3574,21.6151,0.0],[-77.3546,21.6182,0.601],[-77.3496,21.6179,0.8488],[-77.3426,21.6143,0.6873],[-77.3357,21.6151,0.0],[-77.3262,21.6121,0.7838],[-77.3138,21.6135,0.5476],[-77.3021,21.6079,1.2366],[-77.2913,21.5932,0.0],[-77.2868,21.5963,0.0],[-77.2824,21.6032,1.7361],[-77.2787,21.6138,4.721],[-77.2693,21.6129,2.2751],[-77.259,21.6063,0.603],[-77.2524,21.6063,4.7282],[-77.2487,21.6035,0.0],[-77.2424,21.6024,5.679],[-77.2393,21.5993,1.6035],[-77.2204,21.5912,1.1087],[-77.2149,21.5863,1.1524],[-77.2071,21.5835,3.1389],[-77.1976,21.5771,3.3163],[-77.1821,21.5724,7.2008],[-77.1807,21.5696,5.5628],[-77.1726,21.5635,1.4269],[-77.1668,21.5554,0.0],[-77.1529,21.5429,0.0],[-77.1471,21.5493,0.0],[-77.1451,21.5557,0.8846],[-77.1413,21.5604,0.0],[-77.1418,21.5649,1.5526],[-77.1379,21.5704,0.0],[-77.126,21.5732,0.5623],[-77.1232,21.5721,0.4879],[-77.1176,21.5729,0.6819],[-77.1154,21.5915,1.7493],[-77.1132,21.5946,2.2733],[-77.1079,21.596,0.432],[-77.1085,21.6032,0.0],[-77.1065,21.6051,0.0],[-77.1124,21.6113,0.0],[-77.1157,21.6087,3.2483],[-77.1215,21.6096,2.9906],[-77.1274,21.6151,1.168],[-77.1354,21.6193,0.0],[-77.1374,21.6235,0.0],[-77.1407,21.6243,1.5451],[-77.1446,21.6293,0.9249],[-77.1482,21.6435,3.678],[-77.1465,21.6482,0.0],[-77.1426,21.6499,0.0],[-77.1379,21.6557,0.6518],[-77.1407,21.6635,1.2712],[-77.1424,21.6629,0.5179],[-77.1426,21.6607,1.2018],[-77.1399,21.6568,0.1504],[-77.1474,21.651,0.8449],[-77.1513,21.6515,0.0],[-77.1524,21.6496,0.6959],[-77.156,21.6496,0.9964],[-77.1579,21.6513,0.3626],[-77.1626,21.6501,0.0921],[-77.1676,21.6521,0.0],[-77.1696,21.6513,0.1289],[-77.1693,21.6488,0.2689],[-77.171,21.649,0.0],[-77.1765,21.6588,0.0],[-77.179,21.6588,0.3752],[-77.1868,21.6643,0.0],[-77.1943,21.6668,1.1831],[-77.2087,21.6829,0.0],[-77.2104,21.6826,0.0],[-77.2126,21.6787,1.1931],[-77.2174,21.679,0.0],[-77.2276,21.686,0.9779],[-77.2418,21.7018,0.9419],[-77.2504,21.7054,0.7605],[-77.2601,21.7062,0.696],[-77.2685,21.7126,0.0],[-77.2846,21.7199,1.7252],[-77.2915,21.7249,0.4851],[-77.304,21.7299,0.0],[-77.3068,21.7285,1.8121],[-77.3076,21.7321,0.0],[-77.3235,21.7496,1.4503],[-77.3318,21.7532,0.7041],[-77.3365,21.7579,0.0],[-77.3493,21.7579,1.0384],[-77.3621,21.7649,0.0],[-77.3707,21.766,0.2436],[-77.3732,21.7687,0.3972],[-77.3835,21.7735,0.0],[-77.3879,21.7735,0.0],[-77.3882,21.7718,0.947],[-77.391,21.771,0.0],[-77.3962,21.7715,0.3787],[-77.4018,21.7754,3.1391],[-77.4093,21.7868,2.2034],[-77.4224,21.796,2.5673],[-77.4254,21.8013,0.0],[-77.4365,21.8065,0.7042],[-77.441,21.8063,0.1294],[-77.4449,21.7996,0.5944],[-77.4415,21.7818,0.2665],[-77.4432,21.7768,0.6205],[-77.4471,21.774,0.0],[-77.4454,21.7699,0.2716],[-77.4357,21.7607,0.283],[-77.4293,21.7576,0.4383],[-77.424,21.7482,0.0],[-77.4193,21.7476,0.0],[-77.419,21.7501,0.0],[-77.4157,21.7512,0.5606],[-77.4068,21.7488,0.2779],[-77.4062,21.7449,0.0],[-77.4029,21.7451,0.1697],[-77.4043,21.7404,0.0],[-77.4018,21.7443,0.1697],[-77.3996,21.7446,0.0112],[-77.3979,21.7429,0.0336],[-77.3993,21.7457,0.3426],[-77.3974,21.7471,0.1581],[-77.3962,21.7512,0.3848],[-77.3921,21.749,0.0],[-77.3913,21.7521,0.1552],[-77.3899,21.7457,-0.0068],[-77.3854,21.7463,0.0],[-77.3874,21.7432,-0.0005],[-77.3899,21.744,0.0],[-77.3929,21.7426,0.0594],[-77.396,21.744,0.0552],[-77.396,21.7415,-0.0919],[-77.3993,21.741,0.0411],[-77.401,21.7424,0.0],[-77.4026,21.7401,-0.0167],[-77.401,21.7382,-0.0198],[-77.3982,21.739,-0.0787],[-77.3976,21.7371,0.0158],[-77.4026,21.7337,-0.1474],[-77.3999,21.7287,-0.1373],[-77.4043,21.721,0.0],[-77.401,21.7232,0.0721],[-77.4007,21.7199,0.0],[-77.3971,21.7221,2.0993],[-77.394,21.7215,0.0],[-77.3932,21.719,0.0],[-77.3893,21.7204,0.1859],[-77.3938,21.7146,0.0096],[-77.3999,21.7115,0.0],[-77.4026,21.7065,0.0],[-77.4088,21.701,0.0],[-77.4054,21.7018,0.0],[-77.3987,21.7107,0.2567],[-77.3996,21.7029,0.059],[-77.3943,21.6993,0.0256],[-77.3968,21.6999,0.0],[-77.399,21.6971,0.0489],[-77.3957,21.696,0.0026],[-77.3971,21.6985,-0.0848],[-77.3924,21.699,-0.3495],[-77.3921,21.6954,0.0],[-77.3874,21.6932,0.0],[-77.3849,21.6896,0.0],[-77.3896,21.6874,0.0],[-77.3921,21.6896,0.0],[-77.3943,21.6893,-0.01],[-77.394,21.6871,0.0078],[-77.3896,21.6865,0.0],[-77.3868,21.6882,0.0248],[-77.3821,21.6871,0.0],[-77.3801,21.6899,0.073],[-77.3674,21.6835,0.0],[-77.3662,21.686,1.5219],[-77.3651,21.684,0.6441],[-77.3615,21.6857,0.5218],[-77.3624,21.6826,0.1908],[-77.3607,21.6804,0.0],[-77.3599,21.6813,0.0681],[-77.3529,21.6785,0.0159],[-77.3512,21.6671,0.0],[-77.3532,21.6668,0.0],[-77.3485,21.6657,0.0],[-77.3487,21.6688,0.0],[-77.3474,21.6704,0.6864],[-77.3463,21.6696,0.6864],[-77.3457,21.6637,0.9472],[-77.3518,21.656,0.0],[-77.3524,21.6518,0.0],[-77.3504,21.6496,0.0],[-77.3532,21.6474,0.0],[-77.3549,21.6501,0.009],[-77.354,21.6554,0.0],[-77.3551,21.6535,0.0],[-77.3585,21.6526,0.0],[-77.359,21.651,0.0],[-77.356,21.6529,0.0],[-77.3562,21.6499,0.0721],[-77.3543,21.6488,0.009],[-77.354,21.6463,0.2743],[-77.3657,21.6368,1.9409],[-77.3821,21.6501,0.0],[-77.3826,21.6496,0.0],[-77.3815,21.6482,0.0],[-77.3718,21.6399,0.2493],[-77.3807,21.6432,0.0],[-77.3907,21.6446,-0.3046],[-77.4001,21.6493,0.0],[-77.4204,21.6476,0.0],[-77.4265,21.654,0.0],[-77.4343,21.6754,0.0494],[-77.4401,21.6868,0.2919],[-77.4446,21.6921,0.0],[-77.4485,21.7007,0.0],[-77.4512,21.7021,0.0],[-77.456,21.7143,0.1336],[-77.4599,21.7193,0.0],[-77.4643,21.7346,0.0],[-77.456,21.7376,0.0],[-77.4529,21.7429,0.0],[-77.4482,21.7454,0.0],[-77.4474,21.7426,0.1998],[-77.4432,21.7437,-0.0205],[-77.4421,21.7426,0.0],[-77.4413,21.7482,0.2046],[-77.4382,21.7499,0.0493],[-77.436,21.7479,0.3156],[-77.4399,21.739,0.7802],[-77.4454,21.7354,0.0],[-77.4401,21.7346,0.0],[-77.439,21.7304,0.0],[-77.4371,21.729,1.7533],[-77.4374,21.726,0.2041],[-77.4457,21.7274,0.0],[-77.4468,21.7251,0.0],[-77.4451,21.7226,0.0],[-77.4435,21.7218,0.0],[-77.4415,21.7243,0.0],[-77.4354,21.7251,0.0],[-77.4229,21.7246,0.0],[-77.4146,21.7262,0.0],[-77.4104,21.7288,0.0],[-77.4104,21.7313,0.0],[-77.4154,21.7351,0.0],[-77.4193,21.7354,0.0],[-77.4232,21.7404,0.0],[-77.4276,21.7432,0.0],[-77.4307,21.7437,0.1755],[-77.4324,21.7565,0.11],[-77.4407,21.7537,0.0817],[-77.4474,21.7557,0.0],[-77.4479,21.7546,0.4156],[-77.4454,21.7546,0.8447],[-77.4471,21.7526,0.0553],[-77.4568,21.7526,-0.0511],[-77.4593,21.7563,0.1555],[-77.4604,21.7621,0.0],[-77.4571,21.7651,0.293],[-77.4574,21.7676,0.4947],[-77.4668,21.771,0.0],[-77.4626,21.7743,0.0],[-77.4632,21.776,0.0],[-77.4707,21.7771,0.0268],[-77.4765,21.7712,2.0762],[-77.4701,21.7721,0.1404],[-77.4671,21.7665,0.0],[-77.4651,21.7668,0.0],[-77.4643,21.764,0.5168],[-77.461,21.7621,0.1865],[-77.4626,21.7557,0.0],[-77.459,21.7549,0.0048],[-77.4571,21.7521,-0.0511],[-77.4579,21.7499,0.0],[-77.4554,21.7493,0.0],[-77.4538,21.7457,0.0],[-77.4546,21.7426,0.0],[-77.4596,21.7382,0.0],[-77.4646,21.7399,0.0],[-77.4699,21.7496,0.0],[-77.4699,21.7549,0.0],[-77.4662,21.756,0.0],[-77.4676,21.761,0.0],[-77.4762,21.7649,0.0],[-77.4815,21.7651,0.0],[-77.4812,21.7701,0.0],[-77.4776,21.7718,0.0],[-77.4762,21.7743,0.0],[-77.4857,21.7721,0.0],[-77.4901,21.7679,0.2301],[-77.4946,21.771,0.0],[-77.4996,21.7663,0.8614],[-77.5146,21.7657,0.0],[-77.5224,21.7524,0.0],[-77.5279,21.7474,0.7839],[-77.5346,21.7457,2.7418],[-77.541,21.7465,1.035],[-77.5435,21.7504,2.0914],[-77.5468,21.7521,0.0],[-77.5529,21.7524,0.6484],[-77.5687,21.7651,0.3895],[-77.5679,21.7668,0.0],[-77.5757,21.7729,0.0],[-77.5982,21.7724,0.0],[-77.604,21.7754,0.772],[-77.6224,21.7757,0.0],[-77.634,21.7749,0.4187],[-77.6393,21.7726,1.4883],[-77.6449,21.7757,0.0],[-77.6501,21.7751,0.6236],[-77.6574,21.7718,1.8178],[-77.6679,21.7715,1.9157],[-77.6721,21.774,0.0],[-77.6762,21.7818,0.6976],[-77.6821,21.7865,0.3023],[-77.6849,21.7868,0.5016],[-77.6915,21.7821,0.0],[-77.7043,21.7846,0.0],[-77.708,21.7829,2.019],[-77.7104,21.7835,4.2949],[-77.7196,21.7935,2.0154],[-77.7257,21.7949,2.2411],[-77.7318,21.7935,2.1158],[-77.7432,21.7968,2.986],[-77.7487,21.8043,0.0],[-77.7571,21.8254,5.848],[-77.7624,21.8507,2.0777],[-77.7671,21.8576,0.0],[-77.7693,21.8726,0.0],[-77.7712,21.8751,0.0],[-77.7749,21.876,0.0],[-77.7851,21.8657,0.9158],[-77.7915,21.8649,0.9829],[-77.8007,21.8649,1.2003],[-77.8032,21.8665,0.7112],[-77.8071,21.8654,1.3644],[-77.811,21.8704,3.4434],[-77.8154,21.8701,4.1131],[-77.8171,21.8724,0.0],[-77.8213,21.8738,0.1501],[-77.8213,21.8793,0.0],[-77.8285,21.8851,0.5266],[-77.829,21.8901,1.4151],[-77.8343,21.8924,0.9396],[-77.8368,21.8988,0.0],[-77.8429,21.901,2.37],[-77.8443,21.9057,0.7188],[-77.851,21.9101,0.6519],[-77.8515,21.9135,0.2712],[-77.8568,21.9182,0.291],[-77.8579,21.9243,1.5123],[-77.8568,21.9274,0.6969],[-77.8549,21.9282,0.0],[-77.8562,21.931,0.874],[-77.8518,21.9338,0.3574],[-77.8457,21.934,1.9506],[-77.8426,21.9376,1.4485],[-77.8368,21.9399,0.0],[-77.8318,21.9385,0.0],[-77.8301,21.9401,0.0],[-77.8226,21.9407,1.6867],[-77.8182,21.9393,2.2782],[-77.8129,21.9399,0.0],[-77.811,21.9432,1.5907],[-77.8129,21.9449,0.8434],[-77.8063,21.9451,0.0],[-77.8015,21.9485,0.0],[-77.7988,21.9568,0.5243],[-77.796,21.9585,1.425],[-77.7896,21.9521,0.2448],[-77.7893,21.9496,0.2712],[-77.7915,21.9496,0.0869],[-77.7901,21.9479,0.0],[-77.7882,21.9496,0.2712],[-77.789,21.9535,0.2448],[-77.7918,21.9565,0.0],[-77.791,21.9593,0.5168],[-77.7854,21.9601,0.2563],[-77.7846,21.9576,0.0918],[-77.7838,21.959,0.2563],[-77.7787,21.9599,0.2201],[-77.779,21.9549,0.0],[-77.7768,21.9557,0.0],[-77.7757,21.9546,0.0],[-77.7765,21.9488,0.1854],[-77.7799,21.9476,0.0],[-77.7826,21.9438,0.0],[-77.7868,21.9432,0.3087],[-77.7879,21.9415,0.4196],[-77.7901,21.9429,0.7184],[-77.7937,21.9418,1.537],[-77.7937,21.9396,0.682],[-77.7913,21.9387,0.0],[-77.7871,21.9399,0.0],[-77.7843,21.9432,0.0],[-77.7807,21.9438,0.9923],[-77.779,21.9468,0.0],[-77.776,21.9482,0.0],[-77.7749,21.9576,0.3441],[-77.7732,21.959,0.8888],[-77.7696,21.9582,0.0],[-77.7646,21.9596,0.3911],[-77.764,21.9557,0.0],[-77.7599,21.9565,0.1008],[-77.761,21.9526,0.7059],[-77.7501,21.9476,0.3813],[-77.7507,21.9454,0.0],[-77.7482,21.9432,0.0],[-77.751,21.9435,0.0],[-77.749,21.9421,0.0],[-77.7465,21.9424,0.0],[-77.749,21.9451,0.0],[-77.7485,21.9557,0.2209],[-77.746,21.9568,0.0],[-77.7449,21.9557,0.0],[-77.7432,21.9526,0.5916],[-77.744,21.9496,0.0],[-77.7421,21.9521,-0.163],[-77.7407,21.9518,0.1296],[-77.7412,21.9493,0.128],[-77.7396,21.9513,0.3759],[-77.7357,21.9499,0.0],[-77.7335,21.9513,0.1624],[-77.7368,21.9457,0.0],[-77.7363,21.9418,0.0],[-77.7354,21.9468,0.0],[-77.7318,21.9479,0.2108],[-77.729,21.9454,0.1656],[-77.7304,21.9438,0.0],[-77.7296,21.9413,0.1969],[-77.7312,21.9415,0.3368],[-77.7312,21.9399,0.1516],[-77.7268,21.9393,0.3142],[-77.7229,21.9365,0.946],[-77.7232,21.9343,0.2187],[-77.7207,21.9354,0.0],[-77.7218,21.9329,0.14],[-77.7204,21.9326,0.14],[-77.719,21.9265,0.0],[-77.7235,21.9279,0.3045],[-77.7249,21.9235,0.0],[-77.719,21.9235,0.0],[-77.7193,21.9207,0.0],[-77.7157,21.9157,0.1017],[-77.7162,21.9138,0.1176],[-77.7096,21.9093,0.2083],[-77.7115,21.9063,0.1768],[-77.709,21.9032,0.0868],[-77.7101,21.8974,0.0],[-77.7074,21.8929,1.3331],[-77.7079,21.889,1.8553],[-77.7096,21.8879,1.5767],[-77.7082,21.8851,1.4331],[-77.7107,21.8838,0.2518],[-77.7121,21.8851,0.0],[-77.7118,21.8832,0.0],[-77.7068,21.8826,0.0],[-77.7057,21.8899,0.8228],[-77.701,21.8926,0.0],[-77.7018,21.8943,0.1439],[-77.7054,21.8929,0.1345],[-77.7074,21.8979,0.0],[-77.7071,21.9035,0.0],[-77.7093,21.9046,0.0],[-77.7082,21.9076,0.1725],[-77.7068,21.9096,0.0],[-77.7032,21.9099,0.0],[-77.7012,21.9146,0.0],[-77.6999,21.914,0.0],[-77.6996,21.911,0.1464],[-77.6968,21.9112,0.0],[-77.7012,21.9157,0.0],[-77.7001,21.9182,0.0],[-77.7021,21.9174,0.0],[-77.7038,21.9121,0.0],[-77.706,21.9104,0.0],[-77.7096,21.9101,0.2083],[-77.7135,21.9154,0.0],[-77.709,21.919,0.1841],[-77.7068,21.919,0.111],[-77.7043,21.916,0.1521],[-77.7054,21.9196,0.0],[-77.6979,21.9232,0.0],[-77.6976,21.9179,0.0],[-77.6937,21.9179,0.118],[-77.6924,21.9154,0.1036],[-77.694,21.9121,0.0],[-77.6924,21.9085,0.2193],[-77.6943,21.9076,0.0],[-77.6951,21.9046,0.3068],[-77.6974,21.9071,0.0],[-77.6988,21.9046,0.2185],[-77.7021,21.9043,0.0],[-77.7012,21.9004,0.0],[-77.7026,21.8982,0.0],[-77.6999,21.8976,0.0],[-77.6988,21.9015,0.1186],[-77.694,21.9001,0.0],[-77.689,21.9026,0.1438],[-77.6885,21.8993,0.0],[-77.6865,21.9001,0.2371],[-77.6854,21.8971,0.1406],[-77.6868,21.8954,0.7206],[-77.6857,21.8896,0.0],[-77.6837,21.8918,0.2893],[-77.684,21.8951,0.1144],[-77.6774,21.8985,0.0],[-77.6749,21.9043,0.2427],[-77.669,21.904,0.3435],[-77.6674,21.9004,0.0],[-77.6687,21.8976,0.0],[-77.6668,21.8993,0.0],[-77.6654,21.9032,0.0788],[-77.6621,21.8999,0.4372],[-77.6621,21.8985,0.2103],[-77.6637,21.8985,0.0],[-77.6618,21.8971,0.2103],[-77.6626,21.894,0.0],[-77.661,21.8907,0.0491],[-77.6526,21.8846,0.1552],[-77.6524,21.8821,0.0],[-77.649,21.879,0.2333],[-77.6507,21.876,0.0],[-77.6554,21.8793,0.0],[-77.6568,21.8779,0.3401],[-77.661,21.8785,0.4775],[-77.6607,21.8804,1.1434],[-77.6621,21.8807,0.0],[-77.664,21.8793,0.9201],[-77.6632,21.8771,1.2436],[-77.6537,21.8732,0.0],[-77.6521,21.8738,0.7828],[-77.6524,21.876,0.7352],[-77.6493,21.8757,0.0],[-77.6476,21.8804,0.0],[-77.6504,21.8815,0.2334],[-77.6521,21.8865,0.3636],[-77.6482,21.889,0.3262],[-77.6521,21.8932,0.0],[-77.6504,21.8943,0.2061],[-77.6468,21.8915,0.104],[-77.6476,21.8868,0.0],[-77.646,21.884,0.0773],[-77.6471,21.8826,0.3474],[-77.6438,21.8776,0.0],[-77.6443,21.8735,0.0],[-77.6365,21.8754,0.0],[-77.636,21.8771,0.5295],[-77.634,21.8743,0.6815],[-77.6263,21.8746,0.4441],[-77.6299,21.8704,0.971],[-77.6288,21.8682,1.2648],[-77.6307,21.8676,2.1192],[-77.6307,21.8657,3.5506],[-77.6343,21.8665,1.2256],[-77.6349,21.8654,0.9666],[-77.634,21.8632,0.0],[-77.6282,21.8601,0.0],[-77.6218,21.8601,0.0],[-77.6193,21.8629,0.9141],[-77.6132,21.8646,1.1961],[-77.6137,21.8676,0.4201],[-77.6179,21.8693,0.0],[-77.6221,21.8782,0.7899],[-77.6201,21.8796,0.0],[-77.6218,21.8815,0.1878],[-77.6193,21.8821,0.3886],[-77.6179,21.8804,0.0],[-77.6162,21.8821,0.7522],[-77.6162,21.8993,0.7637],[-77.6143,21.9021,1.066],[-77.6121,21.9024,1.3393],[-77.6107,21.9015,0.4831],[-77.6118,21.899,0.3573],[-77.6104,21.8993,0.0],[-77.6076,21.9068,0.4003],[-77.6029,21.9082,0.0],[-77.5985,21.9132,0.3421],[-77.5954,21.9135,0.0],[-77.5921,21.9249,0.0],[-77.5974,21.926,0.0],[-77.6029,21.9238,0.0],[-77.6035,21.9224,0.3869],[-77.5982,21.9179,0.5315],[-77.6038,21.9171,0.4969],[-77.6018,21.9193,0.0],[-77.6035,21.9215,0.4215],[-77.606,21.9212,0.0811],[-77.6046,21.9263,0.0],[-77.611,21.9285,0.5943],[-77.6096,21.9363,0.0],[-77.6132,21.9429,0.5217],[-77.6113,21.9485,0.0],[-77.614,21.9515,0.0684],[-77.6168,21.9499,0.1426],[-77.6157,21.9451,0.1943],[-77.6185,21.944,0.0],[-77.6215,21.9393,0.1788],[-77.6237,21.939,0.0],[-77.6232,21.9371,0.3773],[-77.629,21.9385,0.0],[-77.6312,21.9371,0.0952],[-77.6293,21.9324,0.0],[-77.6274,21.9324,0.0],[-77.6274,21.9301,0.4361],[-77.6335,21.9276,0.0],[-77.6326,21.9218,0.0],[-77.6343,21.9157,0.0],[-77.639,21.9146,0.0933],[-77.6401,21.9129,0.0],[-77.6368,21.9124,0.3063],[-77.636,21.9085,0.0],[-77.6329,21.9115,0.1876],[-77.6312,21.9068,0.0],[-77.6265,21.9138,0.3796],[-77.6265,21.9104,0.0],[-77.6243,21.9074,0.2118],[-77.6265,21.9029,0.0],[-77.6307,21.9026,0.0],[-77.626,21.9021,0.0],[-77.6263,21.9013,0.2125],[-77.6299,21.9013,0.0825],[-77.6282,21.8988,0.0],[-77.6401,21.9015,0.0],[-77.6496,21.8951,0.2671],[-77.6532,21.8988,0.0],[-77.6537,21.9068,0.0],[-77.6507,21.9079,0.1718],[-77.6499,21.9054,0.0],[-77.6471,21.9068,0.0],[-77.6462,21.9054,0.3744],[-77.6476,21.904,0.3744],[-77.6426,21.9029,0.6082],[-77.6424,21.9013,0.0],[-77.6396,21.9032,0.0],[-77.6393,21.9054,0.0],[-77.6365,21.9051,0.0],[-77.6363,21.9071,0.0],[-77.6421,21.9088,0.0],[-77.6451,21.906,0.239],[-77.6471,21.9099,0.0],[-77.6499,21.9104,0.4632],[-77.6513,21.9126,0.0534],[-77.656,21.9138,0.0],[-77.6599,21.9112,0.6391],[-77.6618,21.9151,0.0],[-77.6585,21.9182,0.4484],[-77.6599,21.9201,0.0],[-77.6579,21.921,0.2781],[-77.6576,21.9188,0.0],[-77.6562,21.919,0.0],[-77.6554,21.9224,0.0],[-77.6588,21.9251,0.7807],[-77.6632,21.9243,0.2746],[-77.6665,21.9287,0.7038],[-77.6535,21.9299,0.0],[-77.6479,21.9338,0.3281],[-77.6471,21.9315,0.0],[-77.6432,21.9326,0.2266],[-77.6401,21.9301,0.0],[-77.6387,21.9315,0.0],[-77.639,21.9346,0.0],[-77.6343,21.9365,0.0],[-77.6304,21.9413,0.0],[-77.6312,21.944,0.3855],[-77.629,21.9426,0.0],[-77.6268,21.9451,0.0],[-77.6279,21.9463,0.0],[-77.6312,21.9443,0.3855],[-77.6349,21.9446,0.0],[-77.6371,21.949,0.0],[-77.6429,21.9457,0.3104],[-77.6385,21.9538,0.0],[-77.6374,21.9604,0.0],[-77.641,21.9579,0.0],[-77.6446,21.9474,0.0],[-77.6438,21.959,0.1211],[-77.6449,21.9607,0.0],[-77.6543,21.9604,0.2712],[-77.6551,21.9576,0.3761],[-77.6557,21.9588,0.2712],[-77.6582,21.9579,1.3197],[-77.659,21.9607,1.1863],[-77.6562,21.9638,0.1751],[-77.6585,21.9654,1.251],[-77.6562,21.9701,1.1287],[-77.654,21.9713,0.4285],[-77.6524,21.9676,0.0],[-77.6501,21.9685,0.0],[-77.649,21.9674,0.5111],[-77.6462,21.9715,0.1451],[-77.6438,21.9721,0.0],[-77.6451,21.9729,0.0],[-77.6443,21.9749,0.0],[-77.6487,21.9757,0.5266],[-77.6479,21.9879,0.0],[-77.6354,21.9915,0.0],[-77.6324,21.996,2.2989],[-77.629,21.9951,0.0],[-77.6268,21.9968,0.7601],[-77.6251,21.9957,0.7966],[-77.6229,21.9971,0.3685],[-77.6218,22.0024,2.8878],[-77.6215,22.0093,5.0957],[-77.6271,22.0221,0.0],[-77.6282,22.0335,0.0],[-77.6326,22.0396,0.3211],[-77.6368,22.0418,0.9528],[-77.641,22.0513,0.694],[-77.6449,22.0537,0.6986],[-77.6485,22.0596,0.396],[-77.6565,22.0613,5.3077],[-77.6607,22.064,0.0],[-77.6687,22.0643,0.0],[-77.6726,22.0615,0.0],[-77.6762,22.0554,0.4844],[-77.6793,22.0546,0.0],[-77.681,22.0499,0.397],[-77.6851,22.0493,0.4836],[-77.6876,22.0515,0.0901],[-77.6879,22.0557,0.0],[-77.6982,22.0537,0.6261],[-77.7004,22.0574,0.0],[-77.6999,22.0601,0.0],[-77.7076,22.061,0.0],[-77.7104,22.0554,0.6702],[-77.7129,22.0574,0.0],[-77.7146,22.0557,0.0],[-77.7224,22.0563,0.3497],[-77.7229,22.0599,0.1262],[-77.7182,22.0615,0.0],[-77.729,22.0685,0.2695],[-77.7337,22.0651,0.5654],[-77.7337,22.0613,0.3607],[-77.7324,22.0599,0.0],[-77.7293,22.061,0.1682],[-77.7262,22.0596,0.0],[-77.7257,22.0574,0.6119],[-77.7304,22.0563,0.4289],[-77.7449,22.0688,0.6736],[-77.7471,22.0735,0.5505],[-77.7499,22.0746,0.1978],[-77.7499,22.0771,0.0],[-77.7532,22.0738,0.0],[-77.7449,22.0654,0.0],[-77.746,22.0607,0.0],[-77.7429,22.0535,0.0],[-77.7457,22.051,0.4065],[-77.7496,22.0535,0.2995],[-77.7499,22.0501,0.3096],[-77.7524,22.0468,0.588],[-77.7615,22.044,0.1666],[-77.7668,22.0399,2.1138],[-77.769,22.0401,1.5892],[-77.7715,22.0374,0.0],[-77.7699,22.0374,0.5991],[-77.7688,22.0349,1.4442],[-77.7724,22.034,0.5041],[-77.7724,22.0362,0.0],[-77.7751,22.0382,0.0],[-77.7721,22.0385,0.0],[-77.7693,22.041,0.3282],[-77.7671,22.0407,0.2611],[-77.7618,22.0449,0.1666],[-77.7526,22.0476,0.4271],[-77.7507,22.0546,0.0],[-77.7543,22.0549,1.3072],[-77.7615,22.064,0.0846],[-77.7654,22.066,0.4805],[-77.7671,22.069,0.0],[-77.7693,22.0693,0.0],[-77.7693,22.0724,0.0],[-77.7726,22.079,0.0],[-77.7763,22.0799,0.5576],[-77.776,22.0829,0.1608],[-77.7838,22.0868,0.9426],[-77.7865,22.0965,0.3987],[-77.7882,22.0965,0.0],[-77.7893,22.0932,0.3549],[-77.7932,22.094,0.0],[-77.7957,22.0974,0.0],[-77.8012,22.0951,0.2471],[-77.8015,22.0932,0.1204],[-77.7962,22.0951,0.1309],[-77.7937,22.0915,0.1295],[-77.7885,22.0888,0.0],[-77.7893,22.0874,0.1126],[-77.7935,22.0904,0.2427],[-77.7962,22.0876,0.5396],[-77.796,22.0893,0.0],[-77.8018,22.090699999999998,0.0],[-77.8054,22.0965,0.0],[-77.8124,22.0946,0.2611],[-77.8168,22.0985,0.4383],[-77.8199,22.0987,0.4678],[-77.8201,22.096,0.1675],[-77.8254,22.0954,0.3803],[-77.831,22.0987,0.4121],[-77.8304,22.1026,0.0],[-77.8343,22.1024,0.0],[-77.8371,22.1046,0.0],[-77.8354,22.1076,0.7889],[-77.8362,22.1149,0.5281],[-77.8343,22.1179,0.3666],[-77.831,22.1193,0.0],[-77.8321,22.1257,0.0],[-77.8293,22.1301,0.34],[-77.8288,22.1401,0.0],[-77.8262,22.1449,0.1439],[-77.8324,22.1488,0.0],[-77.8357,22.153199999999998,-0.4203],[-77.8412,22.156,0.0],[-77.8401,22.1649,0.0],[-77.8379,22.169,0.0],[-77.841,22.1701,0.1717],[-77.846,22.1671,0.0],[-77.8501,22.1712,0.0],[-77.8565,22.1676,0.1029],[-77.8421,22.1651,0.0],[-77.844,22.1615,0.0],[-77.8421,22.1604,0.0],[-77.8437,22.1588,0.0],[-77.8432,22.1549,0.1855],[-77.8496,22.153199999999998,0.0],[-77.8532,22.156,0.0815],[-77.8529,22.1588,0.0],[-77.8546,22.161,0.0],[-77.8571,22.1615,0.2204],[-77.8587,22.1601,0.0],[-77.8546,22.159,0.614],[-77.854,22.1571,0.0],[-77.8562,22.1557,0.0],[-77.8626,22.159,0.0],[-77.8729,22.1604,0.3034],[-77.8785,22.1701,0.2907],[-77.8974,22.1768,1.4587],[-77.8982,22.1849,0.0],[-77.8929,22.1879,0.8793],[-77.8918,22.1863,0.0848],[-77.8863,22.1876,0.1784],[-77.889,22.184,0.1364],[-77.8949,22.1829,0.0],[-77.8896,22.1796,0.0],[-77.8885,22.1799,0.0],[-77.8887,22.1837,0.3611],[-77.8868,22.184,0.1653],[-77.8843,22.1887,0.0],[-77.8788,22.1865,0.0],[-77.8676,22.1879,0.2315],[-77.866,22.1843,0.1627],[-77.8637,22.1846,0.0],[-77.8618,22.1865,0.0],[-77.8624,22.191,0.382],[-77.8599,22.1921,0.3475],[-77.8601,22.194,0.0],[-77.8632,22.1924,0.0],[-77.8693,22.2026,1.5949],[-77.859,22.2018,0.0],[-77.8607,22.2051,0.1282],[-77.8551,22.2074,0.0],[-77.8576,22.2104,0.0],[-77.8574,22.214,0.0],[-77.8324,22.2299,0.0],[-77.8249,22.2335,0.307],[-77.8199,22.234,0.8502],[-77.8213,22.2299,0.0],[-77.8174,22.2301,0.0],[-77.8163,22.2274,0.8565],[-77.819,22.226,0.0],[-77.8187,22.2235,0.0],[-77.8104,22.226,0.0],[-77.8104,22.2282,0.0],[-77.8074,22.2263,0.0],[-77.8085,22.2246,0.755],[-77.8112,22.2249,0.8627],[-77.8179,22.2213,0.4272],[-77.8193,22.2188,0.0],[-77.8193,22.2176,0.0],[-77.8171,22.219,1.2683],[-77.8151,22.2182,0.0],[-77.8157,22.2151,0.0],[-77.8129,22.2182,0.0972],[-77.8099,22.2176,0.0],[-77.8143,22.2135,0.2059],[-77.8171,22.2129,0.0],[-77.8157,22.2107,0.4136],[-77.8115,22.2138,1.1247],[-77.8071,22.2107,0.1131],[-77.8099,22.2088,0.0],[-77.8107,22.2051,0.0],[-77.8074,22.2051,0.0],[-77.8065,22.2013,0.0],[-77.8135,22.2015,0.2927],[-77.8104,22.1987,0.0],[-77.804,22.1982,0.0],[-77.8079,22.1899,0.5262],[-77.8024,22.1913,0.2669],[-77.7954,22.1868,0.0],[-77.7899,22.1893,0.0],[-77.7901,22.1868,0.0],[-77.7949,22.1843,0.3395],[-77.7926,22.1829,0.533],[-77.7879,22.1879,0.2601],[-77.7854,22.1879,0.0],[-77.7843,22.191,0.1846],[-77.7826,22.191,0.2808],[-77.781,22.1896,0.0],[-77.7821,22.1849,0.1412],[-77.7915,22.1829,0.1614],[-77.7915,22.1815,0.1503],[-77.7785,22.1782,0.238],[-77.779,22.176,0.4609],[-77.7735,22.1751,0.0],[-77.771,22.1724,0.2241],[-77.766,22.1732,0.0],[-77.7649,22.1704,0.0],[-77.7574,22.1676,0.219],[-77.7529,22.1668,0.0],[-77.7476,22.1704,1.359],[-77.7501,22.1668,0.0],[-77.7451,22.166,0.632],[-77.7432,22.1693,0.0],[-77.7457,22.1754,0.7616],[-77.756,22.1796,0.6842],[-77.7646,22.1871,0.0],[-77.7818,22.1963,1.2978],[-77.7876,22.2013,0.0],[-77.8204,22.246,0.0],[-77.8251,22.2563,1.8044],[-77.8304,22.2771,0.0],[-77.8399,22.2882,1.0933],[-77.846,22.3054,0.8921],[-77.8499,22.3076,0.0],[-77.8549,22.3065,0.7604],[-77.8615,22.3113,0.5924],[-77.8643,22.3165,0.0],[-77.8676,22.3149,1.3484],[-77.8729,22.3176,0.0],[-77.8751,22.3126,1.2596],[-77.8757,22.3043,0.7407],[-77.8715,22.2988,0.3919],[-77.8674,22.2968,0.0],[-77.8629,22.3012,0.1506],[-77.8568,22.3001,0.0],[-77.8557,22.3012,0.4262],[-77.8565,22.2954,0.0],[-77.8538,22.2951,0.0],[-77.8529,22.2929,0.0],[-77.8507,22.2943,0.0],[-77.8507,22.2923,0.0],[-77.8529,22.2915,0.5455],[-77.8493,22.2904,2.1373],[-77.849,22.281,0.2882],[-77.8432,22.2757,1.3246],[-77.8349,22.2626,1.2412],[-77.8349,22.2557,0.0],[-77.8421,22.2529,0.0],[-77.8426,22.2512,0.0],[-77.8362,22.2468,0.0],[-77.8321,22.2485,0.3184],[-77.8315,22.2454,0.0],[-77.8282,22.2454,0.214],[-77.8285,22.2432,0.0],[-77.8251,22.2393,0.0],[-77.8265,22.236,0.1634],[-77.8296,22.2357,0.0],[-77.8288,22.2332,1.0822],[-77.8335,22.2351,0.0],[-77.8346,22.2337,0.0387],[-77.8337,22.2299,0.0],[-77.8579,22.2143,0.0902],[-77.8629,22.2232,0.0],[-77.8643,22.2199,0.0],[-77.8615,22.211,0.357],[-77.8654,22.2074,0.0],[-77.8732,22.206,0.0],[-77.8768,22.2065,1.753],[-77.879,22.209,0.0],[-77.8774,22.2149,0.0],[-77.8793,22.2138,0.0],[-77.8793,22.2104,0.0],[-77.8812,22.2099,0.5324],[-77.8846,22.2126,0.0],[-77.8871,22.2104,0.1494],[-77.8904,22.2107,0.0145],[-77.8924,22.215699999999998,0.0],[-77.891,22.2201,0.0],[-77.889,22.216,0.0],[-77.8846,22.2146,0.0],[-77.8926,22.2296,0.0],[-77.8851,22.2313,0.0399],[-77.8824,22.2299,0.0],[-77.8774,22.2307,0.0625],[-77.8735,22.2335,0.0],[-77.8746,22.2363,0.0],[-77.8807,22.2365,0.2649],[-77.8835,22.2388,0.0],[-77.8863,22.2363,0.055],[-77.879,22.2354,0.0],[-77.8785,22.2332,0.0],[-77.8887,22.2307,0.0],[-77.891,22.2318,0.183],[-77.8876,22.2351,0.1039],[-77.8929,22.2343,0.0],[-77.8957,22.229,0.0],[-77.8921,22.2263,0.1195],[-77.8929,22.2243,0.1571],[-77.8974,22.2257,0.0],[-77.9013,22.2296,0.0],[-77.9082,22.2254,0.2109],[-77.9085,22.2237,0.0],[-77.9054,22.2257,0.0],[-77.9001,22.2185,0.0],[-77.8965,22.2171,-0.0132],[-77.8987,22.2146,0.1898],[-77.9035,22.2185,0.1589],[-77.911,22.2213,0.0465],[-77.9121,22.2249,0.0205],[-77.9168,22.2254,0.0],[-77.9179,22.2232,0.0],[-77.9154,22.2243,0.0932],[-77.9163,22.221,-0.0095],[-77.9107,22.2179,-0.0368],[-77.909,22.2149,0.6131],[-77.911,22.2135,0.0],[-77.9151,22.2188,0.0],[-77.9149,22.2171,0.037],[-77.9168,22.215699999999998,0.0708],[-77.9149,22.2138,0.0504],[-77.9149,22.2107,0.0677],[-77.9193,22.2113,0.0],[-77.9174,22.2149,0.0],[-77.9196,22.215699999999998,0.0],[-77.9218,22.2118,0.0],[-77.921,22.2076,0.0],[-77.9176,22.2062,0.0],[-77.916,22.2079,0.0],[-77.9124,22.2068,0.0],[-77.9096,22.209,0.0],[-77.9068,22.209,0.0],[-77.9071,22.2062,0.0],[-77.9049,22.2062,0.4859],[-77.904,22.2046,0.1115],[-77.9076,22.2021,0.0],[-77.9071,22.2001,0.0],[-77.9015,22.2004,0.0],[-77.9037,22.1979,0.1788],[-77.9104,22.1985,0.0],[-77.9118,22.2004,0.6568],[-77.9185,22.2007,0.0],[-77.9179,22.204,0.0],[-77.9196,22.2046,0.0],[-77.9212,22.2035,0.0],[-77.9201,22.1999,0.0],[-77.9135,22.1976,0.0],[-77.9132,22.1946,0.0311],[-77.9149,22.1937,0.2017],[-77.9149,22.196,0.0],[-77.9215,22.1971,0.0],[-77.9254,22.1949,0.2069],[-77.9274,22.1965,0.204],[-77.9282,22.2046,0.4461],[-77.924,22.2088,-0.0954],[-77.9246,22.2132,0.2343],[-77.9207,22.219,0.1058],[-77.9215,22.221,0.0],[-77.9262,22.2199,0.0],[-77.9265,22.2143,0.0676],[-77.9287,22.2126,0.0584],[-77.9318,22.2138,0.0],[-77.9307,22.209,0.0],[-77.9318,22.2088,0.0],[-77.9337,22.211,0.0],[-77.9335,22.2165,0.0],[-77.9357,22.2193,0.0],[-77.9371,22.2265,0.0],[-77.9426,22.2296,0.1422],[-77.9457,22.2296,0.1897],[-77.9476,22.2324,0.0],[-77.9488,22.2279,0.0],[-77.9532,22.2235,0.0],[-77.9596,22.226,0.0],[-77.961,22.229,0.0985],[-77.9596,22.2313,0.0],[-77.9649,22.2293,0.1539],[-77.966,22.2315,0.0801],[-77.9679,22.229,0.1363],[-77.9646,22.2276,0.0828],[-77.9657,22.2268,0.1081],[-77.969,22.2288,0.0],[-77.9751,22.2271,0.087],[-77.9826,22.2299,0.2638],[-77.9846,22.2326,0.0],[-77.9889,22.2343,0.0],[-78.0396,22.1646,0.0],[-78.034,22.1607,0.0],[-78.0324,22.1504,0.0],[-78.0249,22.1437,0.0],[-78.0129,22.1246,0.0],[-78.0046,22.1224,0.4167],[-77.9943,22.1232,0.0],[-77.9874,22.1207,0.0],[-77.9854,22.1238,0.1249],[-77.9846,22.1315,0.0713],[-77.9854,22.1329,0.0],[-77.9874,22.1329,0.0],[-77.9854,22.1304,0.1908],[-77.9874,22.1293,0.1908],[-77.9876,22.1224,0.0],[-77.9943,22.1251,0.6557],[-78.0024,22.1238,0.0],[-78.0074,22.1329,0.0],[-78.0121,22.1363,0.0],[-78.0118,22.1396,0.0],[-78.0085,22.136,0.0],[-78.0038,22.1374,0.0171],[-78.0018,22.1274,0.0],[-77.999,22.1279,0.0],[-77.9968,22.1265,0.0],[-77.9979,22.1285,0.0],[-78.0015,22.1296,0.0405],[-78.0026,22.1354,0.1499],[-78.0004,22.1374,0.0],[-77.994,22.1376,0.0],[-77.9951,22.1338,0.0],[-77.9985,22.1338,0.0],[-77.9965,22.1304,0.0],[-77.9926,22.1329,0.0],[-77.9924,22.1274,0.0],[-77.9901,22.1262,0.0],[-77.991,22.1357,0.0],[-77.9926,22.1371,0.0],[-77.991,22.1379,0.0],[-77.9882,22.1365,0.0],[-77.9879,22.1346,0.0],[-77.9835,22.136,0.0598],[-77.9796,22.1318,0.0],[-77.9768,22.1313,0.0],[-77.974,22.126,0.0368],[-77.9754,22.1238,0.1572],[-77.9782,22.1271,0.0],[-77.9757,22.1218,0.0],[-77.9715,22.1218,0.0],[-77.9671,22.1185,0.0],[-77.9629,22.1176,0.0],[-77.9599,22.1213,0.0],[-77.9546,22.1129,0.0],[-77.9529,22.1143,0.0],[-77.9493,22.1137,0.0],[-77.951,22.1085,0.0],[-77.9454,22.1026,0.0783],[-77.9524,22.1035,0.0],[-77.9538,22.1004,0.0],[-77.9532,22.096,0.0],[-77.9501,22.0924,0.2943],[-77.9465,22.0938,0.1037],[-77.9424,22.0915,0.0],[-77.9435,22.086,0.0985],[-77.9413,22.0796,0.0],[-77.9437,22.0751,0.2476],[-77.9515,22.0746,0.0],[-77.9526,22.0729,0.0],[-77.9512,22.0682,0.0],[-77.9451,22.066,1.369],[-77.9418,22.0624,1.211],[-77.9449,22.0565,0.0],[-77.9424,22.0451,0.0],[-77.9382,22.0374,0.0],[-77.9304,22.0354,0.0],[-77.9221,22.0274,0.4123],[-77.9212,22.0246,0.2868],[-77.9154,22.0224,0.1949],[-77.9001,22.0107,0.5602],[-77.9068,21.9789,0.0],[-77.9057,21.9793,0.0],[-77.8993,22.0104,0.0],[-77.8921,22.0035,0.0],[-77.8851,22.0012,0.0],[-77.8818,22.0038,0.5821],[-77.8782,22.0026,0.0],[-77.8785,22.0057,0.2652],[-77.8771,22.006,0.2305],[-77.8757,22.0029,0.0789],[-77.8721,22.0021,0.0],[-77.864,21.9951,0.0],[-77.8693,22.0035,0.0],[-77.8693,22.0049,0.0],[-77.8651,22.0049,0.0],[-77.8607,22.0004,0.0],[-77.8587,21.9901,0.0],[-77.8576,22.004,0.136],[-77.859,22.0062,0.0],[-77.8587,22.0004,0.0787],[-77.8599,22.0004,0.0],[-77.8626,22.0051,0.0402],[-77.8618,22.0107,0.0],[-77.8593,22.0121,0.0],[-77.8532,21.9982,0.0],[-77.8543,21.9965,0.0],[-77.8529,21.9943,0.0],[-77.8538,21.9871,0.0],[-77.8501,21.9818,0.0],[-77.849,21.9843,0.0],[-77.8526,21.9957,0.0723],[-77.851,21.9999,0.2621],[-77.8538,22.0049,0.5317],[-77.8546,22.0113,0.2632],[-77.8504,22.0221,0.0],[-77.8474,22.0215,0.0],[-77.8463,22.0246,0.0],[-77.8446,22.024,0.0],[-77.8446,22.0204,0.0],[-77.8468,22.0201,0.0],[-77.844,22.0168,0.0],[-77.8454,22.0138,0.0],[-77.8385,22.0079,0.0],[-77.8385,22.0024,0.0],[-77.8351,22.0018,0.0],[-77.8324,21.999,0.1452],[-77.8313,21.9957,0.0],[-77.8285,21.9946,0.0],[-77.8307,21.9932,0.1792],[-77.826,21.9907,0.2045],[-77.826,21.9882,0.0],[-77.8246,21.989,0.1885],[-77.8246,21.9929,0.154],[-77.8324,22.0021,0.0],[-77.8374,22.0174,0.0],[-77.8371,22.0224,0.0],[-77.834,22.026,0.0],[-77.8332,22.0321,0.0565],[-77.829,22.0315,0.0],[-77.8285,22.028199999999998,0.0],[-77.819,22.0182,0.0],[-77.8163,22.0196,0.0],[-77.8124,22.0168,0.0],[-77.8126,22.0138,0.0],[-77.8099,22.0096,0.0],[-77.8126,22.0085,0.0],[-77.8115,22.0024,0.0],[-77.8132,21.9996,0.0],[-77.816,21.999,0.0],[-77.8146,21.9974,0.0],[-77.8151,21.9946,0.0],[-77.824,21.9888,0.1885],[-77.8215,21.9854,0.0],[-77.8235,21.9818,0.0],[-77.8224,21.9763,0.2299],[-77.8163,21.9724,0.0],[-77.8165,21.9713,0.0],[-77.8207,21.9718,0.0412],[-77.8213,21.9701,0.0],[-77.8157,21.9699,0.0],[-77.8151,21.9674,0.0],[-77.8132,21.9685,0.0],[-77.811,21.9671,0.0553],[-77.8101,21.9632,0.0],[-77.8126,21.9613,0.1682],[-77.8096,21.9626,0.0],[-77.8099,21.9662,0.0],[-77.8043,21.966,0.1196],[-77.8007,21.964,0.1082],[-77.8032,21.9626,0.0122],[-77.8007,21.961,0.0687],[-77.8024,21.9596,0.0],[-77.8035,21.9496,1.0427],[-77.8071,21.9529,0.0],[-77.8093,21.9524,1.21],[-77.8107,21.9546,0.7714],[-77.8135,21.9526,2.3366],[-77.8251,21.9549,3.7746],[-77.8262,21.9579,0.0],[-77.8335,21.9618,3.7359],[-77.8335,21.9643,2.9615],[-77.831,21.9668,0.0],[-77.8332,21.9732,0.8558],[-77.8346,21.9726,0.8558],[-77.8354,21.9685,2.0904],[-77.8382,21.9696,0.4008],[-77.8382,21.9715,0.3673],[-77.8396,21.971,0.5257],[-77.8393,21.9687,0.0],[-77.8354,21.9654,0.6793],[-77.839,21.9626,2.2706],[-77.8437,21.9646,1.0094],[-77.8451,21.9707,0.5736],[-77.8432,21.9726,0.5832],[-77.8443,21.9737,0.2836],[-77.8449,21.9729,0.2836],[-77.8443,21.9718,0.5736],[-77.8465,21.971,0.837],[-77.8451,21.9654,1.0094],[-77.8507,21.965699999999998,1.0833],[-77.8518,21.9679,0.7253],[-77.8543,21.9685,1.0616],[-77.8557,21.9651,0.3927],[-77.859,21.9649,0.0],[-77.8579,21.9632,0.0],[-77.8546,21.9638,0.3927],[-77.8557,21.9579,0.2359],[-77.8535,21.9571,1.4026],[-77.8576,21.954,0.1434],[-77.8571,21.9521,0.4054],[-77.8596,21.9479,0.0],[-77.859,21.9438,0.0],[-77.8632,21.9401,0.5113],[-77.8629,21.9379,1.8613],[-77.8662,21.9354,1.7519],[-77.871,21.9349,0.0],[-77.8704,21.9332,0.546],[-77.8718,21.9321,0.546],[-77.8676,21.9313,1.7508],[-77.8682,21.9254,0.0],[-77.8651,21.9235,0.4573],[-77.8654,21.9201,0.5623],[-77.8676,21.919,0.4731],[-77.8629,21.9174,0.4301],[-77.8621,21.9157,0.0846],[-77.8637,21.916,0.0846],[-77.8637,21.914,0.2015],[-77.8571,21.9132,0.738],[-77.8582,21.9093,0.0],[-77.854,21.9035,0.3909],[-77.8562,21.9024,0.095],[-77.8585,21.8971,0.0],[-77.8607,21.8971,0.0],[-77.8618,21.889,0.6458],[-77.8604,21.8865,0.4252],[-77.8621,21.8832,0.0],[-77.8613,21.874,0.715],[-77.8682,21.869,0.0],[-77.8726,21.8688,0.0],[-77.8715,21.8626,1.059],[-77.8729,21.8596,3.0783],[-77.8865,21.8576,1.2048],[-77.8954,21.8607,3.2452],[-77.9018,21.8738,0.0],[-77.9026,21.8801,0.0],[-77.9062,21.8829,0.2786],[-77.9076,21.8907,0.0],[-77.9135,21.8971,0.6644],[-77.9165,21.9093,0.0],[-77.9201,21.9104,0.5055],[-77.9079,21.9694,0.0],[-77.9088,21.9698,0.0],[-77.921,21.9096,0.5055],[-77.9238,21.909,0.0],[-77.9349,21.919,0.2569],[-77.9385,21.9282,1.6501],[-77.9449,21.931,0.0736],[-77.9438,21.9315,0.1748],[-77.9393,21.9304,0.0],[-77.9407,21.9329,0.5011],[-77.941,21.9315,0.7198],[-77.9432,21.9324,0.5376],[-77.9432,21.9349,0.6494],[-77.9415,21.9335,0.5011],[-77.9415,21.9354,0.1191],[-77.9476,21.9413,0.8988],[-77.9521,21.9518,0.0],[-77.9529,21.9482,0.1545],[-77.9512,21.9468,0.9197],[-77.9504,21.941,0.0],[-77.9451,21.9357,0.4305],[-77.9457,21.9332,0.0],[-77.9488,21.934,1.1101],[-77.9499,21.9385,0.0],[-77.9529,21.9399,2.3447],[-77.9526,21.9443,0.4398],[-77.959,21.9465,1.4553],[-77.961,21.951,0.0],[-77.9621,21.9513,0.0],[-77.9621,21.9493,0.0],[-77.9607,21.946,0.0],[-77.964,21.9446,1.4102],[-77.9668,21.9454,2.8521],[-77.9643,21.954,0.4116],[-77.9612,21.9529,0.0],[-77.9624,21.9576,0.0],[-77.9657,21.9621,0.0],[-77.9713,21.9632,0.6674],[-77.9751,21.9662,0.7938],[-77.9788,21.9732,0.0],[-77.9812,21.9685,0.272],[-77.9843,21.9674,0.0],[-77.9837,21.965699999999998,0.0],[-77.9863,21.9621,0.1389],[-77.9882,21.9629,0.1839],[-77.9899,21.9674,1.079],[-77.9985,21.9776,0.9914],[-78.0032,21.989,0.2808],[-78.004,21.9999,0.1793],[-77.9999,22.0001,0.0],[-78.0043,22.0004,0.1793],[-78.0038,22.0024,0.0],[-78.0051,22.0029,0.1299],[-78.011,22.0029,0.0977],[-78.0168,22.0104,0.1191],[-78.0171,22.0163,0.0701],[-78.0101,22.0151,0.1302],[-78.0176,22.0201,0.0814],[-78.0287,22.0324,0.0],[-78.0312,22.0301,1.8387],[-78.0343,22.0318,0.0],[-78.0418,22.046,0.5094],[-78.0396,22.0457,0.4754],[-78.0329,22.0357,0.2825],[-78.0365,22.0449,0.0],[-78.0432,22.0568,0.0],[-78.0524,22.0651,0.0],[-78.0565,22.0732,0.0],[-78.0638,22.0749,0.2781],[-78.0707,22.0793,0.0],[-78.0821,22.0821,0.0695],[-78.0886,22.0862,0.149],[-78.0901,22.0808,0.2878],[-78.0672,22.0561,5.1142],[-78.0618,22.0527,5.6162],[-78.0608,22.0489,2.8305],[-78.062,22.0444,2.3035],[-78.0769,22.0389,8.5268],[-78.0943,22.0172,4.8471],[-78.1007,22.0136,5.7046],[-78.111,22.012,5.76],[-78.123,22.0057,8.4367],[-78.1647,21.9642,9.7027],[-78.1773,21.957,11.5349],[-78.2036,21.9505,15.5666],[-78.2385,21.9504,22.3294],[-78.2623,21.9451,22.5193],[-78.2654,21.9421,22.6608],[-78.2705,21.932,25.8588],[-78.2723,21.9249,25.5592],[-78.2716,21.9178,26.9782],[-78.267,21.9073,26.1669],[-78.2483,21.8774,36.3396],[-78.2416,21.8707,32.584],[-78.231,21.8646,35.9798],[-78.1939,21.8592,33.2329],[-78.187,21.8554,33.0414],[-78.1678,21.84,37.3554],[-78.1576,21.8248,33.9699],[-78.1553,21.8145,37.5765],[-78.157,21.8021,48.2452],[-78.1662,21.7952,49.1345],[-78.1934,21.784,67.7971],[-78.1952,21.781,71.0401],[-78.1951,21.7719,67.5022],[-78.1918,21.7637,69.5],[-78.1927,21.7575,73.9756],[-78.2029,21.7565,77.021],[-78.2173,21.7628,85.1699],[-78.226,21.7636,87.9599],[-78.2322,21.762,81.4871],[-78.2482,21.75,72.5558],[-78.2547,21.7479,74.6194],[-78.2612,21.7493,72.0483],[-78.266,21.7531,69.3075],[-78.2752,21.768,62.2038],[-78.2858,21.7891,57.7238],[-78.2943,21.7976,52.1911],[-78.3005,21.7975,51.5836],[-78.3317,21.7812,57.6476],[-78.3369,21.778199999999998,55.8747],[-78.3422,21.7596,64.0522],[-78.342,21.7448,62.9123],[-78.3367,21.7242,79.5744],[-78.3353,21.7083,68.8342],[-78.3386,21.7033,64.7742],[-78.3537,21.6922,59.7579],[-78.3588,21.6833,53.0795],[-78.3654,21.664,59.6134],[-78.3721,21.6531,66.6375],[-78.3779,21.6483,56.8859],[-78.3872,21.6464,53.0484],[-78.4279,21.6462,38.3158],[-78.435,21.6441,36.3864],[-78.4443,21.6384,30.3308],[-78.45,21.6288,30.2478],[-78.4518,21.6212,27.766],[-78.4525,21.5887,25.0808],[-78.4534,21.5822,24.5015],[-78.4552,21.5801,24.155],[-78.4633,21.5803,20.8942],[-78.4712,21.5879,20.2028],[-78.4753,21.5896,21.791],[-78.492,21.588,17.1002],[-78.5475,21.5575,8.6461],[-78.6333,21.5167,1.0408],[-78.6254,21.5132,2.3265],[-78.6243,21.5082,2.006],[-78.6265,21.5079,0.9635],[-78.6263,21.5068,0.0],[-78.619,21.5015,1.0134],[-78.6174,21.4979,0.0],[-78.6024,21.4815,1.5129],[-78.6001,21.4749,1.5442],[-78.601,21.4743,1.4907],[-78.6024,21.4749,1.4907],[-78.6021,21.4715,1.3236],[-78.5951,21.4646,0.0],[-78.5885,21.4532,0.0],[-78.5857,21.4449,0.6474],[-78.5851,21.4335,0.379],[-78.5801,21.4351,0.6905],[-78.5762,21.4349,0.3349],[-78.5743,21.4329,0.3656],[-78.5707,21.4343,1.0793],[-78.5693,21.4379,0.8205],[-78.5721,21.4385,1.5102],[-78.5721,21.4424,0.3548],[-78.5746,21.4438,0.5861],[-78.5749,21.4504,0.3238],[-78.5718,21.4496,0.0],[-78.5707,21.4568,1.0362],[-78.566,21.4549,1.5104],[-78.5682,21.454,0.3614],[-78.5713,21.4465,0.7373],[-78.5687,21.4424,1.9377],[-78.5682,21.4365,0.5494],[-78.5712,21.4318,0.864],[-78.5799,21.4335,1.0374],[-78.5876,21.4313,0.0],[-78.5818,21.4196,0.6022],[-78.5751,21.411,1.4717],[-78.5732,21.4115,0.9282],[-78.5685,21.4063,1.6308],[-78.5635,21.3988,1.6739],[-78.5587,21.3813,0.267],[-78.5557,21.379,1.1887],[-78.5549,21.3688,0.0],[-78.5565,21.3657,1.0996],[-78.5563,21.3604,0.0],[-78.5512,21.3582,1.3625],[-78.5496,21.3529,0.8949],[-78.5512,21.3513,1.4704],[-78.5496,21.3485,1.0726],[-78.5504,21.346,1.2194],[-78.5476,21.3479,1.2898],[-78.5457,21.3468,0.0],[-78.5468,21.3418,2.0834],[-78.5532,21.3451,1.5626],[-78.5526,21.3474,0.5875],[-78.5551,21.3482,1.2518],[-78.5546,21.3515,0.9175],[-78.556,21.3499,0.0],[-78.5521,21.3332,0.0],[-78.5515,21.3235,0.0],[-78.5418,21.3079,0.626],[-78.5374,21.3037,0.0],[-78.5354,21.3051,0.3457],[-78.5368,21.3082,0.0],[-78.5338,21.3146,0.7714],[-78.5343,21.3171,0.4698],[-78.5282,21.314,1.2996],[-78.5279,21.311,0.5635],[-78.5263,21.3099,1.2258],[-78.5254,21.3024,0.0],[-78.5274,21.3024,0.6105],[-78.5318,21.3063,0.0],[-78.5349,21.3046,0.3457],[-78.5329,21.2918,0.0],[-78.5343,21.2888,0.2146],[-78.5387,21.2857,0.7389],[-78.5251,21.2835,0.0],[-78.5246,21.2862,3.6387],[-78.5185,21.2874,1.5065],[-78.5171,21.2849,0.0],[-78.5146,21.2854,0.0],[-78.5024,21.2793,1.4361],[-78.4996,21.2813,0.0],[-78.5004,21.2846,2.782],[-78.4987,21.2876,2.5067],[-78.4949,21.2918,0.7526],[-78.4929,21.2915,1.9356],[-78.499,21.2857,1.6632],[-78.4976,21.2813,4.142],[-78.501,21.2796,1.543],[-78.5021,21.2771,0.0],[-78.4999,21.2738,0.0],[-78.5043,21.2701,0.9611],[-78.5051,21.2637,2.0582],[-78.5096,21.2629,0.5612],[-78.5126,21.2551,1.1379],[-78.5154,21.2554,2.3956],[-78.5174,21.2593,0.0],[-78.5249,21.2593,1.7888],[-78.5201,21.2676,0.0],[-78.524,21.2724,0.0],[-78.5271,21.2682,0.0],[-78.5293,21.2529,0.0],[-78.5224,21.241,2.465],[-78.5207,21.234,0.0],[-78.5201,21.2254,0.8392],[-78.5226,21.2182,0.0],[-78.5218,21.2154,0.5884],[-78.5176,21.2129,1.834],[-78.5157,21.2196,0.0],[-78.5135,21.2218,0.0],[-78.5151,21.2249,1.5097],[-78.5124,21.2251,0.0],[-78.5107,21.2235,0.5972],[-78.5126,21.2226,0.0],[-78.5118,21.216,1.4488],[-78.5132,21.2154,1.0519],[-78.5129,21.2179,0.2616],[-78.5151,21.219,0.0],[-78.514,21.2143,1.0519],[-78.5163,21.2118,1.619],[-78.5201,21.2129,0.4854],[-78.5246,21.216,0.0],[-78.5249,21.2079,0.0],[-78.5226,21.1988,0.7821],[-78.514,21.1918,3.5487],[-78.5074,21.1779,0.4475],[-78.5026,21.1718,0.5268],[-78.4993,21.1624,1.9302],[-78.4971,21.1513,2.914],[-78.4985,21.1413,0.0],[-78.4971,21.1379,1.422],[-78.4999,21.1376,0.0],[-78.5001,21.1304,0.0],[-78.5024,21.1251,0.0],[-78.5018,21.1199,1.3895],[-78.4943,21.1035,0.0],[-78.4915,21.1026,1.6797],[-78.4932,21.1063,1.2132],[-78.4893,21.1124,0.0],[-78.489,21.1157,0.0],[-78.4915,21.1157,0.0],[-78.4912,21.1129,0.8466],[-78.493,21.1121,0.6576],[-78.4938,21.1168,2.9868],[-78.4893,21.1204,0.0],[-78.484,21.1215,0.0],[-78.4824,21.1204,0.0],[-78.4804,21.1185,4.1524],[-78.4807,21.111,1.7887],[-78.4793,21.109,0.5313],[-78.484,21.1079,0.0],[-78.484,21.106,0.0],[-78.4804,21.1035,2.4241],[-78.4796,21.0996,0.4208],[-78.4757,21.0993,1.8802],[-78.4804,21.0965,0.6631],[-78.4815,21.1029,2.1463],[-78.4887,21.109,0.0],[-78.4912,21.109,0.9777],[-78.4901,21.1015,0.0],[-78.4921,21.0974,0.0],[-78.4901,21.0846,0.0],[-78.4951,21.0582,0.4697],[-78.4871,21.0399,1.0785],[-78.4865,21.028199999999998,0.6536],[-78.4762,21.0271,2.2371],[-78.4654,21.0235,0.2456],[-78.4743,21.0285,1.3609],[-78.4757,21.0321,0.4558],[-78.479,21.0343,0.0],[-78.479,21.0371,0.3576],[-78.481,21.0379,0.0],[-78.4793,21.039,1.9081],[-78.4726,21.0287,0.0],[-78.4693,21.0296,0.9094],[-78.4601,21.0265,1.7375],[-78.4638,21.0254,0.0],[-78.4654,21.0204,0.0],[-78.4593,21.0185,0.2448],[-78.4532,21.0118,0.0],[-78.4437,21.0101,0.7168],[-78.4299,20.9999,0.0],[-78.4265,20.9996,0.7872],[-78.4268,20.9976,1.1213],[-78.4235,20.996,1.6319],[-78.4207,20.991,0.2759],[-78.4118,20.9907,1.5291],[-78.4057,20.9874,0.8032],[-78.404,20.9874,2.7132],[-78.404,20.9896,1.8938],[-78.4029,20.989,1.9109],[-78.4026,20.9865,1.4296],[-78.3996,20.9854,1.3905],[-78.4043,20.9824,0.5232],[-78.3976,20.9737,1.4767],[-78.3979,20.9674,2.1092],[-78.4001,20.9654,2.7079],[-78.4029,20.966,1.6329],[-78.4026,20.9613,2.1668],[-78.391,20.9571,0.5192],[-78.3838,20.9513,1.5838],[-78.3826,20.9482,0.3454],[-78.3774,20.9474,0.8697],[-78.3751,20.9499,0.3016],[-78.3696,20.9518,0.3559],[-78.3574,20.9513,6.948],[-78.3457,20.9485,0.0],[-78.3301,20.9407,1.6839],[-78.3249,20.9315,1.6365],[-78.3254,20.9293,0.0],[-78.3199,20.9235,0.7618],[-78.3185,20.9193,1.3686],[-78.3165,20.9179,0.3207],[-78.3151,20.9193,0.7369],[-78.3079,20.9157,0.8689],[-78.3057,20.9138,1.2402],[-78.306,20.9107,1.3835],[-78.2971,20.9088,0.6688],[-78.2937,20.9054,0.0],[-78.2924,20.9068,0.2917],[-78.289,20.9057,0.3717],[-78.2865,20.9071,1.1739],[-78.2796,20.904,0.6636],[-78.2765,20.9046,0.3582],[-78.2735,20.9024,0.0],[-78.2676,20.9035,0.0],[-78.2629,20.9007,1.9955],[-78.2607,20.8968,2.4595],[-78.2604,20.8918,0.1853],[-78.2565,20.886,1.5548],[-78.259,20.8838,0.369],[-78.2579,20.8765,0.2634],[-78.2546,20.8749,0.4987],[-78.2507,20.8682,0.3414],[-78.2482,20.8693,1.7406],[-78.2465,20.8682,2.1906],[-78.249,20.8657,0.0],[-78.2432,20.8596,2.0784],[-78.2438,20.8538,1.0679],[-78.2385,20.8396,0.0],[-78.2401,20.8326,3.5357],[-78.2426,20.8296,0.3187],[-78.2312,20.8312,0.4582],[-78.2246,20.8385,0.4271],[-78.2107,20.839,2.0972],[-78.2124,20.8435,2.6393],[-78.2074,20.8443,4.3001],[-78.2071,20.841,2.3761],[-78.2099,20.8362,0.0],[-78.2038,20.8412,2.2729],[-78.2071,20.8357,1.2089],[-78.1999,20.8329,0.5843],[-78.1982,20.8343,1.372],[-78.1979,20.8312,1.3228],[-78.1932,20.8265,0.52],[-78.1913,20.8268,0.52],[-78.1907,20.8218,0.405],[-78.1849,20.819,1.4592],[-78.1818,20.8196,2.839],[-78.1799,20.816,0.3693],[-78.1701,20.8124,2.3138],[-78.1599,20.8004,1.0524],[-78.1571,20.7921,0.0],[-78.1551,20.7915,1.2076],[-78.1582,20.7885,0.5723],[-78.1507,20.7796,0.2957],[-78.1476,20.769,1.8951],[-78.139,20.7651,1.9965],[-78.1435,20.7638,0.0],[-78.1429,20.7613,0.4871],[-78.1201,20.7504,0.0],[-78.1176,20.7521,1.9514],[-78.116,20.7479,0.5409],[-78.1087,20.7465,1.0292],[-78.1071,20.7424,0.3588],[-78.0924,20.7382,0.663],[-78.0896,20.7318,0.0],[-78.0849,20.7285,0.0],[-78.0799,20.7285,0.9206],[-78.0799,20.7274,0.9206],[-78.0751,20.7263,1.3085],[-78.0701,20.7182,0.0],[-78.0624,20.7129,0.3984],[-78.0604,20.714,0.759],[-78.0579,20.7099,0.4165],[-78.0526,20.7085,0.0],[-78.0535,20.7176,1.2026],[-78.0499,20.7171,1.6601],[-78.0462,20.7193,1.8928],[-78.044,20.7151,0.4134],[-78.0443,20.7093,1.1062],[-78.0471,20.7079,0.7013],[-78.0471,20.7051,1.5254],[-78.0435,20.7018,0.0],[-78.0393,20.7007,1.8979],[-78.0029,20.6999,0.3811],[-77.9985,20.6979,0.0],[-77.9837,20.7001,0.0],[-77.9788,20.6979,0.0],[-77.9782,20.6999,0.0],[-77.9726,20.7021,0.7207],[-77.9615,20.7035,0.1756],[-77.9596,20.7015,0.0],[-77.951,20.7026,0.7318],[-77.9457,20.6985,0.0],[-77.9224,20.6929,0.0],[-77.9179,20.7001,0.0],[-77.9118,20.7026,1.7587],[-77.9099,20.7079,0.0],[-77.9115,20.7132,1.2764],[-77.9096,20.7179,0.4609],[-77.9018,20.7246,0.8309],[-77.8979,20.7254,0.0],[-77.884,20.7251,0.9376],[-77.8768,20.7218,0.0],[-77.8671,20.7249,0.1793],[-77.8449,20.7243,3.3086],[-77.829,20.7188,3.9754],[-77.8084,20.706,0.0],[-77.8086,20.7536,12.7616],[-77.8042,20.792,16.5422],[-77.8008,20.8,19.0678],[-77.7896,20.8161,23.9137],[-77.766,20.8429,39.6975],[-77.755,20.851,43.2641],[-77.7417,20.8541,52.3297],[-77.7124,20.8547,52.0584],[-77.6729,20.852,48.1322],[-77.6583,20.8542,55.3832],[-77.6553,20.8566,58.722],[-77.6532,20.8634,55.1548],[-77.6595,20.8674,63.0968],[-77.6608,20.8721,52.2096],[-77.6597,20.881,53.1492],[-77.6549,20.8961,47.89],[-77.6551,20.9256,70.1983],[-77.6536,20.935,80.1385],[-77.6481,20.9416,66.486],[-77.637,20.942,75.6894],[-77.6288,20.9371,72.8128],[-77.6143,20.9237,66.6809],[-77.599,20.9183,96.6265],[-77.5774,20.9073,35.9857],[-77.5689,20.906,66.6791],[-77.5665,20.911,49.1589],[-77.57,20.9328,39.3671],[-77.5638,20.9393,47.7928],[-77.5388,20.9491,60.5587],[-77.5342,20.9529,56.4997],[-77.5287,20.9618,66.0614],[-77.5286,20.9704,82.9968],[-77.5308,20.9775,170.3667],[-77.5404,20.9933,60.8782],[-77.5405,20.998,63.4176],[-77.5321,20.9975,64.6223],[-77.4963,20.9773,66.4555],[-77.4801,20.9739,70.0282],[-77.4702,20.9746,67.1797],[-77.4668,20.9788,73.4047],[-77.4654,20.9859,76.1524],[-77.4655,20.993,73.4262],[-77.4704,21.0085,78.5709],[-77.4695,21.0139,84.3829],[-77.4573,21.027,83.2822],[-77.4499,21.0512,87.8967],[-77.4447,21.059,84.2804],[-77.4313,21.0594,83.761],[-77.4216,21.0548,78.0],[-77.4172,21.0507,78.0],[-77.4109,21.0417,86.1856],[-77.4068,21.0193,67.4218],[-77.4043,21.0161,65.7744],[-77.3986,21.0138,70.3658],[-77.3927,21.0136,73.8516],[-77.371,21.015,84.6598],[-77.3625,21.0133,86.7918],[-77.3585,21.0107,78.5803],[-77.3559,21.0055,75.4185],[-77.3573,20.9945,72.0325],[-77.3603,20.9892,69.4615],[-77.3683,20.9817,67.839],[-77.3725,20.9725,74.8569],[-77.3724,20.9672,76.4818],[-77.3645,20.9561,64.5527],[-77.356,20.9527,56.1434],[-77.3532,20.953,57.9781],[-77.3526,20.9707,60.1312],[-77.3514,20.9746,62.3432],[-77.3486,20.9769,59.3891],[-77.3381,20.9762,65.1722],[-77.3145,20.9629,48.2891],[-77.309,20.9641,52.9466],[-77.3043,20.9887,58.5308],[-77.2931,21.0024,61.23],[-77.2753,21.043,65.2362],[-77.2643,21.0567,72.372],[-77.2545,21.0659,75.3992],[-77.2364,21.0776,79.0],[-77.2137,21.082,92.4081],[-77.1777,21.0839,104.7967],[-77.1694,21.092,99.6767],[-77.1625,21.1077,91.0528],[-77.1527,21.1178,94.7949],[-77.1407,21.1256,74.6541],[-77.1339,21.1331,69.4827],[-77.1271,21.1517,59.9457],[-77.1255,21.1697,56.7137],[-77.1269,21.2045,43.2805],[-77.1232,21.2225,38.0241],[-77.1211,21.2282,35.9626],[-77.105,21.2537,29.2572],[-77.0744,21.2865,18.9908],[-77.0717,21.293,16.0334],[-77.0712,21.3025,17.2297],[-77.0747,21.3068,17.2344],[-77.0806,21.3091,17.0908],[-77.1334,21.305,18.6742],[-77.14,21.3081,16.7851],[-77.1398,21.3143,17.9957],[-77.1287,21.344,10.9203],[-77.1247,21.3481,14.1351],[-77.1086,21.351,10.285],[-77.1049,21.3546,8.5026],[-77.0913,21.3966,3.2759],[-77.0876,21.4043,2.7273],[-77.0821,21.4094,1.6408]]],
[[[-77.2676,21.5179,2.5645],[-77.2676,21.5193,0.7114],[-77.2701,21.5193,1.1486],[-77.2693,21.5176,0.8675],[-77.2676,21.5179,2.5645]]],
[[[-77.2151,21.5207,0.0],[-77.2151,21.5221,0.0],[-77.2171,21.5229,1.3103],[-77.2171,21.5215,3.9788],[-77.2151,21.5207,0.0]]],
[[[-77.7774,20.6626,0.0],[-77.7768,20.6643,0.0],[-77.7804,20.6654,0.0],[-77.7807,20.6635,0.0],[-77.7774,20.6626,0.0]]],
[[[-77.7737,20.6732,0.0],[-77.7776,20.6751,0.0],[-77.7768,20.6707,0.2162],[-77.7726,20.6707,1.1489],[-77.7721,20.6721,0.0],[-77.7737,20.6732,0.0]]],
[[[-77.694,21.8765,0.9342],[-77.6985,21.8771,0.354],[-77.6974,21.8751,0.0],[-77.6918,21.8746,0.4674],[-77.694,21.8765,0.9342]]],
[[[-77.6865,21.8813,0.0],[-77.686,21.884,0.0],[-77.6876,21.8843,0.0],[-77.6874,21.8762,0.1175],[-77.6888,21.8746,0.4219],[-77.686,21.8718,0.0],[-77.6835,21.8721,0.1044],[-77.6824,21.874,0.2717],[-77.6854,21.8749,0.0648],[-77.6865,21.8813,0.0]]],
[[[-77.2024,21.5243,5.8183],[-77.204,21.5257,0.0],[-77.2065,21.5251,9.9647],[-77.2032,21.5207,10.0197],[-77.2015,21.5218,10.0197],[-77.2024,21.5243,5.8183]]],
[[[-77.1885,21.5326,0.0],[-77.1921,21.534,0.0],[-77.1926,21.5315,0.0],[-77.1871,21.5279,1.8655],[-77.1862,21.5315,3.1574],[-77.1885,21.5326,0.0]]],
[[[-77.1304,21.5593,0.0],[-77.1315,21.5613,0.0],[-77.1315,21.5571,0.0],[-77.1307,21.5579,0.5053],[-77.1304,21.5593,0.0]]],
[[[-77.3724,21.6474,0.6513],[-77.3721,21.6496,0.0],[-77.3746,21.6468,0.0],[-77.3735,21.6465,0.0],[-77.3724,21.6474,0.6513]]],
[[[-77.3585,21.6474,0.1567],[-77.3585,21.6501,-0.0389],[-77.3601,21.6499,0.0321],[-77.361,21.6482,0.1711],[-77.3585,21.6474,0.1567]]],
[[[-77.3604,21.6629,0.1908],[-77.3593,21.6651,0.0],[-77.3626,21.6638,0.0],[-77.3618,21.6624,0.1908],[-77.3604,21.6629,0.1908]]],
[[[-77.8318,20.6065,0.4913],[-77.8315,20.6082,0.0],[-77.834,20.6093,0.0],[-77.8332,20.6065,0.0],[-77.8318,20.6065,0.4913]]],
[[[-77.8476,20.6321,0.9154],[-77.8468,20.6329,0.0],[-77.8501,20.6343,0.0],[-77.849,20.6312,0.0],[-77.8476,20.6321,0.9154]]],
[[[-77.8571,20.641,0.0],[-77.8607,20.6426,0.3362],[-77.8593,20.6365,0.53],[-77.8574,20.6363,0.0],[-77.8571,20.641,0.0]]],
[[[-77.866,20.653199999999998,0.0],[-77.8646,20.6546,0.3109],[-77.8668,20.6554,1.4853],[-77.8674,20.654,1.4853],[-77.866,20.653199999999998,0.0]]],
[[[-77.8279,20.6604,0.7512],[-77.8293,20.6621,0.0],[-77.8293,20.6604,0.9881],[-77.8374,20.6579,0.1939],[-77.8307,20.654,0.4648],[-77.8271,20.6574,0.6316],[-77.8279,20.6604,0.7512]]],
[[[-77.8715,20.6596,0.3645],[-77.8704,20.6607,0.2485],[-77.8729,20.6618,0.0],[-77.8729,20.6604,0.0],[-77.8715,20.6596,0.3645]]],
[[[-77.8365,20.6624,0.0],[-77.8379,20.664,0.0],[-77.8396,20.6629,0.4607],[-77.8376,20.6607,0.5613],[-77.8365,20.6624,0.0]]],
[[[-77.8204,20.6651,0.2072],[-77.8185,20.6643,0.1331],[-77.819,20.6676,0.2266],[-77.8201,20.6676,0.2266],[-77.8204,20.6651,0.2072]]],
[[[-77.8812,20.6718,1.8077],[-77.8815,20.6701,0.2235],[-77.8801,20.6701,0.0],[-77.8765,20.6738,0.0],[-77.879,20.6735,1.0759],[-77.8812,20.6718,1.8077]]],
[[[-77.8546,20.6754,0.6981],[-77.8576,20.6771,0.0],[-77.8568,20.6746,1.1392],[-77.8546,20.674,0.6981],[-77.8546,20.6754,0.6981]]],
[[[-77.8012,20.6768,0.1859],[-77.8015,20.6785,0.5734],[-77.8043,20.6782,0.1715],[-77.8035,20.6768,0.0],[-77.8012,20.6768,0.1859]]],
[[[-77.8737,21.9235,0.575],[-77.8749,21.9293,0.4945],[-77.8757,21.9246,1.7122],[-77.8746,21.9221,2.2445],[-77.8729,21.9221,0.575],[-77.8737,21.9235,0.575]]],
[[[-77.7785,21.9499,0.0],[-77.7779,21.9538,0.0],[-77.7787,21.954,0.0],[-77.7801,21.9501,0.0],[-77.7785,21.9499,0.0]]],
[[[-77.8318,21.9815,0.0628],[-77.8351,21.9829,0.0],[-77.8329,21.9801,0.0],[-77.831,21.9804,0.418],[-77.8318,21.9815,0.0628]]],
[[[-77.3707,21.6804,-0.0552],[-77.3729,21.6821,0.0],[-77.3751,21.681,0.0],[-77.374,21.6793,0.3492],[-77.371,21.679,-0.0552],[-77.3707,21.6804,-0.0552]]],
[[[-77.364,21.6807,0.4462],[-77.3635,21.6832,0.1908],[-77.366,21.6824,0.0],[-77.3657,21.6815,0.4462],[-77.364,21.6807,0.4462]]],
[[[-77.4024,21.6988,0.3921],[-77.4057,21.7001,0.0],[-77.4062,21.6957,0.3752],[-77.4035,21.6957,-0.0496],[-77.4024,21.6988,0.3921]]],
[[[-77.4135,21.7074,0.2759],[-77.416,21.7093,0.0],[-77.4168,21.7079,0.0],[-77.4151,21.7085,0.2759],[-77.4137,21.7051,0.1649],[-77.416,21.7046,0.14],[-77.4146,21.706,0.0],[-77.4163,21.7068,0.1933],[-77.4171,21.7051,0.14],[-77.4157,21.7021,0.482],[-77.4118,21.7004,0.0],[-77.4124,21.7026,0.0],[-77.4137,21.7024,0.1099],[-77.4124,21.7043,0.3296],[-77.4135,21.7074,0.2759]]],
[[[-77.4129,21.7482,0.0],[-77.4104,21.7476,0.0],[-77.4104,21.7488,0.0],[-77.4135,21.7493,0.0],[-77.4129,21.7482,0.0]]],
[[[-77.4457,21.7579,0.1643],[-77.4449,21.7601,0.0],[-77.4493,21.7607,0.1737],[-77.4468,21.7582,0.0],[-77.4457,21.7579,0.1643]]],
[[[-77.4504,21.7618,0.0],[-77.4499,21.7626,0.0],[-77.4526,21.7632,0.3275],[-77.4521,21.7615,0.0],[-77.4504,21.7618,0.0]]],
[[[-77.4426,21.764,0.1355],[-77.4454,21.7654,0.2209],[-77.4479,21.7632,0.1162],[-77.4421,21.7607,0.0],[-77.4426,21.764,0.1355]]],
[[[-77.4474,21.7929,0.76],[-77.456,21.794,0.0],[-77.4582,21.7913,0.1493],[-77.4565,21.7901,0.2826],[-77.4565,21.7876,0.4871],[-77.4593,21.7879,0.0],[-77.4543,21.7829,0.0166],[-77.4526,21.7763,0.3708],[-77.4485,21.7763,0.8304],[-77.444,21.7807,0.0],[-77.4437,21.786,0.0],[-77.4474,21.7929,0.76]]],
[[[-77.4507,21.8204,0.8169],[-77.4499,21.8226,0.0],[-77.4521,21.8213,2.7901],[-77.4515,21.8182,0.4794],[-77.451,21.8185,0.4794],[-77.4507,21.8204,0.8169]]],
[[[-77.554,21.8243,0.0],[-77.5557,21.8282,0.0],[-77.5551,21.8232,0.1506],[-77.5526,21.8207,0.0],[-77.554,21.8243,0.0]]],
[[[-77.5768,21.8451,0.0],[-77.5799,21.8465,0.0],[-77.5826,21.844,0.0],[-77.5807,21.8418,0.0],[-77.5785,21.8426,0.5323],[-77.5765,21.8393,0.0],[-77.5754,21.8399,0.0],[-77.5743,21.8365,0.0],[-77.571,21.8343,0.0649],[-77.5718,21.8296,0.0],[-77.571,21.8296,0.0842],[-77.5701,21.8312,0.0],[-77.5679,21.8288,0.0],[-77.5699,21.8349,0.0649],[-77.574,21.8376,0.1369],[-77.5751,21.8432,0.0],[-77.5768,21.844,0.0],[-77.5762,21.8463,0.0],[-77.5768,21.8451,0.0]]],
[[[-77.5715,21.8426,0.0817],[-77.5701,21.8449,0.186],[-77.5704,21.8457,0.0],[-77.5729,21.8446,0.1242],[-77.5715,21.8426,0.0817]]],
[[[-77.571,21.9243,0.4531],[-77.5749,21.9257,0.0],[-77.5793,21.9224,0.0],[-77.5846,21.9212,0.4189],[-77.5876,21.9165,1.0976],[-77.6004,21.9071,0.3345],[-77.6065,21.9051,0.5147],[-77.6082,21.8993,0.7703],[-77.6143,21.8943,0.0],[-77.6157,21.8871,0.0],[-77.6143,21.8826,0.601],[-77.6179,21.8782,0.3396],[-77.6185,21.8729,0.3306],[-77.6093,21.8674,0.2399],[-77.6115,21.8621,0.4527],[-77.6082,21.8621,0.385],[-77.6051,21.8649,0.5852],[-77.6082,21.8676,0.5602],[-77.6054,21.8685,0.3435],[-77.6115,21.8707,0.0],[-77.6129,21.8732,0.0],[-77.609,21.8796,0.6621],[-77.6054,21.8818,0.4671],[-77.6057,21.8863,1.0066],[-77.6021,21.8893,0.0],[-77.6024,21.8926,2.5979],[-77.5946,21.8863,0.0],[-77.5929,21.8826,0.6007],[-77.5951,21.881,0.0],[-77.5904,21.8796,0.0],[-77.5893,21.8796,0.0],[-77.5893,21.8826,0.2587],[-77.5918,21.886,0.3617],[-77.5876,21.8879,0.4772],[-77.5904,21.889,1.5418],[-77.5912,21.8918,0.5466],[-77.5888,21.8935,0.0],[-77.5896,21.896,0.1858],[-77.5874,21.8946,0.0],[-77.5874,21.8901,0.0],[-77.5818,21.8904,0.2903],[-77.5818,21.8879,0.2822],[-77.5846,21.8863,0.0594],[-77.5843,21.8849,0.0],[-77.5815,21.8843,0.0],[-77.5804,21.889,0.2903],[-77.5788,21.8896,0.2141],[-77.5804,21.8799,0.0847],[-77.5826,21.8771,0.47],[-77.5843,21.8801,0.0],[-77.5846,21.8774,0.1199],[-77.5829,21.8682,0.0],[-77.581,21.8688,0.1077],[-77.5804,21.8651,0.0],[-77.578,21.8646,0.0],[-77.5782,21.8618,0.4992],[-77.5821,21.8615,0.0],[-77.579,21.8571,0.0],[-77.5826,21.8557,0.0],[-77.5837,21.8571,0.0],[-77.5835,21.8657,0.0],[-77.5865,21.8649,0.0],[-77.5871,21.8626,0.1031],[-77.5912,21.8638,0.0],[-77.5915,21.8624,0.1293],[-77.5851,21.8613,0.4396],[-77.5851,21.8571,0.0],[-77.5835,21.8554,0.0],[-77.576,21.8543,0.1392],[-77.5749,21.8513,0.0966],[-77.5729,21.8521,0.0],[-77.571,21.8507,0.3132],[-77.5699,21.8474,0.0],[-77.5671,21.8454,0.6088],[-77.5685,21.8429,0.2789],[-77.561,21.8388,0.6337],[-77.5599,21.8282,0.0],[-77.5582,21.8282,0.0],[-77.5582,21.8296,0.0],[-77.5601,21.834,0.0],[-77.5599,21.839,0.6337],[-77.5563,21.8382,0.1579],[-77.5554,21.8357,0.0],[-77.5529,21.8365,0.0823],[-77.5546,21.834,0.0],[-77.5532,21.831,0.1077],[-77.5554,21.8296,0.0],[-77.5518,21.8312,0.1077],[-77.5501,21.8288,0.3998],[-77.5471,21.8299,0.0343],[-77.5451,21.8282,0.0783],[-77.5474,21.824,0.0],[-77.5426,21.8207,5.2813],[-77.5413,21.8171,0.1686],[-77.5393,21.8193,1.2045],[-77.5374,21.8188,0.9159],[-77.539,21.8168,0.0],[-77.5362,21.816,2.1617],[-77.5365,21.811,4.1087],[-77.5393,21.8093,0.773],[-77.5399,21.811,0.1604],[-77.544,21.8126,0.3],[-77.5443,21.814,0.1971],[-77.5413,21.8137,0.0],[-77.5426,21.8179,0.1686],[-77.5429,21.8151,0.0],[-77.5465,21.8154,0.4127],[-77.5446,21.8176,0.0],[-77.5476,21.8193,0.0261],[-77.5485,21.8243,0.0],[-77.549,21.8196,0.0261],[-77.5543,21.8204,0.2391],[-77.556,21.819,0.0],[-77.556,21.8179,0.0],[-77.5529,21.8176,0.3395],[-77.5537,21.8154,0.6754],[-77.5579,21.8171,0.0],[-77.5596,21.8207,0.1554],[-77.5621,21.8221,0.2508],[-77.5618,21.8263,0.0509],[-77.5654,21.8274,0.0],[-77.5674,21.8232,0.0825],[-77.5707,21.8254,0.6729],[-77.5771,21.8218,0.0],[-77.5788,21.8257,0.0],[-77.5826,21.8271,0.0],[-77.5832,21.8288,0.0],[-77.5835,21.8312,0.0],[-77.581,21.834,0.0],[-77.5843,21.8321,0.0],[-77.5849,21.8296,0.0],[-77.5832,21.826,0.089],[-77.5813,21.8263,0.0],[-77.5826,21.824,0.049],[-77.5846,21.8257,0.0],[-77.5901,21.8257,0.0],[-77.5896,21.8288,0.0],[-77.5926,21.8282,0.0],[-77.5926,21.8326,0.0],[-77.5949,21.8321,0.0],[-77.5951,21.8335,0.0],[-77.5957,21.8315,0.0],[-77.594,21.8312,0.0],[-77.5929,21.8274,0.0],[-77.5912,21.8274,0.1725],[-77.591,21.8249,1.0459],[-77.596,21.8265,1.1584],[-77.596,21.8293,0.1481],[-77.5979,21.829,0.0],[-77.5963,21.8335,0.0],[-77.5979,21.8338,0.0],[-77.599,21.8279,0.1113],[-77.606,21.8218,0.0],[-77.6051,21.8201,0.0],[-77.5871,21.8179,0.0],[-77.5857,21.8199,0.0],[-77.5829,21.8201,0.7474],[-77.5754,21.8171,0.2394],[-77.5724,21.8174,0.3161],[-77.5724,21.819,0.4486],[-77.5687,21.8179,0.0],[-77.5665,21.8204,0.1832],[-77.5687,21.8224,0.0],[-77.5657,21.8229,0.0825],[-77.5651,21.8193,0.4848],[-77.5618,21.8193,0.4413],[-77.5568,21.8149,0.3011],[-77.5518,21.8132,0.0],[-77.5476,21.8146,0.2319],[-77.5393,21.8082,0.0],[-77.5307,21.8085,0.0],[-77.5257,21.8118,0.2365],[-77.524,21.8093,0.8626],[-77.521,21.8093,1.0084],[-77.5179,21.8054,0.1409],[-77.5168,21.8001,0.0],[-77.5137,21.7954,0.0],[-77.5062,21.7929,0.9735],[-77.5076,21.7904,0.5058],[-77.5035,21.7882,0.0],[-77.5015,21.7896,0.0],[-77.5035,21.7946,0.7234],[-77.501,21.7965,0.0],[-77.4996,21.8051,0.0],[-77.4954,21.8074,0.0],[-77.4954,21.8115,0.0],[-77.4968,21.8124,-0.008],[-77.496,21.8149,0.0],[-77.4938,21.814,0.0809],[-77.4954,21.8124,0.0229],[-77.4887,21.8065,-0.1101],[-77.4887,21.7999,0.5992],[-77.4835,21.7979,0.0],[-77.4835,21.796,0.0],[-77.4818,21.7957,0.043],[-77.479,21.7913,-0.5],[-77.4757,21.7913,-0.5],[-77.4765,21.7896,0.3262],[-77.4804,21.7893,-0.0703],[-77.4807,21.7926,-0.3736],[-77.4829,21.7904,0.3881],[-77.486,21.7918,0.5964],[-77.4854,21.794,0.0],[-77.4885,21.7915,0.3984],[-77.4918,21.7913,0.0],[-77.4904,21.7893,0.0],[-77.4815,21.7874,0.5218],[-77.4721,21.791,-0.0909],[-77.459,21.7918,0.0],[-77.4543,21.7965,0.0],[-77.4474,21.7976,0.6063],[-77.4454,21.804,0.7058],[-77.4401,21.8121,0.8044],[-77.4457,21.8137,2.1112],[-77.4499,21.8118,2.4611],[-77.4501,21.8149,0.0],[-77.4551,21.8143,1.6707],[-77.4568,21.8163,2.9234],[-77.4549,21.8201,0.8086],[-77.4604,21.821,0.913],[-77.4735,21.8271,0.0],[-77.4812,21.8285,0.5831],[-77.4837,21.8312,0.6922],[-77.4807,21.8326,0.0],[-77.4829,21.8365,0.3022],[-77.4821,21.8393,0.186],[-77.4863,21.8421,0.0],[-77.4874,21.8421,0.0],[-77.4868,21.8404,0.4205],[-77.4885,21.840699999999998,0.0],[-77.4887,21.8429,0.0],[-77.4929,21.8418,1.2641],[-77.496,21.8438,0.0991],[-77.496,21.8465,0.0],[-77.499,21.8471,0.0],[-77.4965,21.8521,0.0],[-77.4985,21.854,0.3093],[-77.4965,21.8574,0.0],[-77.5029,21.8618,2.5924],[-77.5043,21.8668,1.0195],[-77.5093,21.8688,0.7938],[-77.5126,21.8757,0.0],[-77.5271,21.8907,0.1737],[-77.531,21.8979,0.8748],[-77.5424,21.9071,0.0],[-77.5537,21.9104,3.4579],[-77.571,21.9243,0.4531]]],
[[[-77.5826,21.9257,1.0225],[-77.5826,21.9279,0.7445],[-77.5843,21.9282,0.424],[-77.586,21.9243,1.7645],[-77.5837,21.924,0.0],[-77.5826,21.9257,1.0225]]],
[[[-77.5732,21.9332,0.7188],[-77.5746,21.9357,0.0],[-77.579,21.9357,0.0],[-77.5924,21.9315,0.5735],[-77.5951,21.9321,0.0],[-77.5963,21.9301,0.4582],[-77.5921,21.9282,0.7642],[-77.5888,21.9243,0.5333],[-77.5868,21.9263,0.9963],[-77.5871,21.929,1.4154],[-77.5851,21.9282,0.424],[-77.584,21.9304,0.0],[-77.5801,21.9313,0.5265],[-77.5824,21.9274,0.7445],[-77.5801,21.9265,0.8844],[-77.574,21.9293,2.2886],[-77.5732,21.9332,0.7188]]],
[[[-77.9032,20.6421,2.4481],[-77.9032,20.6449,2.0973],[-77.9049,20.6454,2.0973],[-77.9132,20.644,0.735],[-77.9104,20.6401,0.0],[-77.9032,20.6421,2.4481]]],
[[[-77.9215,20.6626,0.3303],[-77.921,20.6651,0.3384],[-77.9262,20.6593,0.0],[-77.9246,20.659,1.4671],[-77.9215,20.6626,0.3303]]],
[[[-78.0071,22.0132,0.0],[-78.0096,22.014,0.0],[-78.001,22.004,0.1112],[-78.0021,22.0085,0.1375],[-78.0071,22.0132,0.0]]],
[[[-78.4399,20.9562,0.0],[-78.4421,20.9574,0.0],[-78.4407,20.951,0.0],[-78.4379,20.9546,0.0],[-78.4399,20.9562,0.0]]],
[[[-77.6718,21.879,0.0],[-77.6779,21.8799,0.3959],[-77.671,21.8762,0.6922],[-77.6685,21.8768,0.3862],[-77.6718,21.879,0.0]]],
[[[-77.7162,21.8785,0.112],[-77.7171,21.881,0.0],[-77.7201,21.8804,0.0],[-77.7165,21.8768,0.0],[-77.7162,21.8785,0.112]]],
[[[-77.6687,21.8846,0.0],[-77.6676,21.8857,0.1056],[-77.669,21.8865,0.0],[-77.6704,21.8843,0.0],[-77.6654,21.8765,0.0],[-77.6657,21.8821,0.0],[-77.669,21.8829,0.0],[-77.6687,21.8846,0.0]]],
[[[-77.679,21.8868,0.0],[-77.6776,21.8868,0.0],[-77.6779,21.8893,0.1397],[-77.6801,21.8896,0.0],[-77.6804,21.8885,0.0],[-77.679,21.8868,0.0]]],
[[[-77.6735,21.8907,0.0],[-77.6774,21.8921,0.0],[-77.6765,21.8901,0.0],[-77.6718,21.8882,0.0],[-77.6729,21.8857,0.0963],[-77.6718,21.8849,0.0],[-77.6704,21.8901,0.0569],[-77.6685,21.8882,0.0],[-77.6685,21.8921,0.0],[-77.6735,21.8907,0.0]]],
[[[-77.6921,21.891,0.1034],[-77.694,21.8935,0.0922],[-77.6913,21.8851,0.0],[-77.6904,21.8879,0.0],[-77.6921,21.891,0.1034]]],
[[[-77.7404,21.9015,0.0],[-77.7496,21.9015,1.7339],[-77.7546,21.8935,0.6982],[-77.746,21.8865,0.0],[-77.7318,21.8815,0.0],[-77.7262,21.8818,0.0],[-77.7221,21.8843,0.7069],[-77.7221,21.8868,0.8614],[-77.7246,21.8879,0.9005],[-77.7226,21.894,0.0],[-77.7262,21.8946,0.0],[-77.729,21.8926,0.8812],[-77.7337,21.8937,1.1643],[-77.7376,21.8982,0.7788],[-77.7371,21.9013,0.1319],[-77.7404,21.9015,0.0]]],
[[[-77.7193,21.911,0.0],[-77.7204,21.9135,0.0],[-77.7235,21.9135,0.0],[-77.7201,21.909,0.0],[-77.7193,21.911,0.0]]],
[[[-77.709,21.9121,0.5821],[-77.7074,21.9126,0.0],[-77.7065,21.9146,0.0],[-77.7096,21.9143,0.0],[-77.709,21.9121,0.5821]]],
[[[-77.726,21.926,0.0],[-77.7299,21.9271,0.0],[-77.7274,21.9149,0.0],[-77.7285,21.9132,0.0],[-77.7265,21.914,0.0],[-77.7279,21.921,0.0],[-77.726,21.926,0.0]]],
[[[-77.6429,21.9271,0.0],[-77.6421,21.9301,0.0],[-77.649,21.929,0.0],[-77.6532,21.9263,0.0],[-77.6535,21.9226,0.2999],[-77.6504,21.9224,0.0],[-77.6482,21.919,0.0],[-77.6504,21.9174,0.0],[-77.6501,21.9149,0.0],[-77.6476,21.9146,0.0],[-77.6485,21.9168,0.9497],[-77.6471,21.9176,0.3359],[-77.6432,21.9132,0.0],[-77.6368,21.9174,0.0],[-77.6393,21.9207,0.0],[-77.644,21.9199,0.4237],[-77.6424,21.9224,0.2309],[-77.6429,21.9271,0.0]]],
[[[-77.7599,21.9354,0.0],[-77.761,21.9379,0.0],[-77.761,21.9354,0.0],[-77.7635,21.9324,0.0],[-77.769,21.9321,0.0],[-77.7715,21.9338,0.0],[-77.776,21.9324,0.0],[-77.7793,21.9301,0.8999],[-77.7804,21.926,0.0],[-77.7701,21.9215,0.0],[-77.7654,21.9282,0.4373],[-77.7599,21.9293,0.0],[-77.761,21.9307,0.0],[-77.7621,21.9293,0.4419],[-77.7626,21.931,0.4549],[-77.7599,21.9354,0.0]]],
[[[-77.7424,21.9329,0.0],[-77.7429,21.9371,0.0],[-77.7457,21.9376,0.0],[-77.7432,21.9282,0.0],[-77.7424,21.9329,0.0]]],
[[[-77.729,21.9368,1.5694],[-77.7335,21.9385,0.3363],[-77.7312,21.9332,1.0263],[-77.7343,21.9332,0.0],[-77.7354,21.9313,0.1341],[-77.7363,21.9374,0.0],[-77.736,21.9285,0.0],[-77.7343,21.9307,0.5099],[-77.7304,21.9304,0.0],[-77.7312,21.9321,1.0263],[-77.7293,21.9338,0.8261],[-77.729,21.9368,1.5694]]],
[[[-77.7332,21.9399,0.0],[-77.7332,21.9415,0.1764],[-77.7351,21.9413,0.0],[-77.7337,21.9387,0.3363],[-77.7332,21.9399,0.0]]],
[[[-77.761,21.9401,0.1925],[-77.759,21.9399,0.0],[-77.759,21.9421,0.0],[-77.7599,21.9418,0.1403],[-77.761,21.9401,0.1925]]],
[[[-77.9565,21.9554,0.0],[-77.9549,21.956,0.5397],[-77.9549,21.9576,0.0],[-77.9579,21.9574,0.0],[-77.9565,21.9554,0.0]]],
[[[-77.9529,21.9635,0.0],[-77.9521,21.966,0.0],[-77.9568,21.9615,0.0],[-77.9557,21.961,0.0],[-77.9529,21.9635,0.0]]],
[[[-77.954,21.9654,0.0],[-77.9524,21.9671,0.0],[-77.9551,21.9676,0.0],[-77.9563,21.9638,0.0],[-77.9554,21.9635,0.0],[-77.954,21.9654,0.0]]],
[[[-77.9576,21.9685,0.558],[-77.9607,21.9693,0.0],[-77.961,21.9668,0.0],[-77.9593,21.9679,0.2678],[-77.9599,21.9654,0.0],[-77.9582,21.9665,0.4499],[-77.9587,21.964,0.0],[-77.956,21.9671,0.0],[-77.9576,21.9685,0.558]]],
[[[-77.9337,22.2265,0.0],[-77.9335,22.2279,0.0],[-77.936,22.2285,0.0],[-77.9351,22.2263,0.0821],[-77.9337,22.2265,0.0]]],
[[[-77.9563,22.2304,0.0],[-77.9546,22.2318,0.0709],[-77.956,22.2321,0.0],[-77.9596,22.2279,0.0],[-77.9546,22.2276,0.1798],[-77.9543,22.2293,0.0],[-77.9568,22.229,0.1308],[-77.9563,22.2304,0.0]]],
[[[-77.9546,22.241,0.0],[-77.9546,22.2438,0.0],[-77.9593,22.2429,0.0],[-77.9585,22.2415,0.0],[-77.9546,22.241,0.0]]],
[[[-77.8235,21.9849,0.0],[-77.8254,21.9865,0.0],[-77.8274,21.9851,0.0694],[-77.8254,21.9837,0.0],[-77.8274,21.9813,0.0],[-77.8257,21.9793,0.0],[-77.8243,21.9796,0.0],[-77.8251,21.9821,0.0],[-77.8235,21.9849,0.0]]],
[[[-77.8324,21.9899,0.0],[-77.8332,21.9932,0.0],[-77.8362,21.9918,0.0],[-77.8346,21.9879,0.0],[-77.8326,21.9874,0.0],[-77.8326,21.986,0.0875],[-77.8346,21.9857,0.1249],[-77.8301,21.9813,0.1803],[-77.8296,21.9754,0.0],[-77.8276,21.9771,0.236],[-77.829,21.9813,0.1803],[-77.8274,21.984,0.0694],[-77.8318,21.9871,0.0],[-77.8324,21.9899,0.0]]],
[[[-77.8415,21.996,0.1196],[-77.8437,21.9974,0.0],[-77.8443,21.9946,0.0],[-77.8424,21.9918,0.0],[-77.8443,21.9899,0.0],[-77.8437,21.9849,0.0],[-77.8415,21.9843,0.0],[-77.8412,21.9807,0.0],[-77.8393,21.9843,0.0],[-77.8426,21.9863,0.3287],[-77.8429,21.9893,0.0],[-77.8401,21.9943,0.0],[-77.8415,21.996,0.1196]]],
[[[-77.8451,21.9976,0.0],[-77.8454,21.9993,0.0],[-77.8476,21.9996,0.0],[-77.8457,21.9982,0.0],[-77.8457,21.9951,0.0],[-77.8446,21.9954,0.0],[-77.8451,21.9976,0.0]]],
[[[-77.7774,22.1087,0.0],[-77.7765,22.1113,0.0],[-77.7776,22.1121,0.0],[-77.7793,22.1074,0.2717],[-77.7851,22.1054,0.0],[-77.7821,22.1051,0.0],[-77.7835,22.1029,0.5189],[-77.7807,22.1026,0.2539],[-77.7774,22.1087,0.0]]],
[[[-77.8176,22.1501,0.25],[-77.8171,22.1521,0.0],[-77.8187,22.1529,0.0],[-77.8182,22.151,0.1923],[-77.8199,22.1485,0.0],[-77.8176,22.1501,0.25]]],
[[[-77.8063,22.169,0.0],[-77.8054,22.1704,0.0],[-77.8082,22.1707,0.0],[-77.814,22.1674,0.3862],[-77.8101,22.1663,0.0],[-77.8063,22.169,0.0]]],
[[[-77.826,22.1707,0.2484],[-77.8288,22.1732,0.3402],[-77.8293,22.1701,0.0],[-77.8335,22.1693,0.0],[-77.8335,22.1682,0.0],[-77.8246,22.1671,0.1659],[-77.826,22.1707,0.2484]]],
[[[-77.7629,21.951,0.1394],[-77.7618,21.9524,0.311],[-77.7621,21.9551,0.2807],[-77.764,21.9546,0.0],[-77.7629,21.951,0.1394]]],
[[[-77.6374,21.9615,0.0],[-77.636,21.9618,0.0],[-77.6368,21.9646,0.0],[-77.6376,21.9646,0.0],[-77.6374,21.9615,0.0]]],
[[[-77.7474,22.0571,0.5262],[-77.7487,22.059,0.0],[-77.7496,22.056,0.236],[-77.7487,22.0557,0.0],[-77.7474,22.0571,0.5262]]],
[[[-77.7499,22.0579,0.0],[-77.7499,22.0599,0.0],[-77.751,22.0607,0.0],[-77.7526,22.0571,0.4851],[-77.7499,22.0579,0.0]]],
[[[-77.6915,22.0618,1.115],[-77.6929,22.0643,0.0],[-77.6963,22.0626,0.0],[-77.696,22.0554,0.0],[-77.6899,22.0565,0.0],[-77.6915,22.0618,1.115]]],
[[[-77.7121,22.061,0.1259],[-77.7174,22.0624,0.0],[-77.7174,22.061,0.4525],[-77.7107,22.0593,0.1965],[-77.7121,22.061,0.1259]]],
[[[-77.7504,22.0654,0.0],[-77.7496,22.0671,0.0],[-77.7524,22.066,1.2098],[-77.7518,22.0649,0.0],[-77.7504,22.0654,0.0]]],
[[[-77.7276,22.0729,0.7749],[-77.7274,22.0751,0.7004],[-77.7299,22.0738,0.0],[-77.7271,22.0713,0.3651],[-77.7276,22.0729,0.7749]]],
[[[-77.7379,22.0846,0.2],[-77.7396,22.0882,0.4741],[-77.7371,22.076,0.0028],[-77.7368,22.081,0.2338],[-77.7379,22.0846,0.2]]],
[[[-77.7579,22.0921,0.0],[-77.7601,22.0943,0.0],[-77.7632,22.0943,0.0],[-77.7649,22.0924,0.6589],[-77.764,22.090699999999998,0.6043],[-77.7607,22.090699999999998,0.8692],[-77.7579,22.0885,0.1697],[-77.7551,22.0788,0.0],[-77.7568,22.076,0.2401],[-77.7535,22.0754,0.0],[-77.7513,22.0788,0.3084],[-77.7515,22.0812,0.0],[-77.7579,22.0921,0.0]]],
[[[-77.7457,22.1107,0.2875],[-77.7471,22.1124,0.0],[-77.7493,22.1118,0.0],[-77.7482,22.109,0.0],[-77.7457,22.1107,0.2875]]],
[[[-77.7815,22.1188,0.0],[-77.7885,22.1201,0.4837],[-77.7915,22.1196,0.267],[-77.7929,22.1176,0.7222],[-77.7865,22.1182,0.2742],[-77.7821,22.1162,0.0833],[-77.7824,22.114,0.0],[-77.7782,22.1149,0.2244],[-77.7768,22.1126,0.2686],[-77.7724,22.114,0.3145],[-77.7668,22.1082,0.0],[-77.7621,22.1093,0.521],[-77.7632,22.1162,0.0],[-77.7815,22.1188,0.0]]],
[[[-77.7585,22.1162,0.0],[-77.761,22.1179,0.0],[-77.7615,22.1154,0.3117],[-77.759,22.1151,0.0],[-77.7585,22.1162,0.0]]],
[[[-77.7485,22.1168,0.0],[-77.7482,22.119,0.0],[-77.7501,22.121,0.0],[-77.7504,22.1157,0.791],[-77.749,22.1132,0.0],[-77.7485,22.1168,0.0]]],
[[[-77.6465,22.1168,0.0],[-77.6462,22.1188,0.0],[-77.6487,22.1176,0.0],[-77.6482,22.1157,0.0],[-77.6465,22.1168,0.0]]],
[[[-77.7438,22.1301,0.0],[-77.7538,22.131,0.0],[-77.7582,22.1276,1.0693],[-77.7526,22.1251,0.0],[-77.7443,22.1276,0.0],[-77.7438,22.1301,0.0]]],
[[[-77.5999,21.934,0.0],[-77.6024,21.9354,1.5256],[-77.6049,21.9332,0.0],[-77.606,21.9274,0.0],[-77.6015,21.929,0.3076],[-77.5999,21.934,0.0]]],
[[[-77.6068,21.9482,0.9708],[-77.6054,21.9488,1.6781],[-77.606,21.9504,1.6781],[-77.6087,21.9474,0.9708],[-77.6068,21.9482,0.9708]]],
[[[-77.6235,21.9499,0.6673],[-77.6263,21.9504,0.6844],[-77.6246,21.9476,0.8138],[-77.6229,21.9479,0.0],[-77.6235,21.9499,0.6673]]],
[[[-77.5854,22.3785,0.0],[-77.5849,22.3801,0.0],[-77.5865,22.3807,0.0],[-77.5874,22.3782,0.0],[-77.5854,22.3785,0.0]]],
[[[-77.7588,22.1335,0.0],[-77.7676,22.134,0.0],[-77.7712,22.1313,1.7539],[-77.7763,22.1304,2.5483],[-77.7776,22.1282,0.0],[-77.7696,22.1274,0.95009999999999994],[-77.7679,22.129,1.1111],[-77.7599,22.1307,0.5084],[-77.7588,22.1335,0.0]]],
[[[-77.661,22.1896,0.0],[-77.6637,22.1913,0.0],[-77.6621,22.1835,1.0676],[-77.6637,22.1821,0.2729],[-77.6624,22.1813,0.0],[-77.6593,22.1835,0.0],[-77.661,22.1896,0.0]]],
[[[-77.856,22.1885,0.4053],[-77.8576,22.1899,0.0],[-77.861,22.1887,0.0],[-77.8582,22.1879,0.0],[-77.8587,22.1826,0.0],[-77.8557,22.1826,0.0],[-77.856,22.1885,0.4053]]],
[[[-77.8321,22.2429,0.0],[-77.8332,22.2443,0.0751],[-77.8374,22.244,0.0],[-77.8326,22.2393,0.1176],[-77.8268,22.2368,0.1634],[-77.8285,22.2407,0.0],[-77.831,22.2404,0.4884],[-77.8321,22.2429,0.0]]],
[[[-77.8593,22.2724,0.12],[-77.8601,22.2732,0.131],[-77.8624,22.2732,0.0],[-77.8587,22.2707,0.1128],[-77.8593,22.2724,0.12]]],
[[[-77.8926,22.2754,0.1784],[-77.9026,22.2763,0.22],[-77.8901,22.2707,0.147],[-77.8812,22.2693,0.0],[-77.8801,22.2707,0.0],[-77.8838,22.2735,0.1149],[-77.8926,22.2754,0.1784]]],
[[[-77.9174,22.2835,0.0],[-77.9218,22.2849,0.0],[-77.9254,22.2804,0.1002],[-77.9232,22.278199999999998,0.0],[-77.9157,22.276,0.3029],[-77.9157,22.2738,0.0],[-77.9121,22.2724,0.1634],[-77.9118,22.2704,0.1432],[-77.9143,22.2704,0.2338],[-77.9168,22.2726,0.0],[-77.9212,22.2665,-0.1171],[-77.9254,22.2643,0.0],[-77.9271,22.2668,0.0],[-77.9326,22.2674,0.1501],[-77.9351,22.2793,0.0],[-77.9365,22.2815,0.0],[-77.9385,22.281,0.0],[-77.9354,22.2746,0.1691],[-77.944,22.2663,0.0],[-77.9407,22.2657,0.0516],[-77.9426,22.2621,0.0],[-77.941,22.2621,0.0335],[-77.9399,22.2596,0.0473],[-77.9332,22.2579,0.1086],[-77.9296,22.2521,0.0619],[-77.9332,22.2496,0.1707],[-77.9365,22.2499,0.0879],[-77.9424,22.2454,0.0],[-77.9449,22.2465,0.0],[-77.9549,22.2599,0.2417],[-77.956,22.2663,0.0],[-77.9584,22.2688,0.0],[-77.9601,22.2685,0.0],[-77.9579,22.266,0.0922],[-77.9601,22.2643,0.0688],[-77.9601,22.2593,0.0764],[-77.9576,22.2593,0.0578],[-77.9565,22.2571,0.0859],[-77.9593,22.2568,0.0],[-77.9593,22.2551,0.0],[-77.956,22.2532,0.0],[-77.9599,22.2496,0.0972],[-77.9538,22.2501,0.0164],[-77.9551,22.2465,0.0],[-77.9532,22.2465,0.0],[-77.9526,22.2507,0.3186],[-77.9503,22.2513,0.2247],[-77.9482,22.2485,0.0917],[-77.9504,22.2474,0.0824],[-77.9488,22.2449,0.0],[-77.9524,22.2412,0.0687],[-77.949,22.239,0.0],[-77.9532,22.2388,0.0],[-77.9549,22.2368,0.0],[-77.9474,22.2376,0.1251],[-77.9443,22.2399,0.091],[-77.9365,22.239,0.0],[-77.941,22.2354,0.0],[-77.9362,22.2343,0.0],[-77.9329,22.2357,0.0536],[-77.934,22.2326,0.0],[-77.9309,22.2321,0.2128],[-77.9301,22.2293,0.0],[-77.9326,22.2268,0.0],[-77.9332,22.2232,0.0],[-77.9285,22.2246,0.0708],[-77.9326,22.2207,0.0],[-77.9274,22.2199,0.0],[-77.9238,22.2243,0.1242],[-77.9265,22.2271,0.0],[-77.9271,22.231,0.0],[-77.9257,22.2326,0.0],[-77.9282,22.2337,2.3796],[-77.9293,22.2382,0.4887],[-77.9318,22.2401,0.3147],[-77.9382,22.241,0.2267],[-77.9365,22.2482,0.0],[-77.9315,22.2474,0.0587],[-77.9265,22.2493,0.0],[-77.9254,22.254,0.0929],[-77.9218,22.2563,0.2019],[-77.9218,22.2582,0.1893],[-77.9201,22.2571,0.0789],[-77.919,22.2582,0.0],[-77.9207,22.2607,0.0356],[-77.9174,22.2613,0.0],[-77.9149,22.2671,0.0275],[-77.9074,22.2682,0.0],[-77.9057,22.271,0.2556],[-77.8987,22.2665,0.0],[-77.8971,22.2618,0.0],[-77.8951,22.261,0.0679],[-77.8957,22.2585,0.1213],[-77.8979,22.259,0.0],[-77.9018,22.2557,0.1636],[-77.899,22.2551,0.0],[-77.8974,22.2574,0.0486],[-77.8935,22.2585,0.0],[-77.896,22.2657,0.0],[-77.8996,22.2699,0.0],[-77.9049,22.2738,0.0],[-77.9118,22.274,0.1902],[-77.9135,22.2771,0.0],[-77.9215,22.2801,0.2742],[-77.9174,22.2835,0.0]]],
[[[-77.9032,22.2538,0.0054],[-77.906,22.2551,0.0672],[-77.9065,22.2515,0.0],[-77.914,22.2524,0.0],[-77.9151,22.251,0.1344],[-77.9068,22.2501,0.0],[-77.9032,22.2538,0.0054]]],
[[[-77.9474,22.2649,0.0586],[-77.9543,22.2651,0.1474],[-77.9546,22.264,-0.0038],[-77.946,22.2613,0.0],[-77.9449,22.264,0.0],[-77.9474,22.2649,0.0586]]],
[[[-77.9401,22.2824,0.0],[-77.9426,22.284,0.0],[-77.9468,22.2793,0.0],[-77.9396,22.2801,0.0],[-77.9401,22.2824,0.0]]],
[[[-77.8635,22.2743,0.0],[-77.8649,22.2754,0.0],[-77.8676,22.2746,0.0478],[-77.864,22.2732,0.0],[-77.8635,22.2743,0.0]]],
[[[-77.8751,22.3004,0.0],[-77.876,22.3035,0.0],[-77.8793,22.3029,0.332],[-77.8854,22.2938,0.0],[-77.879,22.2957,0.2498],[-77.8746,22.2993,0.0],[-77.8751,22.3004,0.0]]],
[[[-77.9293,22.2865,1.2593],[-77.9326,22.2874,0.0],[-77.9379,22.2851,0.0],[-77.9262,22.2843,0.1084],[-77.9262,22.2857,0.0826],[-77.9293,22.2865,1.2593]]],
[[[-77.9201,22.289,0.2633],[-77.9193,22.2907,0.0],[-77.9243,22.2899,0.0],[-77.9235,22.2879,0.0],[-77.9201,22.289,0.2633]]],
[[[-77.9004,22.2938,0.3582],[-77.9026,22.2954,0.8239],[-77.9082,22.2921,0.0747],[-77.9124,22.2932,0.0],[-77.9168,22.2874,0.4171],[-77.9126,22.2865,0.0],[-77.9099,22.2904,0.0],[-77.9004,22.2879,0.0],[-77.8987,22.2929,0.1613],[-77.9004,22.2938,0.3582]]],
[[[-77.941,22.2929,0.1905],[-77.9424,22.2943,0.0],[-77.9437,22.2935,0.321],[-77.9415,22.2899,0.0],[-77.9396,22.2907,0.0],[-77.941,22.2929,0.1905]]],
[[[-77.9435,22.3026,0.0],[-77.9454,22.3037,0.1396],[-77.9488,22.299,0.0],[-77.9515,22.2999,0.6195],[-77.9526,22.2985,0.0],[-77.9474,22.2938,0.3644],[-77.9454,22.3001,0.0],[-77.9432,22.3007,0.0],[-77.9435,22.3026,0.0]]],
[[[-77.9418,22.3037,0.0],[-77.9424,22.3026,0.0],[-77.9401,22.3029,0.0],[-77.9385,22.306,0.0],[-77.9401,22.3057,0.0],[-77.9418,22.3037,0.0]]],
[[[-77.924,22.3046,0.4138],[-77.9229,22.3046,0.1098],[-77.9226,22.3057,0.1368],[-77.9257,22.3049,0.4138],[-77.924,22.3046,0.4138]]],
[[[-77.9187,22.3135,0.0],[-77.9224,22.3143,0.0],[-77.9238,22.3099,0.0],[-77.9201,22.3093,0.4545],[-77.9193,22.3115,0.0],[-77.9179,22.3113,0.0],[-77.9187,22.3135,0.0]]],
[[[-77.9451,22.3204,0.0569],[-77.9488,22.321,0.0],[-77.946,22.3179,0.0],[-77.9465,22.3163,0.0567],[-77.949,22.3171,0.141],[-77.9499,22.3207,0.0],[-77.9524,22.3187,0.4019],[-77.9529,22.3157,0.0514],[-77.9443,22.3154,0.0],[-77.9429,22.3176,0.0],[-77.9443,22.3176,0.0],[-77.9435,22.3193,0.0],[-77.9451,22.3204,0.0569]]],
[[[-77.9335,22.356,0.0],[-77.9435,22.3568,0.7126],[-77.9418,22.3538,5.4731],[-77.9421,22.3482,0.0],[-77.9354,22.3415,0.8733],[-77.9282,22.3388,1.8686],[-77.9296,22.3357,1.0532],[-77.926,22.3329,0.0584],[-77.921,22.3249,0.0],[-77.9135,22.3243,1.0745],[-77.911,22.3218,1.8116],[-77.9104,22.3179,0.8679],[-77.9054,22.314,0.4688],[-77.9074,22.3135,0.0],[-77.9088,22.3099,0.1584],[-77.9079,22.3051,0.0],[-77.899,22.3018,0.0],[-77.8932,22.3057,0.6831],[-77.8921,22.3096,0.0],[-77.9015,22.3218,0.3548],[-77.9046,22.3299,0.414],[-77.9179,22.3388,0.0],[-77.9335,22.356,0.0]]]]}}