{"type":"Feature","properties":{"GID_1":"CUB.11_1","GID_0":"CUB","country":"Cuba","province":"Matanzas","VARNAME_1":"NA","NL_NAME_1":"NA","TYPE_1":"Provincia","ENGTYPE_1":"Province","CC_1":"NA","HASC_1":"CU.MA","ISO_1":"CU-04","name":"Matanzas.province"},
"geometry":{"type": "MultiPolygon","coordinates": [[[[-81.6915,21.9979,1.3967],[-81.6943,21.9996,0.0],[-81.6999,21.9963,0.0],[-81.6988,21.9963,2.4305],[-81.6993,21.9949,0.0],[-81.6965,21.9957,1.9439],[-81.6918,21.994,1.5356],[-81.6904,21.9963,0.0],[-81.6915,21.9979,1.3967]]],
[[[-81.6593,22.0529,0.3971],[-81.6582,22.0535,0.0],[-81.6618,22.0537,0.0],[-81.6615,22.0532,0.0],[-81.6593,22.0529,0.3971]]],
[[[-81.6738,22.0776,3.2245],[-81.6754,22.0788,0.0],[-81.6754,22.0768,0.0],[-81.6685,22.0688,2.1158],[-81.6649,22.0757,0.8706],[-81.6704,22.0757,0.0],[-81.6738,22.0776,3.2245]]],
[[[-81.6549,22.0757,0.0],[-81.6582,22.0768,0.0],[-81.6596,22.0762,0.0],[-81.6554,22.0738,0.5585],[-81.6549,22.0757,0.0]]],
[[[-81.309,22.0346,1.0212],[-81.3149,22.0357,1.2661],[-81.3151,22.0332,1.4826],[-81.311,22.028199999999998,0.8231],[-81.3029,22.0304,0.0],[-81.2996,22.0343,0.5951],[-81.3007,22.0354,1.8859],[-81.3043,22.0318,2.3867],[-81.3071,22.0315,1.7532],[-81.309,22.0346,1.0212]]],
[[[-81.3768,22.0421,0.0],[-81.3754,22.0429,0.0],[-81.3751,22.0449,0.0],[-81.376,22.0435,0.0],[-81.3788,22.0438,0.0],[-81.3768,22.0429,0.0],[-81.3782,22.0415,0.0],[-81.3768,22.0421,0.0]]],
[[[-81.391,22.0485,0.0],[-81.3924,22.0499,0.0],[-81.3968,22.0496,0.0],[-81.3929,22.0488,0.0],[-81.3913,22.0451,0.0],[-81.389,22.0443,0.0],[-81.391,22.0485,0.0]]],
[[[-81.3704,22.0485,0.3951],[-81.3735,22.0493,0.0],[-81.374,22.0482,0.0],[-81.3718,22.0468,0.0],[-81.3701,22.0471,0.0],[-81.3704,22.0485,0.3951]]],
[[[-81.5815,22.0388,0.0],[-81.584,22.0399,1.503],[-81.5854,22.0382,1.4376],[-81.5793,22.0293,1.3549],[-81.576,22.0201,0.8005],[-81.5735,22.0199,0.0],[-81.5751,22.0218,1.4394],[-81.5735,22.029,0.0],[-81.576,22.0329,0.0],[-81.5757,22.0351,0.0],[-81.5815,22.0388,0.0]]],
[[[-81.5846,22.0462,0.5632],[-81.5843,22.0482,0.0],[-81.5854,22.0488,0.6633],[-81.5857,22.0465,0.5632],[-81.5846,22.0462,0.5632]]],
[[[-81.5971,22.0493,1.8408],[-81.5971,22.0521,0.0],[-81.6046,22.0524,0.0],[-81.6026,22.0474,0.7001],[-81.5971,22.0493,1.8408]]],
[[[-81.6326,22.0579,1.4589],[-81.6332,22.0593,0.0],[-81.6343,22.0585,0.0],[-81.6332,22.0546,0.0],[-81.6321,22.0549,0.0],[-81.6326,22.0579,1.4589]]],
[[[-81.3179,22.0499,0.182],[-81.3196,22.0529,0.2332],[-81.3226,22.0515,0.6576],[-81.3201,22.0493,0.5006],[-81.3163,22.0488,0.0],[-81.3179,22.0499,0.182]]],
[[[-81.3751,22.0499,0.0],[-81.3737,22.0496,0.0],[-81.3735,22.0532,0.0],[-81.3768,22.0526,0.0],[-81.3751,22.0499,0.0]]],
[[[-81.3335,22.0526,0.8532],[-81.3346,22.0563,0.2854],[-81.3388,22.0537,1.0398],[-81.3374,22.0504,0.0],[-81.3332,22.0507,0.1186],[-81.3335,22.0526,0.8532]]],
[[[-81.3718,22.0582,0.0],[-81.3746,22.0588,0.4958],[-81.376,22.0615,0.2129],[-81.3743,22.0563,0.0],[-81.3721,22.0565,0.0],[-81.3718,22.0582,0.0]]],
[[[-81.9999,21.9999,0.0],[-81.9999,22.0001,0.0],[-82.0001,22.0001,0.0],[-82.0001,21.9999,0.0],[-81.9999,21.9999,0.0]]],
[[[-81.7976,22.0935,0.0],[-81.799,22.0946,0.965],[-81.801,22.0943,0.0],[-81.7993,22.0924,0.5923],[-81.7976,22.0935,0.0]]],
[[[-81.7776,22.1018,0.0],[-81.7799,22.1029,0.0],[-81.7804,22.1015,0.0],[-81.7771,22.0993,0.0],[-81.7776,22.1018,0.0]]],
[[[-81.8185,22.109,0.0],[-81.8176,22.1104,0.0],[-81.8226,22.1087,0.0],[-81.8199,22.1074,0.5682],[-81.8185,22.109,0.0]]],
[[[-81.7346,22.0785,0.6275],[-81.7363,22.0796,0.0],[-81.7382,22.079,0.5532],[-81.7332,22.0762,0.0],[-81.7346,22.0785,0.6275]]],
[[[-81.6985,22.0815,0.0],[-81.699,22.0829,0.0],[-81.7024,22.0824,0.0],[-81.7007,22.0807,0.0],[-81.6985,22.0815,0.0]]],
[[[-81.7224,22.0865,2.8157],[-81.724,22.0893,0.0],[-81.7246,22.0868,0.0],[-81.721,22.0846,0.5908],[-81.7224,22.0865,2.8157]]],
[[[-81.6646,22.0993,0.0],[-81.6637,22.1007,0.0],[-81.666,22.101,0.3816],[-81.6732,22.0968,1.3075],[-81.676,22.0968,1.3337],[-81.681,22.0999,2.2376],[-81.6768,22.0962,1.3337],[-81.6749,22.090699999999998,0.6263],[-81.6762,22.0865,0.393],[-81.6699,22.0885,0.0],[-81.671,22.0929,0.704],[-81.669,22.0976,1.1188],[-81.6676,22.0987,0.0],[-81.6646,22.0979,0.0],[-81.6646,22.0993,0.0]]],
[[[-81.7157,22.0963,0.0],[-81.7168,22.0993,0.0],[-81.7162,22.0965,0.0],[-81.7213,22.0918,0.0],[-81.7168,22.0918,0.0],[-81.7149,22.0901,0.0],[-81.7168,22.094,2.5611],[-81.7157,22.0963,0.0]]],
[[[-81.6593,22.0971,1.2998],[-81.6588,22.0987,1.2998],[-81.6621,22.0963,0.458],[-81.6596,22.0954,0.0],[-81.6593,22.0971,1.2998]]],
[[[-81.6385,22.104,0.8271],[-81.6435,22.1049,0.0],[-81.6413,22.1032,0.8316],[-81.6418,22.0993,0.0],[-81.6404,22.1013,1.0076],[-81.6376,22.1004,0.0],[-81.6385,22.104,0.8271]]],
[[[-81.6507,22.1082,0.7264],[-81.6521,22.111,0.4187],[-81.6549,22.1076,1.5089],[-81.6626,22.1093,0.6509],[-81.664,22.1068,0.0],[-81.6518,22.1068,0.9539],[-81.6501,22.1043,0.4101],[-81.6507,22.1082,0.7264]]],
[[[-81.7157,22.1162,0.0],[-81.7151,22.1179,0.6105],[-81.7265,22.1121,0.0],[-81.726,22.1096,0.8982],[-81.7235,22.109,1.5695],[-81.7237,22.1015,0.8403],[-81.7204,22.1018,0.8121],[-81.7218,22.104,0.0],[-81.721,22.1065,0.7857],[-81.7174,22.1054,0.0],[-81.7151,22.1065,0.0],[-81.7176,22.1074,1.18],[-81.7174,22.1087,1.18],[-81.7154,22.1082,0.0],[-81.7171,22.1126,0.4447],[-81.719,22.109,0.3725],[-81.7213,22.1085,1.5368],[-81.7199,22.1135,0.6341],[-81.7171,22.1137,0.4447],[-81.7157,22.1162,0.0]]],
[[[-81.7101,22.121,0.4809],[-81.7171,22.1215,0.0],[-81.7154,22.119,1.1736],[-81.7149,22.1201,1.1736],[-81.7085,22.1196,0.1831],[-81.7063,22.1213,0.0],[-81.7101,22.121,0.4809]]],
[[[-81.6618,22.1329,0.0],[-81.6635,22.1349,0.8198],[-81.6646,22.1282,0.9023],[-81.6685,22.1274,0.6007],[-81.6724,22.1204,0.7148],[-81.6824,22.1179,0.9052],[-81.689,22.1132,1.4686],[-81.6915,22.1143,0.0],[-81.6935,22.111,0.0],[-81.6857,22.1093,1.0323],[-81.6826,22.1121,0.6678],[-81.6804,22.1174,1.9085],[-81.6779,22.1185,0.0],[-81.6726,22.116,0.0],[-81.6679,22.1268,0.6127],[-81.6624,22.126,0.0],[-81.6635,22.1299,0.4903],[-81.6612,22.1313,0.669],[-81.6618,22.1329,0.0]]],
[[[-81.6529,22.1268,1.0444],[-81.6549,22.1296,2.1109],[-81.6546,22.1246,0.3778],[-81.6515,22.1215,0.0],[-81.6529,22.124,0.9789],[-81.6529,22.1268,1.0444]]],
[[[-81.6132,22.059,1.2469],[-81.6151,22.0601,1.2469],[-81.6137,22.0574,0.0],[-81.6151,22.0549,0.6326],[-81.6126,22.0537,0.0],[-81.6118,22.0549,1.8475],[-81.6132,22.059,1.2469]]],
[[[-81.5862,22.0782,0.9138],[-81.5932,22.0779,1.2083],[-81.591,22.074,0.5676],[-81.5865,22.0721,0.382],[-81.5862,22.0682,1.1501],[-81.5907,22.0635,2.0353],[-81.5926,22.0657,0.0],[-81.5935,22.0629,0.9936],[-81.5801,22.064,1.1111],[-81.5813,22.0607,0.404],[-81.5796,22.059,1.0839],[-81.5851,22.0549,0.5942],[-81.5862,22.0496,0.6633],[-81.5837,22.049,0.0],[-81.5821,22.0524,0.4026],[-81.5799,22.0532,0.6543],[-81.5799,22.0482,0.3305],[-81.5776,22.0454,0.0],[-81.5729,22.0451,0.0],[-81.5749,22.0493,0.3393],[-81.5699,22.0515,0.2701],[-81.5704,22.0565,1.0703],[-81.5657,22.0551,0.0],[-81.5624,22.0565,0.0],[-81.5621,22.0546,0.0],[-81.5518,22.0507,0.215],[-81.5518,22.0482,0.0],[-81.5488,22.0446,0.707],[-81.5485,22.0399,0.4923],[-81.5507,22.0382,0.9001],[-81.5554,22.0382,1.4676],[-81.5624,22.0415,0.2283],[-81.5626,22.039,0.0961],[-81.5449,22.0351,0.0],[-81.541,22.0429,0.0],[-81.5379,22.0443,0.3543],[-81.5357,22.0476,1.4699],[-81.5424,22.056,0.2572],[-81.5515,22.059,1.4555],[-81.556,22.0651,1.2436],[-81.5638,22.069,0.392],[-81.5671,22.069,0.3279],[-81.5754,22.0757,0.0],[-81.579,22.0751,1.3866],[-81.5862,22.0782,0.9138]]],
[[[-81.6382,22.0632,1.2867],[-81.6376,22.0651,0.0],[-81.6429,22.0629,0.0],[-81.6393,22.0615,0.0],[-81.6382,22.0632,1.2867]]],
[[[-81.5965,22.0685,0.9255],[-81.6043,22.0674,0.0],[-81.6071,22.0626,0.0],[-81.6035,22.059,0.7472],[-81.6035,22.0632,1.1906],[-81.5985,22.0643,0.5602],[-81.5957,22.0671,0.9255],[-81.5965,22.0685,0.9255]]],
[[[-81.3771,22.059,0.0],[-81.3799,22.0599,0.1615],[-81.379,22.0582,0.0],[-81.3768,22.0579,0.0],[-81.3771,22.059,0.0]]],
[[[-81.3346,22.0663,0.0],[-81.3412,22.0668,0.3573],[-81.3415,22.0654,0.3366],[-81.3368,22.0621,0.0],[-81.3393,22.0649,0.0],[-81.3351,22.0643,0.0],[-81.3346,22.0663,0.0]]],
[[[-81.4279,22.0696,0.0],[-81.4301,22.0699,0.2966],[-81.431,22.0724,0.0],[-81.4324,22.0721,0.0],[-81.4318,22.0699,0.2966],[-81.4332,22.0718,0.0],[-81.4346,22.069,0.2477],[-81.4337,22.0676,0.3264],[-81.4324,22.069,0.5371],[-81.426,22.0688,0.0],[-81.4279,22.0696,0.0]]],
[[[-81.3593,22.0746,0.6084],[-81.3607,22.0765,0.4264],[-81.3646,22.0765,0.5031],[-81.3654,22.0751,0.2109],[-81.3715,22.0754,0.5912],[-81.3726,22.074,0.0],[-81.366,22.0738,0.2109],[-81.3632,22.0752,0.0],[-81.3593,22.0746,0.6084]]],
[[[-81.5937,22.0649,0.8724],[-81.5943,22.0663,0.0],[-81.5963,22.0643,0.4483],[-81.5949,22.0637,0.0],[-81.5937,22.0649,0.8724]]],
[[[-81.6351,22.069,0.0],[-81.6374,22.0704,1.256],[-81.6376,22.0671,1.3107],[-81.6363,22.0674,1.3107],[-81.6349,22.0629,0.835],[-81.6329,22.0626,0.5374],[-81.6326,22.064,0.3087],[-81.6351,22.069,0.0]]],
[[[-81.6118,22.0707,0.4369],[-81.6165,22.0718,2.2159],[-81.614,22.0679,0.0],[-81.6082,22.0679,0.0],[-81.6118,22.0707,0.4369]]],
[[[-81.6021,22.0765,0.0],[-81.606,22.0762,0.285],[-81.606,22.074,0.2064],[-81.6001,22.0743,0.0],[-81.6021,22.0765,0.0]]],
[[[-81.594,22.079,0.0],[-81.5935,22.0804,0.0],[-81.5954,22.0807,0.0],[-81.5971,22.0776,0.0],[-81.5963,22.0774,1.4845],[-81.594,22.079,0.0]]],
[[[-81.6224,22.0832,1.1442],[-81.6218,22.0849,0.6631],[-81.6243,22.0826,0.0],[-81.6237,22.0812,0.0],[-81.6224,22.0824,1.1442],[-81.6224,22.0832,1.1442]]],
[[[-81.6363,22.086,0.7036],[-81.6379,22.0901,0.0],[-81.6396,22.0843,1.0708],[-81.636,22.0843,2.8303],[-81.6326,22.0807,1.8252],[-81.6304,22.0804,0.0],[-81.6265,22.0829,0.0],[-81.6274,22.0843,0.0],[-81.6363,22.086,0.7036]]],
[[[-81.4754,22.0979,1.5437],[-81.4751,22.1013,0.0],[-81.4762,22.1015,1.7405],[-81.4804,22.0957,0.0],[-81.479,22.0912,1.5806],[-81.4737,22.0868,0.0],[-81.459,22.0807,0.713],[-81.4579,22.079,0.436],[-81.4579,22.0821,0.0],[-81.4713,22.089,0.0],[-81.4732,22.0885,2.0978],[-81.4771,22.0915,0.1967],[-81.4737,22.094,1.3869],[-81.4735,22.0976,0.3192],[-81.4754,22.0979,1.5437]]],
[[[-81.4732,22.0904,0.0],[-81.4729,22.0929,0.431],[-81.4746,22.0924,0.3721],[-81.4743,22.0901,0.7209],[-81.4732,22.0904,0.0]]],
[[[-81.4618,22.0993,0.0],[-81.4629,22.1013,0.0],[-81.4651,22.101,0.0],[-81.4643,22.0951,0.0],[-81.461,22.0932,0.8231],[-81.4601,22.0963,0.0],[-81.4618,22.0993,0.0]]],
[[[-81.6318,22.1115,1.2869],[-81.6346,22.1124,0.0],[-81.6321,22.1085,0.0],[-81.631,22.1096,0.8949],[-81.6318,22.1115,1.2869]]],
[[[-81.4982,22.1185,0.0],[-81.4979,22.1204,0.0],[-81.4985,22.1207,0.0],[-81.4987,22.1168,0.0],[-81.4982,22.1185,0.0]]],
[[[-81.431,22.1104,0.7979],[-81.4349,22.1115,0.5411],[-81.4401,22.1079,0.335],[-81.4276,22.1082,0.0],[-81.431,22.1104,0.7979]]],
[[[-81.396,22.1107,1.0465],[-81.3971,22.1135,0.3883],[-81.4026,22.1118,0.0],[-81.3985,22.111,1.2883],[-81.3974,22.1087,0.0],[-81.396,22.1107,1.0465]]],
[[[-81.2646,22.1143,0.0],[-81.2696,22.1149,0.0],[-81.2679,22.1124,0.223],[-81.2676,22.114,0.1942],[-81.2646,22.1143,0.0]]],
[[[-81.4004,22.1176,0.0],[-81.4018,22.1188,0.0],[-81.4026,22.1165,0.0],[-81.4018,22.1162,0.0],[-81.4004,22.1176,0.0]]],
[[[-81.2635,22.1193,0.2271],[-81.2646,22.1204,0.2271],[-81.2654,22.1201,0.2271],[-81.2629,22.1174,0.2226],[-81.2635,22.1193,0.2271]]],
[[[-81.4013,22.1393,2.4587],[-81.4032,22.1418,2.2335],[-81.4037,22.1399,0.0],[-81.4021,22.1385,0.0],[-81.4013,22.1393,2.4587]]],
[[[-81.394,22.1446,0.0],[-81.3965,22.146,0.3032],[-81.3971,22.144,0.3387],[-81.3924,22.144,0.0],[-81.394,22.1446,0.0]]],
[[[-81.4374,22.1535,0.466],[-81.4393,22.1546,0.0],[-81.4407,22.1526,0.0],[-81.4385,22.1524,1.3025],[-81.4374,22.1535,0.466]]],
[[[-81.6346,22.1243,0.595],[-81.6387,22.1251,0.7514],[-81.6354,22.1229,0.8047],[-81.6371,22.1213,0.3429],[-81.634,22.1193,0.6938],[-81.6346,22.121,1.1623],[-81.6346,22.1243,0.595]]],
[[[-81.4676,22.124,1.8741],[-81.4671,22.1257,0.3646],[-81.4685,22.1262,0.3646],[-81.471,22.1229,1.0411],[-81.469,22.1213,0.0],[-81.4676,22.124,1.8741]]],
[[[-81.6315,22.1432,0.7982],[-81.6312,22.1443,0.3288],[-81.6329,22.1443,0.5915],[-81.6312,22.141,0.0],[-81.631,22.1426,0.7982],[-81.6315,22.1432,0.7982]]],
[[[-81.4571,22.1551,1.5964],[-81.456,22.156,0.0],[-81.4587,22.1562,0.7611],[-81.4607,22.154,1.2363],[-81.4574,22.1529,0.0],[-81.4585,22.1454,1.2077],[-81.4615,22.144,0.2392],[-81.4638,22.1485,0.3655],[-81.4679,22.1432,0.6592],[-81.4687,22.141,0.3258],[-81.466,22.1404,0.9263],[-81.4685,22.1349,0.6133],[-81.4643,22.1357,1.0847],[-81.4593,22.1443,0.0],[-81.4563,22.1443,1.2395],[-81.4535,22.1418,0.0],[-81.454,22.1446,0.0],[-81.4521,22.1454,0.0],[-81.4518,22.149,0.0],[-81.4554,22.1507,1.0014],[-81.4571,22.1551,1.5964]]],
[[[-81.7674,22.1243,0.0],[-81.7685,22.1257,1.1972],[-81.7701,22.1207,0.0],[-81.7693,22.1174,3.2485],[-81.7721,22.1126,0.0],[-81.7665,22.1174,0.0],[-81.7679,22.1193,1.4996],[-81.7663,22.1226,0.0],[-81.7674,22.1243,0.0]]],
[[[-81.7665,22.1279,3.7624],[-81.7679,22.1257,1.1972],[-81.764,22.1282,2.6678],[-81.7657,22.1293,0.0],[-81.7665,22.1279,3.7624]]],
[[[-81.8799,22.1296,0.0],[-81.8807,22.1307,0.0],[-81.8835,22.1307,0.0],[-81.8812,22.1276,0.0],[-81.8799,22.1296,0.0]]],
[[[-81.7596,22.1296,0.796],[-81.7585,22.1304,0.0],[-81.7588,22.1321,0.0],[-81.761,22.1301,0.796],[-81.7596,22.1296,0.796]]],
[[[-81.641,22.1374,0.0],[-81.6462,22.1385,0.0],[-81.6451,22.1349,0.8583],[-81.6479,22.1307,0.0],[-81.6476,22.1265,0.0],[-81.6454,22.1238,0.6016],[-81.646,22.1188,1.634],[-81.6446,22.1174,1.0758],[-81.6435,22.1179,0.0],[-81.6443,22.1254,0.6016],[-81.6465,22.1279,1.4358],[-81.6429,22.129,1.1941],[-81.6426,22.1351,0.6709],[-81.6404,22.1363,0.4121],[-81.641,22.1374,0.0]]],
[[[-81.6407,22.1274,2.864],[-81.6401,22.1296,2.3103],[-81.6415,22.1301,2.3103],[-81.6424,22.1268,0.0],[-81.6407,22.1274,2.864]]],
[[[-81.7001,22.1357,3.1766],[-81.7015,22.1376,0.9217],[-81.7012,22.1299,0.8045],[-81.7032,22.1254,1.3129],[-81.706,22.1238,0.0],[-81.7032,22.1199,0.0],[-81.7021,22.1201,0.0],[-81.7015,22.1276,0.3211],[-81.6988,22.1288,0.0],[-81.6985,22.1335,0.0],[-81.7001,22.1357,3.1766]]],
[[[-81.7404,22.1324,0.0],[-81.7424,22.1335,1.6461],[-81.7449,22.129,0.0],[-81.7424,22.126,1.703],[-81.7387,22.1251,0.0],[-81.7354,22.1285,1.758],[-81.7385,22.1293,0.2197],[-81.7404,22.1324,0.0]]],
[[[-81.8876,22.1343,0.5871],[-81.8887,22.1385,0.8731],[-81.896,22.1363,1.9409],[-81.8863,22.1318,0.0],[-81.8876,22.1343,0.5871]]],
[[[-81.851,22.1396,0.5222],[-81.8546,22.1401,0.0],[-81.8532,22.1351,0.0],[-81.8501,22.1338,1.4989],[-81.8493,22.1368,0.5378],[-81.851,22.1396,0.5222]]],
[[[-81.8996,22.1496,1.274],[-81.9013,22.1507,1.0575],[-81.9054,22.1499,0.0],[-81.906,22.1463,0.8066],[-81.9029,22.1413,3.4604],[-81.9051,22.1401,4.0305],[-81.9054,22.1365,1.9863],[-81.9079,22.1332,2.84],[-81.9076,22.1299,0.0],[-81.9026,22.1249,0.0],[-81.8968,22.1285,0.0],[-81.8918,22.1279,0.0],[-81.8968,22.1351,1.2547],[-81.9021,22.1376,5.3326],[-81.8987,22.1426,0.0],[-81.9004,22.1471,0.0],[-81.8996,22.1496,1.274]]],
[[[-81.7999,22.1488,1.9964],[-81.7999,22.1504,1.9964],[-81.8021,22.151,3.5597],[-81.8029,22.1479,1.8269],[-81.8049,22.1468,0.0],[-81.8043,22.1374,1.0133],[-81.811,22.1351,1.8648],[-81.8104,22.1326,4.6069],[-81.8126,22.131,3.1407],[-81.8115,22.1288,4.001],[-81.8051,22.1304,0.6191],[-81.7985,22.1293,0.8675],[-81.8029,22.1363,0.0],[-81.8029,22.1437,1.3004],[-81.7999,22.1488,1.9964]]],
[[[-81.7532,22.1429,0.4324],[-81.7518,22.1443,0.5322],[-81.7551,22.1413,1.0284],[-81.7538,22.136,0.0],[-81.7529,22.1371,0.0],[-81.7532,22.1429,0.4324]]],
[[[-81.9074,22.1457,0.8066],[-81.9074,22.1474,0.9162],[-81.9101,22.1463,0.0],[-81.9093,22.1449,0.0],[-81.9074,22.1457,0.8066]]],
[[[-81.7857,22.1521,0.0],[-81.7865,22.1565,1.2984],[-81.789,22.1549,1.0867],[-81.7893,22.1524,1.7187],[-81.7946,22.153199999999998,3.0277],[-81.7904,22.151,1.1068],[-81.7879,22.1465,0.0],[-81.7862,22.1471,0.3611],[-81.7857,22.1521,0.0]]],
[[[-81.8601,22.1543,0.0],[-81.8607,22.1585,2.1606],[-81.8685,22.1526,0.0],[-81.8599,22.151,0.9056],[-81.8601,22.1543,0.0]]],
[[[-81.6485,22.146,2.8652],[-81.6504,22.1476,0.658],[-81.6504,22.1415,0.0],[-81.6471,22.1407,0.8456],[-81.6474,22.1443,1.4508],[-81.6485,22.146,2.8652]]],
[[[-81.6637,22.1463,0.7761],[-81.6651,22.1496,0.0],[-81.6665,22.1463,0.4092],[-81.6657,22.1432,0.0],[-81.6612,22.1443,0.6466],[-81.6565,22.1426,0.0],[-81.6624,22.1449,0.6466],[-81.6637,22.1463,0.7761]]],
[[[-81.7504,22.149,2.065],[-81.7518,22.1443,0.5322],[-81.7468,22.1499,0.0],[-81.7496,22.1504,2.065],[-81.7504,22.149,2.065]]],
[[[-81.711,22.1579,0.7906],[-81.7115,22.1626,0.0],[-81.7132,22.1635,4.3999],[-81.714,22.1596,1.0413],[-81.7121,22.1521,0.0],[-81.714,22.149,4.0284],[-81.7121,22.1465,1.4811],[-81.716,22.1457,0.7189],[-81.7162,22.1421,0.0],[-81.7199,22.1374,0.0],[-81.7165,22.1343,0.0],[-81.7151,22.1349,0.0],[-81.7165,22.1388,0.294],[-81.7146,22.1449,1.5328],[-81.7124,22.1429,0.0],[-81.7099,22.1446,0.9827],[-81.7065,22.144,0.0],[-81.7007,22.139,0.0],[-81.7054,22.1446,0.0],[-81.7124,22.1499,4.0284],[-81.7107,22.1524,2.6891],[-81.711,22.1579,0.7906]]],
[[[-81.7407,22.154,0.0],[-81.7424,22.1579,1.2797],[-81.744,22.1537,0.0],[-81.7426,22.1515,0.0],[-81.7399,22.1518,0.4814],[-81.739,22.1471,0.0],[-81.7424,22.1432,1.0825],[-81.746,22.144,0.0],[-81.7465,22.1404,0.0],[-81.7412,22.141,0.0],[-81.7407,22.1432,0.0],[-81.7371,22.1446,0.3194],[-81.7382,22.1474,0.5559],[-81.7371,22.1482,0.5559],[-81.7407,22.154,0.0]]],
[[[-81.6749,22.154,0.0],[-81.6779,22.1554,0.6327],[-81.6768,22.153199999999998,0.5676],[-81.6715,22.1521,0.4195],[-81.669,22.1499,0.0],[-81.6696,22.1521,0.0],[-81.6749,22.154,0.0]]],
[[[-81.7196,22.176,0.7675],[-81.7204,22.1785,0.7013],[-81.7237,22.1765,0.8798],[-81.7268,22.1774,0.0],[-81.7315,22.1732,0.0],[-81.7135,22.1704,0.3831],[-81.7076,22.1674,0.0],[-81.706,22.1685,0.0],[-81.7054,22.1724,0.9782],[-81.7029,22.1699,0.7321],[-81.7043,22.1663,0.0],[-81.6954,22.1624,1.6527],[-81.6924,22.159,0.4302],[-81.6888,22.159,0.8621],[-81.6851,22.1551,0.0],[-81.6818,22.156,1.1527],[-81.6868,22.1582,0.5997],[-81.6885,22.1624,0.0],[-81.6907,22.1632,0.5634],[-81.6899,22.1663,0.1805],[-81.6974,22.169,0.0],[-81.699,22.1724,0.0],[-81.7082,22.1754,0.0],[-81.7129,22.1712,1.3936],[-81.7176,22.1721,1.217],[-81.7196,22.176,0.7675]]],
[[[-81.7143,22.1754,0.0],[-81.7154,22.1768,0.0],[-81.7182,22.176,0.7675],[-81.7179,22.1754,0.0],[-81.7143,22.1754,0.0]]],
[[[-81.9174,22.1537,0.0],[-81.9179,22.1562,0.0],[-81.9207,22.1551,0.0],[-81.9204,22.154,0.0],[-81.9174,22.1537,0.0]]],
[[[-81.8587,22.1749,1.8849],[-81.8604,22.1774,0.0],[-81.8587,22.1676,0.5118],[-81.8618,22.1671,0.0],[-81.8618,22.1646,0.0],[-81.8538,22.1657,0.0],[-81.8543,22.1679,1.3334],[-81.8576,22.1693,0.0],[-81.8587,22.1749,1.8849]]],
[[[-81.8618,22.1832,1.3945],[-81.8626,22.1868,4.8344],[-81.864,22.1871,0.0],[-81.8649,22.1824,3.8721],[-81.8676,22.1787,0.0],[-81.8657,22.1774,1.1707],[-81.861,22.1782,0.0],[-81.8618,22.1832,1.3945]]],
[[[-81.9304,22.184,5.4336],[-81.9296,22.186,2.5372],[-81.9299,22.1874,0.5667],[-81.9326,22.1857,0.9299],[-81.9304,22.184,5.4336]]],
[[[-81.7374,22.1787,1.23],[-81.7393,22.1807,0.0],[-81.7424,22.1796,1.0702],[-81.7415,22.1754,0.4996],[-81.7368,22.1721,0.7155],[-81.7337,22.1729,0.0],[-81.7365,22.1757,0.2191],[-81.7374,22.1787,1.23]]],
[[[-81.7065,22.1849,0.0],[-81.706,22.1879,0.0],[-81.7099,22.1865,0.0],[-81.7093,22.1826,0.0],[-81.7063,22.1835,0.0],[-81.7065,22.1849,0.0]]],
[[[-81.7124,22.1865,0.0],[-81.7135,22.1882,0.2224],[-81.7162,22.1854,0.0],[-81.7154,22.1849,0.0],[-81.7124,22.1865,0.0]]],
[[[-81.9076,22.1915,0.0],[-81.9104,22.1926,0.0],[-81.9118,22.1924,0.0],[-81.9093,22.1901,0.0],[-81.9076,22.1915,0.0]]],
[[[-81.9196,22.1907,1.0939],[-81.919,22.1954,3.034],[-81.9226,22.1915,1.2606],[-81.9279,22.1896,3.3579],[-81.924,22.1885,0.0],[-81.9196,22.1907,1.0939]]],
[[[-81.9882,22.204,0.4293],[-81.9962,22.2049,0.0],[-81.994,22.2035,0.0],[-81.9932,22.199,0.5962],[-81.991,22.1974,1.1333],[-81.9876,22.1993,1.9724],[-81.9846,22.199,0.4254],[-81.9882,22.204,0.4293]]],
[[[-81.911,22.2054,3.2558],[-81.9126,22.2065,5.2493],[-81.914,22.2046,0.0],[-81.9088,22.2015,0.0],[-81.9085,22.2035,0.0],[-81.911,22.2054,3.2558]]],
[[[-81.9538,22.2124,0.0],[-81.9568,22.2138,0.0],[-81.9612,22.2126,0.5977],[-81.9546,22.209,0.4779],[-81.9524,22.2096,0.0],[-81.9538,22.2124,0.0]]],
[[[-81.9135,22.2257,0.0],[-81.9149,22.2282,0.0],[-81.9143,22.2188,0.0],[-81.9115,22.2129,2.2452],[-81.9129,22.2118,3.3631],[-81.9129,22.2074,1.497],[-81.9118,22.2071,1.497],[-81.906,22.211,2.1696],[-81.906,22.2132,2.2163],[-81.9112,22.2193,2.2379],[-81.9135,22.2257,0.0]]],
[[[-82.0093,22.2249,0.0],[-82.0096,22.2285,2.3078],[-82.0115,22.2271,1.8393],[-82.0185,22.2268,1.179],[-82.0176,22.224,0.0],[-82.0154,22.2237,0.0],[-82.0137,22.2207,0.8126],[-82.0146,22.219,1.6833],[-82.016,22.2201,1.6833],[-82.0171,22.2174,0.0],[-82.0212,22.2188,0.0],[-82.0224,22.2165,1.7034],[-82.0126,22.2113,0.0],[-82.0118,22.2162,1.0417],[-82.0074,22.2213,0.827],[-82.0093,22.2249,0.0]]],
[[[-81.9776,22.2315,0.472],[-81.979,22.234,0.0],[-81.9807,22.234,0.0],[-81.9837,22.231,0.0],[-81.9799,22.2249,0.0],[-81.9779,22.2251,0.0],[-81.9776,22.2315,0.472]]],
[[[-81.994,22.2332,3.3643],[-81.9951,22.236,0.0],[-81.9993,22.2346,0.0],[-81.9946,22.2265,0.0],[-81.9899,22.2251,0.0],[-81.9885,22.229,0.0],[-81.9935,22.2307,0.2183],[-81.994,22.2332,3.3643]]],
[[[-82.2374,22.3521,0.2806],[-82.2407,22.3535,1.0486],[-82.2418,22.3482,2.2796],[-82.2371,22.3485,4.3907],[-82.2374,22.3521,0.2806]]],
[[[-82.1115,22.3538,8.5638],[-82.1135,22.3576,0.0],[-82.1146,22.3554,2.9151],[-82.1132,22.3515,4.2547],[-82.1188,22.3515,0.7878],[-82.1199,22.3554,1.2739],[-82.1274,22.3526,1.7909],[-82.1185,22.3479,0.0],[-82.1099,22.3485,0.0],[-82.1115,22.3538,8.5638]]],
[[[-81.1201,21.9699,0.0],[-81.1249,21.971,0.0],[-81.1246,21.9693,0.4827],[-81.1201,21.9676,0.2234],[-81.1204,21.9651,0.0],[-81.1165,21.9585,0.0],[-81.1157,21.9649,0.0],[-81.1201,21.9699,0.0]]],
[[[-81.2604,22.049,0.0],[-81.264,22.0501,0.2674],[-81.2665,22.0474,0.3274],[-81.2671,22.0435,2.4927],[-81.2718,22.0388,0.1985],[-81.2743,22.0415,0.539],[-81.2768,22.0415,0.9794],[-81.2801,22.0382,0.9218],[-81.2838,22.0396,0.763],[-81.2918,22.0379,2.155],[-81.2976,22.041,0.0],[-81.3004,22.041,0.0],[-81.3018,22.039,0.0],[-81.299,22.0401,0.0],[-81.296,22.0349,0.0],[-81.2838,22.0332,0.0],[-81.2793,22.0357,2.383],[-81.2729,22.0357,2.9324],[-81.2682,22.0376,1.1157],[-81.2615,22.0371,2.1941],[-81.2538,22.0401,1.071],[-81.2382,22.0379,0.6007],[-81.2379,22.0401,0.7076],[-81.2346,22.0388,1.6526],[-81.2201,22.0457,0.0],[-81.2207,22.0476,0.7648],[-81.2271,22.0499,0.6835],[-81.2285,22.0488,0.0],[-81.2254,22.0468,1.355],[-81.2329,22.0488,0.0],[-81.2379,22.0451,1.5462],[-81.2426,22.0449,1.066],[-81.2449,22.0429,0.7066],[-81.2499,22.0443,0.3818],[-81.2554,22.041,0.9024],[-81.259,22.0443,0.0],[-81.2649,22.0454,2.3042],[-81.2604,22.0476,0.0],[-81.2604,22.049,0.0]]],
[[[-81.2324,22.0618,0.2281],[-81.2318,22.0671,0.0],[-81.234,22.0676,0.0],[-81.2357,22.0657,0.0],[-81.234,22.0665,0.1353],[-81.2337,22.0604,0.9624],[-81.2307,22.0574,0.7221],[-81.2299,22.059,0.0],[-81.2324,22.0618,0.2281]]],
[[[-81.2504,22.064,0.1673],[-81.2504,22.066,0.0],[-81.2532,22.064,0.3839],[-81.2565,22.0649,0.0],[-81.2551,22.0632,1.0196],[-81.2565,22.0601,0.5126],[-81.2554,22.0593,0.5126],[-81.2504,22.064,0.1673]]],
[[[-81.2771,22.0762,0.0],[-81.2793,22.0774,0.0],[-81.2763,22.0738,0.2025],[-81.2749,22.0751,0.0],[-81.2771,22.0762,0.0]]],
[[[-81.2674,22.076,0.0],[-81.2701,22.0774,0.2614],[-81.2665,22.0738,0.3698],[-81.2626,22.074,0.145],[-81.2637,22.0751,0.1683],[-81.266,22.0746,0.3698],[-81.2674,22.076,0.0]]],
[[[-81.3457,22.0765,0.2803],[-81.3476,22.0779,0.1993],[-81.3457,22.0751,0.0],[-81.3415,22.0743,0.0],[-81.3415,22.076,0.0],[-81.3457,22.0765,0.2803]]],
[[[-81.3299,22.0807,0.6845],[-81.329,22.0832,0.0],[-81.3393,22.0782,2.0063],[-81.3401,22.0757,0.0],[-81.3326,22.0754,0.0],[-81.3332,22.0796,1.4462],[-81.3299,22.0807,0.6845]]],
[[[-81.2454,22.0838,0.0],[-81.2515,22.0843,0.0],[-81.2518,22.0826,0.0],[-81.2468,22.0826,0.5044],[-81.2504,22.0793,0.2423],[-81.2549,22.0804,0.9518],[-81.2554,22.0793,0.0],[-81.2532,22.0774,0.1859],[-81.2485,22.0768,0.5484],[-81.2482,22.0718,0.2198],[-81.244,22.0724,0.9759],[-81.244,22.0693,0.3926],[-81.2424,22.0746,0.0],[-81.2443,22.0735,0.9759],[-81.2465,22.0754,0.2816],[-81.2451,22.0771,1.0227],[-81.2424,22.0757,0.0],[-81.2418,22.0774,0.0],[-81.2446,22.0779,0.4748],[-81.2454,22.0801,0.2167],[-81.2401,22.0832,0.0],[-81.2454,22.0838,0.0]]],
[[[-81.2574,22.0785,0.0],[-81.2568,22.0804,0.0],[-81.2596,22.0796,0.2273],[-81.2588,22.0779,0.0],[-81.2574,22.0785,0.0]]],
[[[-81.2607,22.0818,0.0],[-81.2615,22.0832,0.387],[-81.2649,22.0832,0.0],[-81.2626,22.081,0.1891],[-81.2607,22.0818,0.0]]],
[[[-81.2315,22.0904,0.0],[-81.2324,22.0918,0.0],[-81.2351,22.0921,0.0],[-81.2324,22.0893,0.0],[-81.2315,22.0904,0.0]]],
[[[-81.2732,22.0804,0.9444],[-81.2757,22.0818,0.2898],[-81.2771,22.0782,0.2691],[-81.2704,22.0782,0.2614],[-81.2707,22.0801,0.5099],[-81.2732,22.0804,0.9444]]],
[[[-81.3965,22.1018,1.1065],[-81.3971,22.1035,0.0],[-81.3999,22.1021,0.3441],[-81.399,22.0985,0.6283],[-81.401,22.0987,0.5271],[-81.3996,22.0963,0.0],[-81.3976,22.0979,0.6283],[-81.3926,22.0974,0.0],[-81.389,22.099,0.0],[-81.3918,22.1007,0.0],[-81.3965,22.1018,1.1065]]],
[[[-81.3824,22.1029,0.0],[-81.3821,22.1051,0.0],[-81.3838,22.106,0.2219],[-81.3849,22.1057,0.0],[-81.384,22.104,0.4924],[-81.3868,22.1038,0.0],[-81.3843,22.1021,0.1974],[-81.3824,22.1029,0.0]]],
[[[-81.4071,22.1121,0.0],[-81.4085,22.1143,0.2273],[-81.4124,22.114,0.0],[-81.411,22.1121,0.1915],[-81.409,22.1129,1.5923],[-81.4071,22.1085,0.9487],[-81.4126,22.1104,0.5428],[-81.4135,22.1132,0.2567],[-81.4149,22.111,0.4432],[-81.4171,22.1107,0.0],[-81.4129,22.1099,0.5428],[-81.4137,22.1054,0.0],[-81.4121,22.109,0.5428],[-81.4082,22.1076,0.7754],[-81.4076,22.1026,0.0],[-81.4035,22.1087,0.6471],[-81.404,22.111,0.5218],[-81.4071,22.1121,0.0]]],
[[[-81.394,22.1593,0.1636],[-81.3938,22.1607,0.0],[-81.3957,22.1607,0.0],[-81.3968,22.1579,0.0],[-81.3954,22.1593,0.5126],[-81.394,22.1593,0.1636]]],
[[[-80.8068,22.1125,2.0795],[-80.8143,22.1154,1.7925],[-80.8593,22.153,6.6854],[-80.8783,22.1731,2.2696],[-80.8954,22.2174,3.965],[-80.9058,22.2237,1.9247],[-80.9149,22.2424,1.9724],[-80.9154,22.2519,5.7585],[-80.9129,22.2658,6.0527],[-80.9003,22.3087,6.4859],[-80.9006,22.3231,9.0545],[-80.9045,22.3281,9.5544],[-80.9349,22.3276,5.5599],[-80.937,22.3367,6.0546],[-80.9338,22.3477,12.9339],[-80.9259,22.3596,8.6406],[-80.9239,22.3655,9.5552],[-80.9219,22.3756,9.796],[-80.9214,22.3957,10.8075],[-80.9178,22.4034,10.514],[-80.9019,22.4175,15.4477],[-80.8733,22.4318,18.5046],[-80.8358,22.4562,28.8398],[-80.8241,22.4605,34.8612],[-80.8107,22.461,36.6808],[-80.802,22.4597,33.4812],[-80.7823,22.4435,40.2289],[-80.767,22.4399,42.5528],[-80.7537,22.4401,45.0877],[-80.7304,22.4437,40.0558],[-80.7023,22.4364,50.4142],[-80.6028,22.4415,43.599],[-80.5857,22.4432,51.7834],[-80.5688,22.452,63.5406],[-80.5533,22.4676,61.7531],[-80.5467,22.481,61.8112],[-80.5454,22.4954,56.6818],[-80.5532,22.5248,55.7371],[-80.5576,22.5581,66.5197],[-80.5746,22.6174,82.3122],[-80.577,22.6607,79.233],[-80.5836,22.68,81.0032],[-80.5961,22.6955,74.1822],[-80.5965,22.7025,71.5329],[-80.5936,22.7091,74.2963],[-80.574,22.7123,81.0501],[-80.5617,22.716,81.9093],[-80.5575,22.7246,81.1095],[-80.5582,22.7305,83.4586],[-80.5633,22.7349,83.8828],[-80.5796,22.742,84.8491],[-80.585,22.7461,84.4728],[-80.5879,22.7504,84.3295],[-80.5895,22.756,85.7846],[-80.59,22.7778,90.3582],[-80.5954,22.7978,82.6945],[-80.6032,22.8165,71.3248],[-80.6077,22.8227,73.998],[-80.6162,22.8275,68.1622],[-80.6286,22.8268,59.3365],[-80.6384,22.821,51.8807],[-80.6497,22.8105,50.9953],[-80.6581,22.7936,47.78],[-80.6658,22.7899,49.7397],[-80.6724,22.7913,45.829],[-80.6923,22.8093,41.2986],[-80.7018,22.8147,39.791],[-80.7311,22.8187,39.8852],[-80.7445,22.8223,43.5305],[-80.7545,22.8405,34.3464],[-80.7586,22.8563,31.221],[-80.7581,22.8634,30.2557],[-80.756,22.8667,32.123],[-80.7344,22.8747,37.8413],[-80.7233,22.8828,40.9861],[-80.721,22.8914,46.8373],[-80.726,22.9087,36.5802],[-80.7385,22.9389,32.5059],[-80.7386,22.9475,23.4174],[-80.7357,22.9543,22.591],[-80.7308,22.9576,19.2885],[-80.7252,22.9586,24.1591],[-80.678,22.9499,55.4843],[-80.6616,22.9513,35.262],[-80.6474,22.9574,33.3018],[-80.641,22.9637,35.1941],[-80.637,22.9959,19.827],[-80.6431,23.0238,11.8755],[-80.641,23.0421,7.5731],[-80.6389,23.0457,10.9515],[-80.6309,23.0523,10.0518],[-80.5926,23.0613,1.9006],[-80.5987,23.0632,1.5058],[-80.599,23.061,0.99],[-80.6021,23.0657,0.0],[-80.6099,23.0671,0.471],[-80.6135,23.0707,6.8953],[-80.616,23.0782,2.309],[-80.6188,23.0782,3.3051],[-80.6179,23.0801,0.9066],[-80.6235,23.0804,6.5902],[-80.6251,23.0879,0.0],[-80.6301,23.090699999999998,0.7256],[-80.6274,23.0963,0.0],[-80.6204,23.0965,0.0],[-80.6176,23.1013,0.0],[-80.6104,23.106,0.6175],[-80.5985,23.106,0.7743],[-80.5974,23.109,0.1706],[-80.5999,23.1082,0.6294],[-80.6007,23.1093,0.0],[-80.599,23.1135,0.7913],[-80.601,23.1157,0.0],[-80.6038,23.116,1.7441],[-80.6035,23.1215,3.7133],[-80.6015,23.1221,0.0],[-80.604,23.126,0.5858],[-80.6018,23.1324,0.0],[-80.6035,23.1335,0.6874],[-80.604,23.1374,0.6018],[-80.601,23.1365,0.4029],[-80.6024,23.1357,0.4029],[-80.601,23.1324,0.0],[-80.5987,23.1357,0.3794],[-80.5904,23.1329,0.0],[-80.5901,23.1354,0.0],[-80.5865,23.136,0.5593],[-80.5862,23.1404,0.0],[-80.5885,23.1382,0.5148],[-80.5907,23.1404,0.5894],[-80.5935,23.1396,0.6192],[-80.5935,23.1418,0.0],[-80.5971,23.1432,0.1891],[-80.5999,23.1415,0.497],[-80.6004,23.1429,0.0],[-80.6026,23.1421,0.3467],[-80.6038,23.1432,0.0],[-80.6049,23.1413,0.8053],[-80.6043,23.1457,0.0],[-80.6079,23.1482,0.4099],[-80.6129,23.1474,0.4913],[-80.6157,23.149,0.0],[-80.6185,23.1479,0.4309],[-80.6224,23.1501,0.1803],[-80.6246,23.1454,0.7028],[-80.6363,23.1426,0.3853],[-80.6363,23.1379,0.0],[-80.6343,23.1404,0.5016],[-80.6321,23.1407,0.843],[-80.6271,23.1379,0.0],[-80.6226,23.1388,0.1484],[-80.6185,23.1357,0.7696],[-80.6199,23.1321,0.0],[-80.614,23.1315,0.4374],[-80.6137,23.1299,0.0],[-80.6085,23.1279,1.6227],[-80.6074,23.121,1.7048],[-80.6101,23.121,2.256],[-80.6121,23.1176,2.5763],[-80.6143,23.1193,0.4892],[-80.614,23.114,1.1077],[-80.6179,23.1132,1.0148],[-80.6176,23.1096,1.7735],[-80.6207,23.111,0.5292],[-80.6215,23.1149,1.5499],[-80.6263,23.1165,2.389],[-80.6265,23.1154,0.0],[-80.6237,23.1146,0.5709],[-80.6218,23.109,0.0],[-80.6263,23.1071,0.2853],[-80.6279,23.1024,1.0053],[-80.634,23.101,0.0],[-80.6343,23.0976,0.3264],[-80.6376,23.096,6.1819],[-80.6371,23.0943,4.491],[-80.6393,23.0951,1.7504],[-80.6387,23.0918,0.2243],[-80.634,23.0904,0.0],[-80.6338,23.0882,2.8346],[-80.6399,23.0885,0.0],[-80.6415,23.0857,1.0173],[-80.6449,23.0863,0.9602],[-80.6574,23.0785,2.4591],[-80.6643,23.0793,0.6957],[-80.6679,23.0821,0.2771],[-80.6779,23.0963,0.8799],[-80.6799,23.0937,1.2919],[-80.6768,23.0932,0.1853],[-80.6743,23.0901,0.0],[-80.6732,23.0863,0.0],[-80.6693,23.0829,0.1373],[-80.6696,23.0799,0.6327],[-80.6735,23.0782,1.8271],[-80.6787,23.0838,0.0],[-80.679,23.0788,0.0],[-80.6815,23.0818,0.1703],[-80.6829,23.0804,0.6825],[-80.6815,23.0774,0.8339],[-80.684,23.0757,0.0],[-80.6888,23.0782,0.0],[-80.6874,23.0821,0.336],[-80.6854,23.0818,0.0],[-80.6899,23.0868,0.3758],[-80.6913,23.0865,0.3758],[-80.691,23.084,0.4852],[-80.6882,23.0824,0.336],[-80.6888,23.0801,0.0],[-80.6957,23.0785,0.4904],[-80.6982,23.0793,0.4524],[-80.6988,23.0812,0.0889],[-80.7018,23.0807,0.3955],[-80.701,23.0818,0.0],[-80.6971,23.0832,0.0],[-80.6974,23.0843,0.4227],[-80.6999,23.0849,0.328],[-80.7026,23.0826,0.0],[-80.7099,23.0854,0.0],[-80.7104,23.0843,0.0],[-80.706,23.0835,0.0],[-80.7054,23.0815,0.7294],[-80.711,23.0768,2.0137],[-80.7132,23.0871,0.0],[-80.7199,23.0926,0.2237],[-80.7229,23.091,0.0],[-80.7204,23.0918,0.0],[-80.7193,23.0888,0.0911],[-80.7176,23.0893,0.5725],[-80.7162,23.0876,0.4291],[-80.7174,23.0846,0.0],[-80.7199,23.0851,0.1444],[-80.7213,23.0826,0.0],[-80.7274,23.0838,0.1436],[-80.7288,23.0874,0.0],[-80.7312,23.0851,0.888],[-80.734,23.0863,0.0],[-80.7374,23.0912,0.0],[-80.751,23.090699999999998,0.0],[-80.7513,23.0924,0.3759],[-80.7449,23.0937,0.3533],[-80.751,23.0957,0.0],[-80.7515,23.0929,0.3759],[-80.7565,23.0901,0.185],[-80.7579,23.0876,0.0],[-80.7668,23.0868,0.0],[-80.7707,23.0835,0.0],[-80.7763,23.0846,0.0],[-80.7793,23.0812,0.0],[-80.7849,23.079,0.0],[-80.7874,23.0799,0.1553],[-80.7901,23.0754,1.5607],[-80.7957,23.0729,1.8455],[-80.8043,23.0726,0.2444],[-80.8115,23.0771,0.0],[-80.819,23.0735,0.5514],[-80.8262,23.0746,0.0],[-80.836,23.0721,0.0],[-80.8576,23.0732,0.7623],[-80.8613,23.0707,1.2557],[-80.8671,23.0721,0.0],[-80.8771,23.0685,1.3792],[-80.8824,23.0629,3.017],[-80.889,23.061,0.0],[-80.8924,23.0579,7.3063],[-80.8943,23.0593,6.6188],[-80.8918,23.0646,1.5291],[-80.906,23.0604,2.6216],[-80.9085,23.0568,4.5846],[-80.9126,23.0546,2.752],[-80.9365,23.0496,2.8114],[-80.9443,23.0515,1.246],[-80.956,23.0493,3.5764],[-80.9651,23.0554,1.5651],[-80.9696,23.0543,2.7398],[-80.9718,23.0563,1.6212],[-80.976,23.056,1.8271],[-80.9782,23.0576,0.638],[-80.9843,23.0685,3.6426],[-80.9874,23.0815,0.3004],[-80.9849,23.0851,0.6168],[-80.9779,23.0857,2.6522],[-80.9754,23.0885,2.4053],[-80.9754,23.0915,2.7778],[-80.9926,23.1118,4.2901],[-80.9962,23.111,4.0129],[-80.9968,23.1146,0.0],[-80.999,23.1154,3.4171],[-80.9999,23.1118,0.5582],[-80.9976,23.111,4.0129],[-80.9962,23.1074,4.4747],[-80.9982,23.1054,0.0],[-80.9918,23.1065,0.6667],[-80.9915,23.1029,0.4487],[-80.9887,23.1018,1.263],[-80.9874,23.099,1.7342],[-80.9899,23.0924,0.0],[-80.9974,23.0904,2.6711],[-81.0038,23.0915,1.3787],[-81.0121,23.0893,1.5879],[-81.0149,23.0904,2.8302],[-81.0135,23.0929,0.0],[-81.0174,23.0957,3.6851],[-81.0188,23.1004,3.6194],[-81.0274,23.1018,0.8796],[-81.0396,23.0999,2.4848],[-81.0418,23.0976,0.0],[-81.0546,23.0951,2.4726],[-81.0604,23.0926,0.0],[-81.0621,23.089,0.0],[-81.0665,23.0874,0.4746],[-81.0704,23.0868,1.8281],[-81.0718,23.0896,0.5474],[-81.0771,23.0876,0.0],[-81.0776,23.0857,0.0],[-81.0754,23.0821,2.7061],[-81.0796,23.0801,1.5646],[-81.0793,23.0763,1.7609],[-81.0826,23.0732,0.4203],[-81.0888,23.0582,0.8359],[-81.099,23.0507,0.0],[-81.0996,23.0485,0.0],[-81.0968,23.0462,2.4457],[-81.1018,23.0471,0.0],[-81.1038,23.0421,0.0],[-81.1099,23.0379,0.3989],[-81.109,23.0362,4.1645],[-81.1113,23.036,0.0],[-81.1149,23.028199999999998,2.0391],[-81.1124,23.0246,0.0],[-81.1201,23.0196,2.1618],[-81.1293,23.0182,2.167],[-81.1532,23.0271,0.0],[-81.1571,23.0254,3.076],[-81.1618,23.0263,1.7529],[-81.1676,23.0249,3.4508],[-81.1751,23.0268,5.296],[-81.1885,23.0382,0.5669],[-81.1865,23.0465,0.4456],[-81.189,23.0471,0.0],[-81.1874,23.0432,0.6792],[-81.1893,23.0412,1.4545],[-81.1946,23.0446,0.5103],[-81.1899,23.0513,0.0],[-81.1926,23.0518,0.0],[-81.1926,23.0496,0.5784],[-81.1968,23.0468,2.1707],[-81.1988,23.051,0.0],[-81.201,23.0518,1.0282],[-81.2018,23.0504,2.8981],[-81.2032,23.0515,1.9526],[-81.2024,23.0535,0.8162],[-81.2112,23.0593,1.7103],[-81.2249,23.0774,0.0],[-81.2312,23.0824,0.4144],[-81.2365,23.0901,1.0126],[-81.2401,23.0921,0.0],[-81.2521,23.1074,1.0096],[-81.2471,23.1121,0.3463],[-81.2357,23.116,0.0],[-81.2315,23.1212,0.5637],[-81.2385,23.116,0.827],[-81.2476,23.1135,0.3463],[-81.2543,23.1079,1.6717],[-81.2604,23.1096,0.0],[-81.2568,23.1196,0.0],[-81.2618,23.1104,1.5056],[-81.2629,23.1115,1.8516],[-81.2654,23.1104,2.6981],[-81.2671,23.1135,0.8879],[-81.281,23.1182,2.5014],[-81.279,23.1246,0.3832],[-81.2668,23.1271,0.0],[-81.2654,23.131,0.0],[-81.251,23.1335,0.0],[-81.2529,23.1346,0.5885],[-81.269,23.1313,0.269],[-81.2746,23.1315,0.6097],[-81.2771,23.1265,2.2222],[-81.2804,23.1271,1.8432],[-81.2776,23.129,0.0],[-81.276,23.1338,4.2931],[-81.2679,23.1396,0.0],[-81.2665,23.1426,1.9351],[-81.2588,23.1471,1.1426],[-81.2485,23.149,0.0],[-81.2451,23.1529,5.2115],[-81.2346,23.1551,0.0],[-81.2235,23.1651,0.0],[-81.2196,23.1657,0.8619],[-81.2046,23.1732,0.4662],[-81.1979,23.1732,0.4244],[-81.1974,23.1763,0.0],[-81.1924,23.1793,2.0985],[-81.1871,23.1793,1.4389],[-81.1929,23.1774,1.558],[-81.186,23.174,2.096],[-81.1857,23.1679,1.3296],[-81.1818,23.1696,1.5283],[-81.1768,23.1682,0.0],[-81.1704,23.1699,0.0],[-81.1707,23.1724,0.0],[-81.1735,23.1726,3.0746],[-81.1718,23.1754,0.0],[-81.1724,23.179,0.7843],[-81.1676,23.1807,1.4991],[-81.1682,23.1835,1.3434],[-81.1643,23.1849,0.0],[-81.164,23.1887,0.0],[-81.1593,23.1879,1.8604],[-81.1549,23.1907,2.2041],[-81.1468,23.1926,4.3586],[-81.1304,23.1918,1.153],[-81.129,23.1938,1.2064],[-81.1249,23.189,0.0],[-81.1204,23.1885,1.1448],[-81.1215,23.1935,3.0007],[-81.1268,23.1985,0.794],[-81.139,23.2043,0.6122],[-81.1446,23.2051,2.0707],[-81.1562,23.2032,4.3703],[-81.1571,23.2004,4.7114],[-81.1771,23.1899,5.3308],[-81.1963,23.1824,0.8827],[-81.1996,23.1793,0.0],[-81.2107,23.1746,5.3141],[-81.2168,23.1732,4.7257],[-81.2213,23.169,5.6852],[-81.2415,23.1607,0.0],[-81.2429,23.1585,4.4295],[-81.2538,23.153199999999998,2.8985],[-81.2643,23.1496,1.0619],[-81.2799,23.1399,2.5759],[-81.2915,23.1346,2.0704],[-81.3074,23.1321,0.0],[-81.321,23.1321,0.0],[-81.3337,23.1274,0.0],[-81.3515,23.1243,0.5305],[-81.3654,23.1182,0.775],[-81.3679,23.1138,2.4529],[-81.3654,23.111,0.6651],[-81.379,23.1129,0.3039],[-81.4118,23.0979,1.0863],[-81.4404,23.0888,0.0],[-81.4538,23.0882,1.4421],[-81.4679,23.096,0.0],[-81.4721,23.0957,0.0],[-81.4788,23.0896,1.8052],[-81.4821,23.074,0.0],[-81.494,23.0565,0.0],[-81.4954,23.0499,9.7745],[-81.4987,23.0471,0.0],[-81.4982,23.041,1.8902],[-81.496,23.0379,6.5235],[-81.501,23.0418,20.1555],[-81.5026,23.0465,1.4863],[-81.5062,23.0474,0.0],[-81.5224,23.0415,10.3091],[-81.5429,23.0385,5.319],[-81.5546,23.0351,10.5837],[-81.566,23.0371,1.038],[-81.5693,23.0393,2.0454],[-81.5713,23.0438,1.741],[-81.5696,23.0471,0.0],[-81.5721,23.0465,3.7725],[-81.5718,23.0488,3.7917],[-81.5687,23.0496,2.303],[-81.5671,23.0529,3.339],[-81.5574,23.0551,0.0],[-81.5338,23.0682,2.3549],[-81.5282,23.0749,0.0],[-81.5251,23.0826,5.6814],[-81.5254,23.094,3.7429],[-81.5282,23.104,0.0],[-81.5432,23.1296,0.0],[-81.5499,23.134,0.9742],[-81.551,23.1365,0.0],[-81.5654,23.1443,0.0],[-81.6054,23.1535,3.7018],[-81.6301,23.1507,0.0],[-81.6499,23.1526,6.2841],[-81.6535,23.1488,19.0333],[-81.6612,23.1462,1.8834],[-81.6601,23.1045,88.08],[-81.6513,23.0689,70.0511],[-81.6519,23.0544,91.3667],[-81.6558,23.0461,78.3094],[-81.661,23.0402,185.5589],[-81.6671,23.0371,167.4328],[-81.6948,23.0373,136.2077],[-81.6988,23.0334,145.6595],[-81.6981,23.0299,145.9554],[-81.6921,23.0235,147.6134],[-81.6885,23.0164,117.2469],[-81.6881,22.9976,38.2148],[-81.6923,22.9881,68.6139],[-81.6987,22.9809,49.0236],[-81.7048,22.977,49.1568],[-81.7262,22.9752,113.1018],[-81.7299,22.9739,131.951],[-81.7342,22.968,121.7038],[-81.734,22.9586,127.516],[-81.7298,22.9527,126.7012],[-81.7245,22.9504,113.4495],[-81.6955,22.9476,65.6771],[-81.6883,22.9457,58.6395],[-81.6779,22.9388,64.708],[-81.6728,22.9315,85.9298],[-81.6676,22.9053,186.7458],[-81.6675,22.8853,161.9292],[-81.6698,22.8755,147.2949],[-81.6864,22.8372,76.5901],[-81.6875,22.8254,56.9749],[-81.6846,22.8216,52.4907],[-81.6678,22.8222,47.4025],[-81.664,22.8181,44.8077],[-81.6619,22.8084,40.4871],[-81.6618,22.7872,27.0153],[-81.6592,22.7837,24.2907],[-81.635,22.7829,25.2425],[-81.6303,22.782,25.8797],[-81.6265,22.7789,25.602],[-81.6261,22.775,23.6582],[-81.6288,22.7685,27.2715],[-81.6445,22.7612,25.3092],[-81.6508,22.7481,20.5706],[-81.6528,22.7283,18.5331],[-81.6527,22.7201,15.5864],[-81.6501,22.7133,9.4684],[-81.6428,22.7067,8.821],[-81.5922,22.6824,7.4772],[-81.5855,22.6748,8.4698],[-81.5832,22.6663,8.1595],[-81.5842,22.6545,10.4881],[-81.5996,22.6032,1.8192],[-81.617,22.5688,1.6733],[-81.6353,22.5529,7.3273],[-81.6457,22.5495,10.6032],[-81.646,22.5443,11.1178],[-81.6443,22.5413,0.0],[-81.6413,22.5399,0.0],[-81.6413,22.5368,5.9599],[-81.649,22.5368,5.8723],[-81.6518,22.534,4.5363],[-81.6524,22.5274,0.0],[-81.6501,22.5176,7.2972],[-81.6529,22.5062,2.6071],[-81.6487,22.4971,1.1759],[-81.6493,22.4926,0.8574],[-81.6468,22.4912,0.0],[-81.6471,22.4893,0.0],[-81.6504,22.4882,0.5575],[-81.6568,22.481,1.4475],[-81.6599,22.4824,0.0],[-81.6618,22.4807,1.3394],[-81.6663,22.4804,0.9421],[-81.6668,22.4763,0.0],[-81.6718,22.4685,1.6308],[-81.6821,22.4649,0.8069],[-81.6885,22.4596,3.5615],[-81.6924,22.4593,0.0],[-81.6985,22.4549,3.0879],[-81.7132,22.4532,1.2469],[-81.7271,22.4557,0.0],[-81.7271,22.4521,0.0],[-81.7376,22.4504,2.2745],[-81.7418,22.4518,1.3954],[-81.7465,22.4571,0.0],[-81.7496,22.4574,0.0],[-81.754,22.4532,1.1053],[-81.7593,22.451,0.0],[-81.7593,22.4496,1.3664],[-81.7607,22.4501,1.3664],[-81.7615,22.4476,0.0],[-81.7707,22.4407,0.0],[-81.7785,22.4421,0.0],[-81.7835,22.4399,1.9313],[-81.7882,22.4399,0.0],[-81.7976,22.434,0.3853],[-81.8135,22.4304,2.7267],[-81.8193,22.4299,2.5429],[-81.8224,22.4318,1.8563],[-81.8349,22.4282,1.6119],[-81.846,22.4274,0.5549],[-81.8515,22.4299,1.7378],[-81.8579,22.4296,1.9837],[-81.8688,22.4332,1.0846],[-81.8857,22.434,1.656],[-81.8949,22.4368,2.9363],[-81.9004,22.4343,4.005],[-81.9074,22.4363,0.0],[-81.9201,22.4307,0.3823],[-81.9235,22.4321,0.0],[-81.9349,22.4304,2.4867],[-81.9393,22.4321,0.0],[-81.9471,22.4315,5.1101],[-81.9582,22.4371,0.0],[-81.9687,22.4365,0.9006],[-81.9782,22.4293,0.6403],[-81.9865,22.4271,0.0],[-82.0038,22.4274,0.0],[-82.0076,22.4296,0.8124],[-82.016,22.4271,0.0],[-82.0271,22.4296,1.2258],[-82.0332,22.4282,0.6735],[-82.0596,22.4293,0.0],[-82.0618,22.4318,0.6977],[-82.0643,22.4321,0.0],[-82.0654,22.4304,0.7497],[-82.0713,22.431,0.2396],[-82.0732,22.4293,0.4834],[-82.0813,22.4287,0.8085],[-82.086,22.4265,0.7952],[-82.1087,22.4315,0.2012],[-82.1149,22.4313,0.0],[-82.1218,22.4301,0.3176],[-82.1288,22.4243,1.0712],[-82.1446,22.4204,1.2741],[-82.1507,22.4135,0.9742],[-82.1521,22.4068,3.9948],[-82.1582,22.396,0.3307],[-82.1571,22.3932,0.0],[-82.1535,22.391,1.9535],[-82.1537,22.3893,1.9206],[-82.1493,22.386,1.4149],[-82.1482,22.3824,0.0],[-82.144,22.3821,2.263],[-82.1435,22.3799,0.0],[-82.1407,22.3793,0.6589],[-82.141,22.3676,0.7331],[-82.1368,22.3629,1.7973],[-82.1276,22.3629,0.0],[-82.126,22.3668,2.0529],[-82.1212,22.3682,0.0],[-82.119,22.3735,0.0],[-82.1137,22.3776,4.3978],[-82.109,22.3782,3.5662],[-82.1068,22.3754,0.0],[-82.1015,22.3738,1.4382],[-82.0971,22.3662,0.0],[-82.0968,22.3582,0.0],[-82.0982,22.356,0.8252],[-82.0993,22.3582,1.74],[-82.1015,22.3579,0.9996],[-82.1046,22.3468,0.0],[-82.0954,22.3393,0.0],[-82.0496,22.331,3.97],[-82.046,22.3276,1.5849],[-82.0349,22.3238,4.2095],[-82.0304,22.3193,2.87],[-82.0143,22.3132,4.8617],[-81.9938,22.2976,2.046],[-81.9863,22.2946,2.3262],[-81.9785,22.2871,3.6367],[-81.9674,22.2829,1.8277],[-81.9557,22.2754,0.0],[-81.9468,22.2743,2.5007],[-81.9413,22.2771,1.5703],[-81.9407,22.2754,0.0],[-81.9287,22.2687,0.0],[-81.9096,22.2668,0.0],[-81.9065,22.2643,1.0313],[-81.8924,22.2624,4.3143],[-81.8865,22.2588,3.4912],[-81.8737,22.2604,0.7974],[-81.8715,22.2579,0.6234],[-81.8668,22.2565,0.0],[-81.8657,22.2507,4.5165],[-81.856,22.2446,0.8241],[-81.8576,22.2426,2.1942],[-81.8549,22.2407,2.1217],[-81.8526,22.236,0.9891],[-81.8524,22.2282,0.0],[-81.8499,22.2237,0.1887],[-81.8524,22.2196,0.0],[-81.8507,22.216,0.8828],[-81.8515,22.2088,1.4315],[-81.8501,22.2076,0.5657],[-81.8501,22.2021,0.0],[-81.8407,22.1979,1.1368],[-81.8418,22.2032,2.1128],[-81.8313,22.2015,0.402],[-81.8304,22.2032,1.8497],[-81.8313,22.1918,0.0],[-81.819,22.1832,0.0],[-81.814,22.1832,0.0],[-81.8068,22.176,0.0],[-81.8054,22.1757,0.9494],[-81.8046,22.1779,1.3063],[-81.8049,22.1824,1.5815],[-81.8001,22.1826,0.0],[-81.7968,22.1849,0.9906],[-81.7951,22.1837,0.7869],[-81.7974,22.1801,0.0],[-81.7943,22.1813,0.6946],[-81.7921,22.1799,0.0],[-81.7885,22.1829,0.0],[-81.7857,22.1804,0.0],[-81.7782,22.1815,0.508],[-81.7774,22.1785,0.7387],[-81.769,22.1749,1.2418],[-81.7688,22.1663,0.0],[-81.761,22.1668,2.3638],[-81.7551,22.1646,0.0],[-81.756,22.1712,0.4649],[-81.7538,22.1738,0.7301],[-81.7504,22.1746,1.4323],[-81.7518,22.1715,0.3062],[-81.7507,22.1699,0.0],[-81.7487,22.1738,0.0],[-81.7499,22.1818,0.849],[-81.7476,22.1835,0.0],[-81.7418,22.1821,0.7197],[-81.7385,22.1857,0.2675],[-81.7415,22.186,0.0],[-81.7429,22.1896,0.3927],[-81.7476,22.1896,0.0],[-81.7501,22.1879,0.9677],[-81.7493,22.1849,0.5226],[-81.7549,22.1865,0.173],[-81.7568,22.1854,1.1925],[-81.7574,22.1913,1.58],[-81.7535,22.1915,0.0],[-81.7518,22.1935,0.0],[-81.7518,22.1968,0.0],[-81.7474,22.1963,0.369],[-81.746,22.1979,0.0],[-81.7438,22.196,0.87],[-81.7432,22.1974,1.4493],[-81.7415,22.1963,1.3306],[-81.7421,22.1935,1.4109],[-81.7457,22.1913,0.0],[-81.739,22.1904,0.0],[-81.7379,22.186,0.2675],[-81.7335,22.1815,0.0],[-81.7307,22.1846,0.5167],[-81.7315,22.1879,0.0],[-81.7301,22.1904,0.3198],[-81.7326,22.1943,0.0],[-81.7368,22.1935,2.1609],[-81.7387,22.1957,0.0],[-81.7326,22.1996,0.2727],[-81.7365,22.1999,0.8076],[-81.7346,22.2029,1.3864],[-81.7343,22.2013,0.5142],[-81.7318,22.2015,0.5743],[-81.7274,22.199,0.4715],[-81.7293,22.1951,0.0],[-81.729,22.1913,0.1996],[-81.7285,22.1943,0.0],[-81.726,22.1951,0.3478],[-81.7204,22.1937,0.0],[-81.7187,22.1913,0.0],[-81.7162,22.1937,1.0303],[-81.7129,22.1932,0.0],[-81.7126,22.1957,0.7856],[-81.7096,22.1937,0.2574],[-81.7082,22.1979,1.098],[-81.7068,22.1957,0.585],[-81.7049,22.1965,0.7161],[-81.6985,22.1921,0.8427],[-81.6946,22.1929,1.3908],[-81.6937,22.1901,0.2864],[-81.6913,22.1913,1.6236],[-81.6904,22.1885,0.3482],[-81.6865,22.1857,1.6618],[-81.681,22.1857,0.3878],[-81.6796,22.1801,0.1721],[-81.6732,22.1749,0.0],[-81.6754,22.1738,0.0],[-81.6735,22.1726,1.3952],[-81.6749,22.1701,1.7338],[-81.6779,22.1712,0.4218],[-81.6787,22.1696,1.199],[-81.6815,22.1699,0.0],[-81.6821,22.1682,0.0],[-81.6746,22.1679,0.0],[-81.6699,22.1701,0.0],[-81.6618,22.1693,1.2739],[-81.6537,22.1626,1.1235],[-81.6504,22.1624,0.6593],[-81.6521,22.1579,1.2],[-81.6479,22.1568,1.936],[-81.6482,22.1549,0.1894],[-81.6507,22.1554,0.0],[-81.6493,22.154,0.1894],[-81.6465,22.1546,1.0683],[-81.6482,22.1526,0.3216],[-81.6449,22.1504,0.0],[-81.6363,22.1488,1.1901],[-81.629,22.1493,0.0],[-81.6257,22.1524,2.4912],[-81.6226,22.1515,0.0],[-81.6226,22.1537,1.624],[-81.6207,22.1546,0.3705],[-81.6174,22.1513,0.0],[-81.6182,22.1476,0.5452],[-81.619,22.151,0.0],[-81.6212,22.1515,0.4992],[-81.6204,22.1496,0.2339],[-81.6218,22.1454,0.0],[-81.6188,22.1418,0.992],[-81.6199,22.1371,0.5175],[-81.624,22.1357,0.0],[-81.6232,22.129,1.0288],[-81.6307,22.1262,0.0],[-81.6279,22.126,0.7963],[-81.6279,22.1226,0.2698],[-81.626,22.1246,0.4567],[-81.6246,22.1238,1.0372],[-81.6249,22.1199,0.2698],[-81.6221,22.1171,0.26],[-81.6235,22.1137,0.0],[-81.619,22.1107,2.3299],[-81.6174,22.1068,0.6324],[-81.6224,22.1024,0.0],[-81.6249,22.0976,0.3718],[-81.6229,22.0957,0.8628],[-81.6215,22.0985,1.2418],[-81.6188,22.0985,1.1056],[-81.6196,22.1004,0.5067],[-81.6185,22.1007,2.597],[-81.6165,22.0935,0.5769],[-81.6162,22.091,0.5063],[-81.6204,22.0879,1.3533],[-81.6204,22.0824,0.9175],[-81.6218,22.0807,0.0],[-81.6204,22.0754,0.2113],[-81.6118,22.0713,0.4369],[-81.6068,22.0732,0.0],[-81.6068,22.0749,0.2064],[-81.6118,22.0776,0.256],[-81.6168,22.0782,0.8666],[-81.6182,22.0804,0.7528],[-81.6171,22.0835,0.524],[-81.6157,22.0815,0.0],[-81.6113,22.0824,0.6741],[-81.6065,22.0776,0.2462],[-81.604,22.0801,0.3589],[-81.599,22.0793,0.4144],[-81.5951,22.0824,2.6909],[-81.6043,22.0949,0.3949],[-81.6076,22.096,1.8764],[-81.6101,22.099,0.0],[-81.6107,22.1046,0.0],[-81.6132,22.1054,1.9998],[-81.6146,22.1118,0.0],[-81.6165,22.1124,0.8914],[-81.6137,22.1188,1.2938],[-81.6129,22.1354,1.1795],[-81.6038,22.1468,0.4283],[-81.6065,22.1524,0.6891],[-81.6043,22.1588,0.4098],[-81.6049,22.1632,0.2713],[-81.6154,22.1735,2.3519],[-81.6207,22.1738,0.0],[-81.6257,22.1712,1.3142],[-81.6318,22.1721,0.0],[-81.6329,22.1699,0.3461],[-81.6296,22.1646,0.0],[-81.6268,22.1649,1.2756],[-81.6257,22.1607,0.0],[-81.6301,22.1549,0.5372],[-81.634,22.1529,0.6642],[-81.6399,22.153199999999998,0.8733],[-81.6451,22.1562,2.254],[-81.6429,22.1574,0.342],[-81.6446,22.1618,0.6839],[-81.6515,22.1657,0.207],[-81.6501,22.1696,0.5327],[-81.646,22.1685,0.0],[-81.6476,22.1718,1.1124],[-81.6507,22.1729,0.3225],[-81.6526,22.1693,0.2257],[-81.6543,22.1693,0.2257],[-81.6585,22.1743,0.1704],[-81.6588,22.1721,0.0],[-81.6615,22.171,0.6422],[-81.6635,22.1729,0.2069],[-81.6657,22.1718,1.2886],[-81.6682,22.1732,0.4922],[-81.6715,22.1793,0.0],[-81.6751,22.1821,0.0],[-81.6782,22.181,0.2707],[-81.6801,22.189,0.0],[-81.6837,22.189,0.6974],[-81.6862,22.191,0.5909],[-81.6818,22.1926,0.5766],[-81.6824,22.1954,0.9737],[-81.6776,22.1968,0.2796],[-81.6735,22.1924,0.0],[-81.6718,22.1924,0.199],[-81.6701,22.1949,0.0],[-81.6718,22.1963,0.2283],[-81.6738,22.1954,0.8722],[-81.6743,22.199,0.8863],[-81.6699,22.2001,0.1924],[-81.6649,22.1943,0.0],[-81.6615,22.1935,0.7615],[-81.6624,22.1896,0.1986],[-81.6554,22.1885,1.3952],[-81.6546,22.1837,0.0],[-81.6496,22.1815,0.8],[-81.6501,22.179,1.6424],[-81.6485,22.1763,0.0],[-81.6443,22.176,1.2204],[-81.644,22.1774,0.0],[-81.6457,22.1779,0.4809],[-81.6443,22.1807,1.8488],[-81.6457,22.1826,0.0],[-81.6451,22.1851,0.0],[-81.6401,22.1843,0.9471],[-81.6413,22.1876,0.5378],[-81.6376,22.186,0.0],[-81.6379,22.1904,1.3723],[-81.6301,22.1899,0.0],[-81.6285,22.1921,0.2751],[-81.6263,22.1918,0.0],[-81.626,22.1965,0.1257],[-81.629,22.1982,0.0],[-81.6338,22.196,0.3361],[-81.6374,22.1974,0.0],[-81.641,22.196,0.8939],[-81.6432,22.1974,0.0],[-81.6465,22.1949,0.0],[-81.644,22.1924,1.0933],[-81.6457,22.1901,1.2446],[-81.6501,22.196,0.0],[-81.656,22.1993,0.2273],[-81.656,22.2024,0.0],[-81.6521,22.2046,0.7937],[-81.6496,22.2004,0.0],[-81.6468,22.2001,0.0],[-81.6451,22.2062,0.4088],[-81.6424,22.2057,0.768],[-81.6385,22.2015,0.1918],[-81.6376,22.2018,0.0],[-81.6385,22.2049,1.0015],[-81.6368,22.2051,0.4651],[-81.636,22.2026,0.1854],[-81.6324,22.2029,0.5293],[-81.6301,22.2001,0.0],[-81.624,22.2021,0.7364],[-81.6218,22.1974,0.0],[-81.6229,22.1896,0.2962],[-81.6204,22.1879,1.4562],[-81.6115,22.1887,0.0],[-81.6076,22.191,0.9253],[-81.6049,22.1885,0.0],[-81.5963,22.1899,0.523],[-81.5801,22.1879,0.4569],[-81.5774,22.1901,0.0],[-81.576,22.1863,0.2902],[-81.5738,22.1865,0.9668],[-81.574,22.1835,0.814],[-81.5718,22.1821,0.9547],[-81.5713,22.1779,0.7963],[-81.5738,22.1782,0.5807],[-81.5749,22.1815,0.0],[-81.5776,22.1743,0.3122],[-81.5804,22.1721,0.0],[-81.5846,22.1718,0.0],[-81.5813,22.171,0.0],[-81.5774,22.1732,1.2763],[-81.5679,22.174,1.9103],[-81.5604,22.1699,1.4858],[-81.564,22.1735,3.0837],[-81.5651,22.1779,0.6614],[-81.559,22.1785,0.0],[-81.5585,22.1807,1.3853],[-81.5535,22.1849,0.8337],[-81.5404,22.1887,0.0],[-81.5354,22.1932,2.2467],[-81.5224,22.1987,0.0],[-81.5268,22.2026,1.4205],[-81.5265,22.2046,0.3628],[-81.5246,22.2049,1.0062],[-81.5254,22.2018,0.5689],[-81.5179,22.2035,0.1647],[-81.5137,22.1996,0.9103],[-81.5157,22.199,0.4768],[-81.5157,22.1974,0.0],[-81.514,22.1968,0.0],[-81.5124,22.1996,0.9103],[-81.5115,22.196,0.5667],[-81.5088,22.1985,0.9561],[-81.5079,22.1963,0.5516],[-81.5049,22.1949,1.2801],[-81.5046,22.1926,0.9567],[-81.5021,22.1976,0.2064],[-81.4965,22.1946,0.6066],[-81.4965,22.1987,0.2838],[-81.4935,22.1976,0.0],[-81.4915,22.1987,0.0],[-81.4849,22.1949,0.6454],[-81.4887,22.1921,0.7777],[-81.4829,22.1901,0.9319],[-81.4826,22.1887,0.0],[-81.4799,22.1901,0.7903],[-81.4762,22.1863,0.5737],[-81.4793,22.1865,0.4392],[-81.4807,22.1846,0.4873],[-81.4868,22.1849,0.7585],[-81.4849,22.1807,1.5564],[-81.4849,22.1707,0.9102],[-81.481,22.171,0.3221],[-81.4774,22.1735,0.0],[-81.4801,22.1754,1.4167],[-81.4796,22.1793,1.1266],[-81.4827,22.1804,1.464],[-81.4826,22.1821,1.0935],[-81.4771,22.1835,1.1179],[-81.4737,22.1801,0.2729],[-81.471,22.1824,0.9227],[-81.4685,22.1815,0.0],[-81.4671,22.1837,0.7846],[-81.4621,22.1824,0.3101],[-81.4596,22.1837,0.0],[-81.4568,22.1824,0.498],[-81.4549,22.1846,1.2311],[-81.4512,22.1843,0.5233],[-81.4446,22.1799,0.0],[-81.4393,22.1849,0.1731],[-81.4346,22.1782,0.0],[-81.4307,22.1837,0.2947],[-81.4276,22.1801,0.7763],[-81.4207,22.1776,0.4051],[-81.4193,22.1779,0.0],[-81.4187,22.1807,0.5047],[-81.4165,22.1799,0.0],[-81.4137,22.1818,0.2616],[-81.4062,22.1774,0.8],[-81.4062,22.1746,0.3939],[-81.4013,22.1735,0.5224],[-81.4013,22.1701,0.0],[-81.3982,22.1743,0.7944],[-81.3979,22.1718,0.0],[-81.3954,22.171,0.4923],[-81.396,22.1665,0.3865],[-81.3915,22.1654,0.95],[-81.3893,22.1604,1.4352],[-81.3913,22.1565,0.6443],[-81.394,22.1571,0.0],[-81.396,22.1549,0.0],[-81.3946,22.1551,0.0],[-81.3938,22.1526,0.0],[-81.3907,22.1524,0.0],[-81.3915,22.1554,0.2935],[-81.3887,22.1562,1.1506],[-81.386,22.1507,0.0],[-81.3835,22.1493,1.0708],[-81.3868,22.144,0.6855],[-81.3907,22.1426,0.5447],[-81.3896,22.1388,1.1126],[-81.3949,22.136,0.3974],[-81.3968,22.1304,0.0],[-81.3954,22.1304,0.0],[-81.3938,22.1351,0.5456],[-81.391,22.1368,0.7615],[-81.3871,22.1363,2.1153],[-81.3865,22.1329,0.7912],[-81.3879,22.1321,0.0],[-81.3896,22.1249,0.0],[-81.3876,22.1224,0.4115],[-81.3835,22.121,0.9406],[-81.3865,22.1174,0.3926],[-81.3815,22.1149,0.4952],[-81.3826,22.1124,0.9284],[-81.3793,22.1137,0.9821],[-81.3788,22.1113,0.6042],[-81.376,22.1118,0.6631],[-81.3771,22.106,0.0],[-81.3754,22.1043,0.2327],[-81.3651,22.1015,0.8113],[-81.3632,22.099,0.7556],[-81.3643,22.0935,0.0],[-81.3621,22.0904,1.3034],[-81.3629,22.0871,0.3955],[-81.3601,22.0857,0.2494],[-81.3549,22.0868,1.1737],[-81.3554,22.0835,0.9888],[-81.3585,22.0821,0.0],[-81.3604,22.0785,0.0],[-81.3546,22.0751,0.4307],[-81.3557,22.0721,0.171],[-81.3635,22.0724,0.0],[-81.3635,22.0693,0.5116],[-81.3657,22.0671,0.5302],[-81.3699,22.0654,0.4143],[-81.3737,22.0663,0.1993],[-81.3749,22.0646,0.0],[-81.3726,22.0654,0.0],[-81.3693,22.0637,0.0],[-81.3637,22.0654,0.0],[-81.3624,22.066,0.1975],[-81.3624,22.0693,0.5116],[-81.3568,22.071,0.5776],[-81.356,22.0676,0.4562],[-81.3576,22.066,0.0],[-81.3532,22.0668,0.0],[-81.3515,22.0651,0.2066],[-81.3515,22.0629,0.7664],[-81.3549,22.0632,0.5359],[-81.3565,22.0593,0.2167],[-81.3521,22.061,0.7264],[-81.3515,22.0596,0.806],[-81.3543,22.0563,0.2142],[-81.3518,22.0557,0.2249],[-81.3479,22.0576,0.6837],[-81.3457,22.0546,0.159],[-81.3551,22.0543,0.5354],[-81.3557,22.0513,0.9414],[-81.3587,22.0504,1.2553],[-81.3585,22.0526,0.1538],[-81.3607,22.0535,0.6876],[-81.3576,22.0546,0.0],[-81.3582,22.0571,0.0],[-81.3649,22.059,0.0],[-81.3657,22.0637,0.0],[-81.3671,22.0637,0.4478],[-81.3662,22.056,0.9949],[-81.3637,22.054,0.8251],[-81.3674,22.0532,0.0],[-81.3699,22.0504,0.0],[-81.3676,22.0521,0.0],[-81.3629,22.0518,0.2413],[-81.3635,22.0474,0.261],[-81.3601,22.0482,0.5337],[-81.3579,22.0413,0.5087],[-81.3549,22.0413,0.6347],[-81.3546,22.0399,0.7218],[-81.3718,22.028199999999998,2.5992],[-81.3735,22.0293,0.1623],[-81.3726,22.0318,0.6432],[-81.3746,22.0324,0.0],[-81.3749,22.0301,0.5415],[-81.3768,22.031,0.0],[-81.3838,22.0276,0.0],[-81.3863,22.028199999999998,0.0],[-81.3907,22.0332,0.0],[-81.3932,22.0396,0.1956],[-81.3921,22.0449,0.0],[-81.394,22.0429,0.0],[-81.394,22.0401,0.1956],[-81.3985,22.0415,0.0],[-81.3965,22.0404,0.4498],[-81.3962,22.0382,0.0],[-81.3987,22.0357,0.0],[-81.4076,22.044,0.2201],[-81.411,22.0513,0.0],[-81.4137,22.0518,0.2015],[-81.4124,22.054,0.0],[-81.4143,22.0535,0.0],[-81.4176,22.0574,0.0],[-81.421,22.0568,0.0],[-81.4151,22.0535,0.0],[-81.414,22.0515,0.2015],[-81.4151,22.051,0.2015],[-81.4262,22.0554,2.9365],[-81.4299,22.0615,1.1147],[-81.4285,22.0643,0.7697],[-81.4249,22.0637,0.0],[-81.4249,22.0663,0.0],[-81.4287,22.0654,0.7697],[-81.4318,22.0671,0.0],[-81.4351,22.0654,0.748],[-81.436,22.0696,0.2477],[-81.4388,22.0707,0.0],[-81.439,22.0693,0.0],[-81.4371,22.0671,0.2262],[-81.4426,22.0668,1.7353],[-81.4474,22.0701,0.6808],[-81.4476,22.0726,2.0505],[-81.4457,22.0749,0.7351],[-81.4501,22.0751,2.0761],[-81.4535,22.0774,0.0],[-81.4565,22.0754,1.1982],[-81.4554,22.0735,0.0],[-81.4563,22.071,0.356],[-81.4515,22.0646,0.4117],[-81.4424,22.066,1.7353],[-81.4368,22.0646,0.4745],[-81.4307,22.059,1.3909],[-81.4321,22.0513,0.0],[-81.4299,22.0529,1.9455],[-81.4207,22.0529,1.5573],[-81.4101,22.0413,0.0],[-81.4065,22.0399,1.6072],[-81.4046,22.0357,1.4857],[-81.4015,22.0346,1.0359],[-81.3949,22.0279,1.1845],[-81.3818,22.0215,0.7471],[-81.3685,22.028199999999998,3.311],[-81.3604,22.0299,1.9067],[-81.3562,22.0276,2.3349],[-81.354,22.0287,0.0],[-81.3538,22.0268,0.0],[-81.3521,22.0274,2.9205],[-81.3485,22.0249,1.303],[-81.349,22.0232,0.0],[-81.3468,22.0213,1.7836],[-81.3401,22.019,2.5646],[-81.3204,22.0274,2.9273],[-81.3126,22.0265,0.0],[-81.3118,22.0285,0.8231],[-81.316,22.0329,1.4826],[-81.3165,22.0368,1.2661],[-81.3193,22.0343,0.5221],[-81.3201,22.0307,2.3265],[-81.3246,22.0287,1.311],[-81.3313,22.0301,1.8103],[-81.3371,22.0354,0.0],[-81.3446,22.039,0.7348],[-81.3418,22.0457,0.3804],[-81.3454,22.0468,0.6578],[-81.3457,22.049,0.6471],[-81.3496,22.0521,0.9188],[-81.3418,22.0515,0.7947],[-81.341,22.054,0.0664],[-81.3449,22.0568,0.716],[-81.346,22.0599,0.3926],[-81.3495,22.0604,0.968],[-81.3499,22.0649,0.2066],[-81.3471,22.0654,0.0],[-81.3543,22.0693,0.5432],[-81.3543,22.0713,0.7145],[-81.3518,22.0718,0.0],[-81.3524,22.0782,0.3906],[-81.3549,22.0765,0.5138],[-81.3585,22.0799,0.8072],[-81.3557,22.0824,0.9888],[-81.3526,22.0807,0.2146],[-81.3512,22.0876,0.6827],[-81.3437,22.0863,0.1769],[-81.3451,22.0846,0.4682],[-81.3487,22.0846,0.4353],[-81.3482,22.083,0.0],[-81.3421,22.0829,0.3919],[-81.3351,22.0882,0.4451],[-81.3349,22.0851,0.0],[-81.3368,22.0838,0.0],[-81.3337,22.0843,0.0],[-81.3324,22.089,1.1348],[-81.326,22.0879,0.3906],[-81.3257,22.0849,0.0],[-81.3276,22.0826,0.0],[-81.3262,22.0818,0.0],[-81.3201,22.0868,0.0],[-81.314,22.0865,0.0],[-81.3068,22.0899,0.4528],[-81.3054,22.0882,0.0],[-81.3024,22.0888,0.0],[-81.3057,22.0924,0.0],[-81.3107,22.094,0.0],[-81.3104,22.0921,0.3025],[-81.3071,22.091,0.1447],[-81.3112,22.090699999999998,0.0],[-81.314,22.0879,0.407],[-81.319,22.0876,0.6007],[-81.3204,22.091,0.0],[-81.3171,22.0935,0.17],[-81.3218,22.0968,0.0],[-81.3224,22.0954,0.0],[-81.3193,22.0938,0.1762],[-81.3215,22.0899,0.2042],[-81.3207,22.0876,0.6007],[-81.3235,22.0885,1.0342],[-81.324,22.0918,0.2073],[-81.3262,22.091,0.0],[-81.329,22.0946,0.0],[-81.3254,22.096,0.4652],[-81.3251,22.0996,0.7311],[-81.3215,22.1029,0.0],[-81.3243,22.1071,0.0],[-81.3229,22.1076,0.0],[-81.324,22.1093,0.2123],[-81.321,22.1079,0.0],[-81.3185,22.1087,0.0],[-81.3171,22.1063,0.0],[-81.3182,22.1049,0.3936],[-81.319,22.1063,0.0],[-81.3179,22.0996,0.0],[-81.3115,22.0949,0.0],[-81.3101,22.0976,0.0],[-81.3118,22.0993,0.1695],[-81.3101,22.1001,0.0],[-81.3121,22.1024,0.2668],[-81.3065,22.101,0.2062],[-81.306,22.099,0.2137],[-81.3082,22.099,0.0],[-81.309,22.0963,0.1541],[-81.3004,22.0971,1.1445],[-81.2965,22.0951,0.0],[-81.296,22.0932,0.2441],[-81.2943,22.094,0.3942],[-81.2965,22.0921,0.0],[-81.2949,22.0912,0.5918],[-81.2949,22.0874,0.534],[-81.2915,22.0868,0.4364],[-81.289,22.0832,0.0],[-81.2862,22.0829,0.2285],[-81.2835,22.0785,1.0006],[-81.2854,22.074,0.0],[-81.2907,22.0738,0.0],[-81.294,22.076,0.0],[-81.2926,22.0854,0.4134],[-81.2946,22.0835,0.8384],[-81.3018,22.084,0.0],[-81.3026,22.0826,0.2664],[-81.3068,22.084,0.1847],[-81.3051,22.086,0.0],[-81.3093,22.0868,0.0],[-81.3096,22.0851,0.0],[-81.3129,22.0846,0.0],[-81.3101,22.0832,0.2137],[-81.3087,22.0801,0.0],[-81.3079,22.0807,0.0],[-81.3093,22.0835,0.2137],[-81.306,22.0829,0.331],[-81.304,22.0801,0.0],[-81.3012,22.0801,0.0],[-81.3004,22.0818,0.8568],[-81.2968,22.0754,0.0],[-81.2899,22.0724,0.515],[-81.2882,22.0735,0.515],[-81.2854,22.0726,0.0],[-81.281,22.0765,0.1656],[-81.2787,22.0849,0.2439],[-81.2893,22.0849,0.4948],[-81.2896,22.0871,0.0],[-81.2924,22.0879,0.3972],[-81.2935,22.0901,0.1497],[-81.2932,22.0935,0.2885],[-81.2901,22.096,0.6511],[-81.2793,22.0954,0.0],[-81.2757,22.0896,0.4033],[-81.2732,22.0882,0.2195],[-81.2768,22.0879,0.0],[-81.2779,22.086,0.0],[-81.2751,22.0854,0.3501],[-81.2751,22.0826,0.4017],[-81.2718,22.0818,0.0],[-81.2682,22.0857,0.1682],[-81.2649,22.0851,0.0],[-81.2549,22.0876,0.0],[-81.2549,22.0926,0.0],[-81.2574,22.0915,0.0],[-81.2579,22.089,0.3603],[-81.2607,22.0899,0.331],[-81.2632,22.0885,0.4082],[-81.2671,22.0904,0.189],[-81.2724,22.0882,0.2195],[-81.2754,22.0918,0.0],[-81.2749,22.0971,0.9584],[-81.2671,22.0982,0.0],[-81.2637,22.101,0.3417],[-81.2774,22.1001,0.4013],[-81.2807,22.1021,0.5549],[-81.2818,22.1057,0.0],[-81.2771,22.1137,0.0],[-81.2757,22.1124,0.2423],[-81.2774,22.1101,0.4343],[-81.274,22.1083,0.0],[-81.2763,22.1104,0.4343],[-81.2743,22.1126,0.2423],[-81.2763,22.1182,0.293],[-81.2754,22.1204,0.2865],[-81.2712,22.1188,0.0],[-81.264,22.1257,0.8651],[-81.2613,22.1257,0.1676],[-81.2599,22.1221,0.5476],[-81.2579,22.1224,0.0],[-81.2629,22.1296,0.5234],[-81.2596,22.1332,0.0],[-81.2532,22.1307,0.2626],[-81.2518,22.1338,0.0],[-81.2543,22.1332,0.968],[-81.254,22.1346,0.2563],[-81.2585,22.1368,0.6452],[-81.2551,22.1382,0.4721],[-81.256,22.1401,0.1742],[-81.2543,22.1396,0.515],[-81.2543,22.1363,0.2498],[-81.2471,22.139,1.3507],[-81.2451,22.1357,0.0],[-81.2407,22.1354,0.8912],[-81.2415,22.134,0.6865],[-81.2435,22.1346,0.0],[-81.2412,22.1318,0.0],[-81.2354,22.1343,0.6456],[-81.2346,22.1324,0.0],[-81.2321,22.1318,0.83],[-81.2321,22.129,0.4293],[-81.2299,22.1296,0.0],[-81.2299,22.1315,0.0],[-81.2276,22.1315,0.3509],[-81.2293,22.1262,0.0],[-81.221,22.1246,0.4052],[-81.2224,22.1213,0.0],[-81.2218,22.1171,0.0],[-81.2193,22.1151,0.1755],[-81.2199,22.1129,0.1738],[-81.216,22.1121,1.1907],[-81.2151,22.1093,0.6038],[-81.2174,22.1085,0.4348],[-81.2221,22.1113,0.0],[-81.2257,22.1118,0.1516],[-81.2254,22.1104,0.0],[-81.2229,22.1107,0.0],[-81.2237,22.1087,0.0],[-81.2215,22.1099,0.3434],[-81.2185,22.1076,0.0],[-81.2135,22.109,0.3363],[-81.2099,22.1065,0.0],[-81.2143,22.1035,0.3343],[-81.2121,22.101,0.7331],[-81.2082,22.1015,0.8468],[-81.2063,22.1035,0.8268],[-81.2024,22.1024,1.0587],[-81.2054,22.0993,0.3529],[-81.2043,22.0893,0.4615],[-81.2074,22.0824,0.7752],[-81.2079,22.0713,0.0],[-81.2132,22.0632,0.6183],[-81.2132,22.0604,1.6051],[-81.2157,22.0601,1.5568],[-81.2162,22.0624,0.1863],[-81.2196,22.0635,1.0345],[-81.2215,22.0621,0.0],[-81.2226,22.0576,1.5225],[-81.226,22.0563,4.3574],[-81.2249,22.0546,1.57],[-81.2201,22.0535,1.41],[-81.221,22.051,0.435],[-81.2193,22.049,1.0159],[-81.2135,22.0496,0.461],[-81.2051,22.0657,1.2889],[-81.2012,22.0701,0.6197],[-81.1993,22.0821,0.0],[-81.1974,22.0851,0.0],[-81.201,22.1093,1.0944],[-81.2043,22.1146,2.4721],[-81.2038,22.1251,1.1054],[-81.2079,22.1418,0.3028],[-81.2074,22.1515,0.0],[-81.2057,22.1549,0.0],[-81.2065,22.1618,1.1216],[-81.2015,22.1679,0.0],[-81.2001,22.1735,4.3855],[-81.1979,22.1757,1.7004],[-81.1985,22.1821,0.8613],[-81.1965,22.184,0.0],[-81.1974,22.1874,0.0],[-81.1954,22.1915,0.0],[-81.1974,22.1937,0.0],[-81.1965,22.1976,0.0],[-81.1988,22.2026,1.163],[-81.1949,22.2082,0.0],[-81.1979,22.2118,2.5408],[-81.1971,22.2154,0.0],[-81.1996,22.219,3.2638],[-81.1996,22.2232,4.4648],[-81.2063,22.2376,2.3387],[-81.2063,22.2438,0.0],[-81.2099,22.2479,4.2347],[-81.2118,22.2565,0.0],[-81.2179,22.2632,0.0],[-81.2196,22.2715,2.5568],[-81.2176,22.2774,0.8808],[-81.2079,22.281,0.4755],[-81.1926,22.2787,0.0],[-81.1849,22.2799,2.8527],[-81.1826,22.2751,0.0],[-81.179,22.2746,0.8175],[-81.1787,22.271,3.9292],[-81.1663,22.2604,1.9758],[-81.1637,22.254,5.2377],[-81.1557,22.2429,8.2633],[-81.1529,22.2332,0.6356],[-81.1476,22.2263,0.7143],[-81.1404,22.2207,1.6227],[-81.1387,22.211,0.0],[-81.1424,22.2018,0.0],[-81.141,22.1726,0.0],[-81.1374,22.1657,10.2743],[-81.1379,22.161,0.0],[-81.1346,22.1537,1.6591],[-81.1321,22.1415,0.0],[-81.1288,22.1385,6.2345],[-81.1224,22.1279,1.3313],[-81.121,22.1226,7.2502],[-81.1162,22.1174,3.1063],[-81.1143,22.1065,0.0],[-81.1004,22.0929,2.8528],[-81.0868,22.0832,0.0],[-81.081,22.0801,0.0],[-81.0735,22.0799,1.5232],[-81.0629,22.0754,0.0],[-81.0504,22.0671,4.2246],[-81.0379,22.064,2.1782],[-81.0349,22.0657,3.1994],[-81.031,22.0618,0.0],[-81.0296,22.0632,2.4448],[-81.0263,22.0626,3.2973],[-81.0212,22.059,1.6674],[-81.0071,22.0565,0.0],[-81.004,22.0537,0.0],[-80.9946,22.0504,0.0],[-80.9921,22.0513,1.7378],[-80.9796,22.0482,0.0],[-80.9707,22.044,3.1942],[-80.9354,22.0413,0.0],[-80.9318,22.0421,5.1161],[-80.9304,22.0407,0.3257],[-80.9243,22.041,2.2069],[-80.9218,22.039,0.5496],[-80.9079,22.0388,3.9009],[-80.8968,22.0407,1.6669],[-80.8863,22.0374,1.1963],[-80.8765,22.0374,0.88],[-80.8349,22.0488,4.4769],[-80.8243,22.049,1.2286],[-80.8046,22.054,5.8884],[-80.776,22.0537,0.0],[-80.7582,22.0579,1.5231],[-80.7254,22.0571,5.5553],[-80.7118,22.0535,0.0],[-80.6751,22.0549,0.6899],[-80.6593,22.0537,0.0],[-80.649,22.0507,1.1953],[-80.6329,22.0518,0.0],[-80.6249,22.0507,5.497],[-80.6135,22.0454,0.0],[-80.6068,22.0443,0.6238],[-80.5985,22.0449,0.0],[-80.5911,22.0479,0.0],[-80.5926,22.0713,12.9217],[-80.5975,22.0836,12.2435],[-80.6029,22.09,2.7192],[-80.6195,22.0968,2.8297],[-80.632,22.0996,1.7499],[-80.6918,22.1031,1.7542],[-80.7273,22.089,1.5968],[-80.7369,22.0836,2.201],[-80.7425,22.0847,3.7725],[-80.7476,22.0914,5.6199],[-80.7558,22.0965,6.553],[-80.7718,22.1028,2.3618],[-80.7754,22.1101,2.0539],[-80.7756,22.121,1.7345],[-80.7797,22.1242,1.7518],[-80.7856,22.1232,1.6806],[-80.8,22.1121,6.7997],[-80.8068,22.1125,2.0795]]],
[[[-81.4476,22.1482,0.9794],[-81.4499,22.1496,0.0],[-81.4488,22.1468,0.0],[-81.446,22.1474,0.0],[-81.4476,22.1482,0.9794]]],
[[[-81.456,22.1707,1.0004],[-81.4557,22.1732,0.8347],[-81.4571,22.1735,0.3461],[-81.459,22.169,0.0],[-81.4574,22.169,1.3876],[-81.456,22.1707,1.0004]]],
[[[-81.4632,22.1726,0.0],[-81.4626,22.1751,0.0],[-81.464,22.1754,0.0],[-81.4643,22.1746,0.0],[-81.4632,22.1726,0.0]]],
[[[-81.0001,21.9999,0.0],[-80.9999,21.9999,0.0],[-80.9999,22.0001,0.0],[-81.0001,22.0001,0.0],[-81.0001,21.9999,0.0]]],
[[[-81.0043,23.106,1.4531],[-81.0035,23.1076,0.0],[-81.0049,23.1085,3.7738],[-81.006,23.1063,1.4531],[-81.0043,23.106,1.4531]]],
[[[-80.5818,23.0699,0.0],[-80.5815,23.0732,0.0],[-80.5876,23.0732,0.8623],[-80.5901,23.0718,0.6488],[-80.591,23.0665,0.4579],[-80.5932,23.0637,0.5841],[-80.589,23.0629,0.0],[-80.5788,23.066,0.0],[-80.5818,23.0699,0.0]]],
[[[-80.584,23.1029,0.0],[-80.5918,23.104,0.0],[-80.5862,23.0999,1.15],[-80.5865,23.0951,0.0],[-80.5849,23.0951,0.0],[-80.584,23.0982,0.0],[-80.5813,23.1004,0.0],[-80.584,23.1029,0.0]]],
[[[-80.6368,23.1038,2.5631],[-80.636,23.1074,0.0],[-80.6415,23.1063,0.6822],[-80.6415,23.1046,0.0],[-80.6387,23.1051,0.0],[-80.6368,23.1038,2.5631]]],
[[[-80.7057,23.114,0.0],[-80.7071,23.1154,0.1953],[-80.7063,23.1246,0.0],[-80.7079,23.1246,0.0],[-80.7107,23.1212,0.0],[-80.711,23.1182,0.128],[-80.716,23.116,0.1641],[-80.7199,23.1118,0.2728],[-80.7307,23.109,0.0],[-80.7379,23.0982,0.0],[-80.7315,23.1018,0.0],[-80.731,23.1054,0.0],[-80.7296,23.1043,0.0],[-80.7265,23.1065,0.235],[-80.7251,23.106,0.0],[-80.7204,23.1104,0.1128],[-80.7187,23.1101,0.0],[-80.7182,23.1068,0.0],[-80.716,23.1057,0.6703],[-80.716,23.104,0.6602],[-80.7196,23.1029,0.3895],[-80.7193,23.101,0.0],[-80.7176,23.101,0.0],[-80.709,23.1057,0.1496],[-80.7082,23.1079,0.1812],[-80.6968,23.1101,0.0],[-80.6946,23.1096,0.091],[-80.6935,23.1068,0.0],[-80.6926,23.1093,0.0],[-80.694,23.111,0.1102],[-80.6926,23.1124,0.2424],[-80.6874,23.1132,0.0],[-80.6874,23.1113,0.6737],[-80.6896,23.1096,0.3385],[-80.6874,23.1093,0.0],[-80.6854,23.1126,1.0905],[-80.6876,23.116,0.0],[-80.691,23.1135,0.4534],[-80.6937,23.1135,0.0],[-80.6954,23.1107,0.1102],[-80.7021,23.1107,0.3636],[-80.7054,23.1121,0.0],[-80.7057,23.114,0.0]]],
[[[-80.7849,23.1424,0.8123],[-80.7846,23.1446,0.9288],[-80.7896,23.1435,1.2469],[-80.7893,23.1418,0.0],[-80.7849,23.1424,0.8123]]],
[[[-80.8285,23.1871,0.0],[-80.8293,23.1893,0.5199],[-80.8326,23.1893,1.0997],[-80.8354,23.1846,0.2755],[-80.8432,23.1824,0.0],[-80.8421,23.1807,0.0],[-80.8396,23.1807,0.2919],[-80.8393,23.1824,0.2115],[-80.8365,23.1832,0.2944],[-80.8343,23.181,0.2991],[-80.8385,23.1796,0.3309],[-80.8404,23.1757,0.0],[-80.8388,23.174,0.6127],[-80.8401,23.1729,0.2726],[-80.8468,23.171,0.3482],[-80.8493,23.1746,0.0],[-80.8551,23.174,0.2549],[-80.8509,23.1701,0.0],[-80.849,23.1715,0.6011],[-80.8476,23.1707,0.3482],[-80.8468,23.1676,1.2965],[-80.8507,23.1632,0.4781],[-80.8554,23.1663,0.2134],[-80.866,23.1676,0.7971],[-80.8654,23.1701,0.2915],[-80.8613,23.1721,0.0],[-80.8671,23.1757,0.3375],[-80.8668,23.1782,0.0848],[-80.8715,23.1751,0.1809],[-80.8712,23.1729,0.0],[-80.8735,23.1707,0.3789],[-80.8757,23.1721,0.0],[-80.8771,23.1688,0.0],[-80.8796,23.1688,0.0],[-80.8829,23.1649,0.1238],[-80.8793,23.1629,0.1215],[-80.8796,23.1601,0.0],[-80.8754,23.1632,0.3939],[-80.8724,23.1624,0.3454],[-80.8721,23.1585,0.0],[-80.8696,23.1571,0.8023],[-80.8696,23.1515,0.4064],[-80.8729,23.1521,0.0],[-80.874,23.1551,0.0],[-80.8788,23.1546,0.0],[-80.8804,23.153199999999998,0.272],[-80.8796,23.1513,0.0],[-80.881,23.1485,0.4253],[-80.8838,23.1479,0.3184],[-80.8857,23.1454,1.6102],[-80.9057,23.1413,0.0],[-80.9143,23.1329,1.3412],[-80.9207,23.1296,0.0],[-80.9235,23.1249,5.1534],[-80.9262,23.126,0.0],[-80.9262,23.1232,3.5393],[-80.931,23.121,0.0],[-80.934,23.1204,1.5279],[-80.936,23.1232,0.0],[-80.939,23.1232,1.2952],[-80.9399,23.1279,0.7803],[-80.9426,23.1268,1.3668],[-80.9429,23.1224,0.7744],[-80.9451,23.1235,0.0],[-80.9465,23.1224,0.0],[-80.9454,23.1196,0.3255],[-80.9479,23.1157,0.5469],[-80.9571,23.1146,0.0],[-80.969,23.1068,5.5684],[-80.9743,23.1071,0.0],[-80.9785,23.1051,4.1068],[-80.9812,23.1071,4.0971],[-80.9801,23.1096,2.6694],[-80.9821,23.1104,3.5579],[-80.9857,23.1068,0.0],[-80.9776,23.0963,0.0],[-80.971,23.090699999999998,0.0],[-80.9646,23.0974,3.54],[-80.9579,23.0996,0.0],[-80.9512,23.1093,1.0195],[-80.9446,23.1129,1.8036],[-80.9407,23.1113,0.0],[-80.9399,23.1138,0.0],[-80.9413,23.1174,0.515],[-80.9388,23.1143,0.0],[-80.9371,23.1174,2.5336],[-80.9329,23.1193,1.5279],[-80.9262,23.1185,0.0],[-80.9185,23.1212,0.0],[-80.9096,23.1285,3.082],[-80.9037,23.1293,0.4157],[-80.9018,23.1318,0.1521],[-80.8899,23.1301,0.9918],[-80.8893,23.1285,0.0],[-80.8782,23.1251,0.0],[-80.8804,23.1282,0.0],[-80.8874,23.1301,1.3828],[-80.8826,23.1338,0.3611],[-80.8715,23.1363,0.0],[-80.8682,23.1363,0.0],[-80.8668,23.1346,0.0],[-80.8599,23.1349,0.5398],[-80.8551,23.1299,0.0],[-80.8487,23.1296,0.2401],[-80.8526,23.124,0.0],[-80.8596,23.1251,0.0],[-80.8593,23.1238,0.0],[-80.8571,23.1243,0.4871],[-80.8526,23.1221,0.0],[-80.8504,23.1238,0.4155],[-80.8449,23.1224,0.2009],[-80.8429,23.1238,0.8914],[-80.8396,23.1232,0.0],[-80.8376,23.1257,0.5804],[-80.8262,23.1271,0.1712],[-80.8207,23.1329,1.2581],[-80.8135,23.1318,0.0],[-80.8049,23.1329,0.9999],[-80.8029,23.1346,1.1138],[-80.7951,23.1338,0.0],[-80.796,23.1374,0.0],[-80.7974,23.1374,0.0],[-80.7976,23.1354,0.5844],[-80.8007,23.1357,0.602],[-80.8035,23.1399,0.3897],[-80.8057,23.1396,1.8766],[-80.8068,23.1437,0.1774],[-80.8046,23.1426,0.185],[-80.8046,23.1443,0.2524],[-80.8018,23.146,0.532],[-80.8035,23.1415,1.9394],[-80.7976,23.1421,0.0],[-80.7996,23.1388,0.2183],[-80.7968,23.1404,0.3393],[-80.7943,23.1396,0.0],[-80.7929,23.1407,0.0],[-80.7935,23.1426,0.0],[-80.7954,23.1413,0.235],[-80.7973,23.1457,0.0],[-80.8001,23.1454,0.2131],[-80.8018,23.1479,0.8509],[-80.8107,23.1482,0.612],[-80.8221,23.1574,0.1438],[-80.821,23.159,1.0429],[-80.8235,23.1671,0.476],[-80.8204,23.1696,0.0],[-80.8254,23.171,0.0],[-80.8301,23.169,0.1359],[-80.836,23.1724,0.8374],[-80.8368,23.1768,0.0],[-80.8354,23.1787,0.8767],[-80.8274,23.181,0.9601],[-80.8285,23.1871,0.0]]],
[[[-80.9629,23.1593,0.0],[-80.9626,23.1624,0.0],[-80.9643,23.1626,0.0],[-80.9643,23.1582,0.0],[-80.9629,23.1593,0.0]]],
[[[-80.9201,23.1771,1.4677],[-80.9218,23.1785,0.0],[-80.9246,23.1749,1.0931],[-80.9224,23.1699,0.8696],[-80.9185,23.1729,0.0],[-80.9187,23.1765,0.0],[-80.9201,23.1771,1.4677]]],
[[[-80.8821,23.1754,0.0],[-80.8832,23.1768,0.6053],[-80.8854,23.176,0.0],[-80.8854,23.1754,0.0],[-80.8821,23.1754,0.0]]],
[[[-81.2471,22.096,0.8787],[-81.251,22.0971,0.0],[-81.2482,22.0951,0.2253],[-81.2487,22.0932,0.0],[-81.2462,22.0949,0.2025],[-81.2471,22.096,0.8787]]],
[[[-81.2585,22.0974,0.0],[-81.2588,22.0982,0.0],[-81.2621,22.0985,0.0],[-81.2599,22.0971,0.0],[-81.2585,22.0974,0.0]]],
[[[-81.2407,22.1085,0.329],[-81.2424,22.1099,0.0],[-81.2371,22.1026,0.0],[-81.2365,22.1035,0.0],[-81.2371,22.1049,0.2359],[-81.2354,22.1054,0.0],[-81.236,22.1032,0.0],[-81.2321,22.0996,0.3768],[-81.2293,22.0985,0.0],[-81.2271,22.0996,0.3034],[-81.2265,22.1021,0.3981],[-81.2304,22.1049,0.172],[-81.2376,22.1063,0.2581],[-81.2407,22.1085,0.329]]],
[[[-81.2271,22.1093,1.6808],[-81.2274,22.1115,0.0],[-81.2304,22.1076,0.6279],[-81.2271,22.1074,0.7978],[-81.2271,22.1093,1.6808]]],
[[[-81.2288,22.1165,0.0],[-81.2301,22.1176,0.0],[-81.231,22.1174,0.0],[-81.2296,22.1149,0.0],[-81.2288,22.1165,0.0]]],
[[[-81.2274,22.1226,0.0],[-81.2282,22.124,0.0],[-81.231,22.1238,0.0],[-81.2335,22.1182,0.0],[-81.2324,22.118,0.0],[-81.2274,22.1226,0.0]]],
[[[-81.2243,22.1224,0.4884],[-81.2243,22.124,0.0],[-81.2262,22.1243,0.0],[-81.2262,22.1224,0.4884],[-81.2296,22.1191,0.0],[-81.2268,22.1176,0.2153],[-81.2243,22.1224,0.4884]]],
[[[-81.2535,22.1268,0.6045],[-81.2585,22.1279,0.2596],[-81.256,22.1257,0.0],[-81.2487,22.1262,0.0],[-81.2535,22.1268,0.6045]]],
[[[-81.2374,22.1296,0.0],[-81.2404,22.131,0.0],[-81.2418,22.1276,0.6098],[-81.246,22.1285,0.2329],[-81.2476,22.1265,0.0],[-81.2401,22.1265,0.0],[-81.2396,22.1288,1.188],[-81.2374,22.1296,0.0]]],
[[[-81.181,23.0607,0.0],[-81.1813,23.0629,0.0],[-81.186,23.0535,0.0],[-81.1862,23.0485,0.0],[-81.1835,23.0515,1.5597],[-81.184,23.0543,0.0],[-81.181,23.0607,0.0]]],
[[[-81.146,23.0626,0.0],[-81.1476,23.064,0.0],[-81.1507,23.0629,0.0],[-81.1515,23.0526,0.0],[-81.149,23.0565,4.2487],[-81.1449,23.0579,0.0],[-81.146,23.0626,0.0]]],
[[[-81.1007,23.1649,0.0],[-81.1007,23.1676,0.0],[-81.1043,23.1663,0.6841],[-81.1032,23.1635,0.0],[-81.1007,23.1649,0.0]]],
[[[-81.076,23.1729,0.0],[-81.0754,23.1749,0.0],[-81.0779,23.1754,1.1176],[-81.0785,23.174,0.0],[-81.076,23.1729,0.0]]],
[[[-80.5649,23.0471,0.0],[-80.5676,23.0485,0.9905],[-80.5701,23.0465,0.0],[-80.5665,23.044,0.6176],[-80.5646,23.0454,0.0],[-80.5649,23.0471,0.0]]],
[[[-80.5493,23.064,0.0],[-80.5501,23.0657,0.0],[-80.5585,23.0654,0.6311],[-80.5601,23.0626,0.0],[-80.559,23.0613,0.5387],[-80.561,23.0613,0.0],[-80.5626,23.0557,0.0],[-80.5604,23.0546,0.3329],[-80.5574,23.056,1.3894],[-80.5563,23.0543,1.5073],[-80.5557,23.0557,1.3894],[-80.5535,23.0524,0.9698],[-80.5551,23.0521,0.9698],[-80.5554,23.0501,0.8068],[-80.5599,23.0515,0.0],[-80.5607,23.0501,0.0],[-80.5593,23.0488,0.0],[-80.551,23.049,0.0],[-80.554,23.0582,1.1386],[-80.5568,23.0576,0.4534],[-80.5576,23.0604,0.4834],[-80.5571,23.0632,0.0],[-80.5551,23.0637,0.2407],[-80.5535,23.0579,1.1386],[-80.5474,23.059,1.1728],[-80.5493,23.064,0.0]]],
[[[-80.5454,23.0596,0.1401],[-80.544,23.0596,0.3901],[-80.5435,23.061,0.4159],[-80.5462,23.0607,0.0],[-80.5454,23.0596,0.1401]]],
[[[-80.5585,23.081,0.0],[-80.5615,23.0821,0.0],[-80.5638,23.0793,0.0],[-80.5574,23.076,0.0],[-80.5554,23.0729,0.2661],[-80.556,23.0701,0.0],[-80.5537,23.0693,0.2442],[-80.5529,23.0715,0.0],[-80.5585,23.081,0.0]]],
[[[-80.5612,23.091,0.2429],[-80.5607,23.0937,0.4911],[-80.5624,23.0943,0.0],[-80.5626,23.0874,0.6492],[-80.5612,23.0879,0.1831],[-80.5612,23.091,0.2429]]],
[[[-80.5557,23.1004,0.0],[-80.5546,23.1021,0.0],[-80.5576,23.1015,0.0],[-80.5571,23.1007,0.9777],[-80.5557,23.1004,0.0]]],
[[[-80.5057,23.1007,1.4345],[-80.5021,23.101,1.5137],[-80.501,23.1046,0.6962],[-80.5054,23.1021,0.0],[-80.5057,23.1007,1.4345]]],
[[[-80.5699,23.1207,0.0],[-80.5729,23.1218,0.6836],[-80.5735,23.1193,0.8759],[-80.5715,23.1193,0.4173],[-80.5649,23.114,0.3584],[-80.5615,23.1138,2.091],[-80.5615,23.1118,0.0],[-80.5582,23.1138,0.8543],[-80.5524,23.1099,0.4143],[-80.5537,23.1065,0.0],[-80.5526,23.1029,1.8316],[-80.5543,23.1024,0.0],[-80.5543,23.1004,0.0],[-80.5485,23.1004,0.0],[-80.5454,23.1076,1.525],[-80.5413,23.1057,0.8659],[-80.539,23.1065,0.0],[-80.5399,23.109,0.0],[-80.5437,23.1096,0.4487],[-80.5476,23.1126,0.3403],[-80.5488,23.1176,0.0],[-80.5507,23.1174,1.2504],[-80.5515,23.1146,2.7991],[-80.5535,23.1162,0.2924],[-80.5632,23.1154,1.4316],[-80.5668,23.1177,0.1084],[-80.5668,23.1201,0.0],[-80.5699,23.1207,0.0]]],
[[[-80.5904,23.1104,0.0],[-80.5918,23.1121,0.0],[-80.5957,23.1104,0.0],[-80.5957,23.1087,0.0],[-80.5943,23.1087,0.0],[-80.5904,23.1104,0.0]]],
[[[-80.6624,23.1157,0.0],[-80.6632,23.1174,0.0],[-80.666,23.1176,0.0],[-80.6665,23.1149,0.0],[-80.6621,23.1143,0.0],[-80.6624,23.1157,0.0]]],
[[[-80.5771,23.1368,0.3532],[-80.5793,23.1393,0.14],[-80.5793,23.136,0.131],[-80.5837,23.1371,0.0],[-80.5862,23.1349,0.0],[-80.5862,23.1329,0.7419],[-80.5815,23.1304,0.3609],[-80.5807,23.1276,0.0],[-80.576,23.124,0.0],[-80.5729,23.129,0.344],[-80.5699,23.1299,0.193],[-80.5687,23.1288,0.193],[-80.5679,23.1307,0.6494],[-80.569,23.1332,0.6084],[-80.5718,23.1338,0.0],[-80.5729,23.1388,0.1099],[-80.5743,23.1363,0.2884],[-80.5771,23.1368,0.3532]]],
[[[-80.6374,23.1415,0.2827],[-80.6374,23.1435,0.3853],[-80.6396,23.1443,0.0],[-80.639,23.1404,0.0],[-80.6374,23.1415,0.2827]]],
[[[-80.5207,23.1304,0.3833],[-80.5229,23.1326,0.0],[-80.5232,23.1288,0.5972],[-80.5207,23.1288,0.3833],[-80.5207,23.1304,0.3833]]],
[[[-80.5351,23.1326,0.2665],[-80.5368,23.1343,0.0],[-80.5365,23.1321,0.2665],[-80.5396,23.1307,0.0],[-80.5338,23.1307,0.16],[-80.5351,23.1326,0.2665]]],
[[[-80.5462,23.134,0.0],[-80.5457,23.1379,0.1833],[-80.5474,23.1382,0.0],[-80.5482,23.1346,0.0818],[-80.5468,23.1324,0.2422],[-80.5493,23.1282,0.0],[-80.5446,23.1299,0.0],[-80.5462,23.134,0.0]]],
[[[-80.5746,23.1426,0.0],[-80.579,23.1435,0.0],[-80.5771,23.1415,0.0],[-80.5777,23.139,0.1025],[-80.5765,23.139,0.1025],[-80.5762,23.1421,0.2696],[-80.5721,23.1401,0.1099],[-80.5715,23.1429,0.1328],[-80.5746,23.1426,0.0]]],
[[[-80.5062,23.146,0.0],[-80.5043,23.1446,0.3585],[-80.5038,23.1465,0.0],[-80.506,23.1465,0.2568],[-80.5062,23.146,0.0]]],
[[[-80.5043,23.1476,0.5786],[-80.5032,23.1499,0.0],[-80.5035,23.151,0.0],[-80.5071,23.149,0.0],[-80.5043,23.1476,0.5786]]],
[[[-80.5632,23.1507,0.1194],[-80.5638,23.1493,0.1603],[-80.5615,23.1499,0.0],[-80.5601,23.1526,0.1668],[-80.5612,23.1526,0.1668],[-80.5632,23.1507,0.1194]]],
[[[-80.5246,23.1526,0.0],[-80.5232,23.153199999999998,0.0],[-80.5237,23.1563,0.0],[-80.5249,23.1563,0.0],[-80.5246,23.1526,0.0]]],
[[[-80.5357,23.1574,0.3254],[-80.5385,23.1585,0.4793],[-80.5393,23.1571,0.0],[-80.536,23.1563,0.3094],[-80.5357,23.1574,0.3254]]],
[[[-80.5146,23.1585,2.2948],[-80.5168,23.1596,0.0],[-80.5126,23.156,0.6034],[-80.5093,23.1571,0.3637],[-80.5088,23.1557,0.1237],[-80.5065,23.156,1.6992],[-80.5071,23.1579,0.9883],[-80.5146,23.1585,2.2948]]],
[[[-80.5529,23.1596,0.5609],[-80.5529,23.1607,0.0],[-80.5574,23.1604,1.1731],[-80.5563,23.1574,0.8138],[-80.5529,23.1596,0.5609]]],
[[[-80.5421,23.1671,0.3116],[-80.5443,23.1682,0.2786],[-80.5451,23.166,0.1791],[-80.5421,23.1651,0.0],[-80.5421,23.1671,0.3116]]],
[[[-80.654,23.1643,0.0],[-80.6535,23.1663,0.0],[-80.6557,23.1668,3.2675],[-80.6574,23.1632,0.0],[-80.656,23.1626,0.0],[-80.654,23.1643,0.0]]],
[[[-80.6001,23.1774,0.42],[-80.601,23.1804,1.8601],[-80.6026,23.1804,1.8601],[-80.6093,23.176,1.527],[-80.6132,23.1774,0.0],[-80.6196,23.1754,2.8642],[-80.6218,23.1763,0.0],[-80.6224,23.1679,0.7601],[-80.6282,23.1651,2.6131],[-80.6307,23.1657,0.0],[-80.6312,23.1618,2.4498],[-80.634,23.1604,0.0],[-80.6332,23.1576,0.5436],[-80.6282,23.1601,0.0],[-80.6274,23.164,0.6157],[-80.6201,23.1674,0.1576],[-80.6199,23.1707,1.238],[-80.6154,23.174,2.6171],[-80.6085,23.174,0.3977],[-80.6049,23.176,1.208],[-80.6035,23.1729,0.0],[-80.6015,23.1724,2.2306],[-80.5951,23.1763,3.1557],[-80.5901,23.1757,0.0],[-80.596,23.1787,3.255],[-80.6001,23.1774,0.42]]],
[[[-80.6496,23.169,2.706],[-80.6476,23.1693,0.0],[-80.6474,23.1701,0.0],[-80.6504,23.1693,0.0],[-80.6496,23.169,2.706]]],
[[[-80.5804,23.1765,2.6648],[-80.5818,23.1793,0.8781],[-80.5879,23.1743,0.5305],[-80.5862,23.1738,1.8305],[-80.5865,23.1721,0.0],[-80.5821,23.1751,0.7571],[-80.5735,23.1732,0.0],[-80.5746,23.1749,1.9732],[-80.5804,23.1765,2.6648]]],
[[[-80.4832,23.1663,0.8812],[-80.4812,23.1654,2.2842],[-80.4801,23.1688,0.6902],[-80.4812,23.1688,0.6902],[-80.4832,23.1663,0.8812]]],
[[[-80.5607,23.1701,0.2015],[-80.5599,23.174,0.2095],[-80.5624,23.1721,0.5813],[-80.5618,23.1679,0.5623],[-80.5576,23.1676,0.3509],[-80.559,23.1629,0.6681],[-80.5571,23.1626,0.0],[-80.5565,23.1679,0.251],[-80.5607,23.1701,0.2015]]],
[[[-80.5488,23.1688,0.0],[-80.5515,23.1704,0.0],[-80.5524,23.1674,0.0],[-80.5496,23.1668,0.0],[-80.5488,23.1688,0.0]]],
[[[-80.5338,23.1726,1.8076],[-80.5329,23.1763,0.6543],[-80.5346,23.1765,0.6543],[-80.536,23.1726,0.8127],[-80.5382,23.1715,0.5702],[-80.5371,23.1685,0.9534],[-80.5393,23.1676,0.1435],[-80.539,23.164,1.2422],[-80.5365,23.1643,0.3172],[-80.5376,23.1663,1.4303],[-80.5362,23.1679,0.8955],[-80.5338,23.1651,0.0],[-80.5312,23.1682,0.1762],[-80.5338,23.1726,1.8076]]],
[[[-80.6443,23.1521,0.0],[-80.6476,23.153199999999998,0.5838],[-80.6518,23.1499,1.6132],[-80.6482,23.146,0.0],[-80.6501,23.1435,0.7513],[-80.6482,23.1424,0.7513],[-80.6465,23.1435,0.0],[-80.6474,23.1463,0.0],[-80.6454,23.1476,0.0],[-80.6443,23.1521,0.0]]],
[[[-80.6379,23.156,1.8973],[-80.6407,23.1571,0.0],[-80.641,23.1521,0.0],[-80.6376,23.1537,0.0],[-80.6368,23.1565,0.0],[-80.6379,23.156,1.8973]]],
[[[-80.6343,23.1568,0.0],[-80.6351,23.1596,0.0],[-80.6365,23.1596,0.3905],[-80.6363,23.1563,0.0],[-80.6343,23.1568,0.0]]],
[[[-80.6632,23.1604,0.0],[-80.6618,23.1615,0.0],[-80.6651,23.161,0.0],[-80.6646,23.1596,0.0],[-80.6632,23.1604,0.0]]],
[[[-80.7799,23.1718,0.0],[-80.7815,23.1726,0.0],[-80.7801,23.1707,0.0],[-80.7763,23.1696,0.0],[-80.7679,23.1693,0.2145],[-80.7649,23.1643,0.5882],[-80.7724,23.1635,0.0],[-80.7718,23.1579,0.0],[-80.779,23.1457,0.0],[-80.7824,23.1437,0.0],[-80.7815,23.1418,0.0],[-80.779,23.1424,1.0382],[-80.779,23.1446,1.7593],[-80.7743,23.146,0.6681],[-80.7746,23.1501,0.0],[-80.7688,23.1574,0.0],[-80.7685,23.1601,0.9411],[-80.7657,23.1596,0.2777],[-80.7632,23.1615,0.2965],[-80.7607,23.159,0.1502],[-80.754,23.1593,1.1302],[-80.7396,23.164,0.1751],[-80.7379,23.1674,0.0614],[-80.7393,23.1696,0.0],[-80.7507,23.1632,0.0],[-80.7554,23.1626,0.0],[-80.7565,23.1607,0.3252],[-80.7613,23.161,0.2965],[-80.761,23.1679,0.0],[-80.7626,23.1701,0.272],[-80.7671,23.1721,0.0],[-80.7721,23.1718,0.0],[-80.7737,23.1701,0.0],[-80.7799,23.1718,0.0]]],
[[[-80.7251,23.1715,0.0],[-80.7257,23.174,0.206],[-80.7279,23.1738,0.0],[-80.7268,23.1707,0.0],[-80.7251,23.1715,0.0]]],
[[[-80.7193,23.1749,0.2588],[-80.7207,23.1771,0.0],[-80.7246,23.1757,0.0],[-80.7246,23.1718,0.0],[-80.7132,23.1718,0.0],[-80.7149,23.1746,0.2026],[-80.716,23.1726,0.6576],[-80.7185,23.1724,0.3424],[-80.7193,23.1749,0.2588]]],
[[[-80.6776,23.1771,0.6838],[-80.6799,23.1779,1.8734],[-80.6793,23.1721,3.0606],[-80.676,23.1749,1.5961],[-80.6776,23.1771,0.6838]]],
[[[-80.7004,23.1779,1.6817],[-80.7032,23.1785,0.9687],[-80.6999,23.1757,0.0],[-80.7007,23.1718,0.0],[-80.6996,23.1718,0.0],[-80.6982,23.1746,0.6875],[-80.7004,23.1779,1.6817]]],
[[[-80.7038,23.1776,0.5826],[-80.7046,23.1804,1.368],[-80.706,23.1804,1.2644],[-80.7063,23.1743,1.2853],[-80.7096,23.1743,0.0],[-80.7107,23.1724,0.0],[-80.7057,23.1721,0.0],[-80.7032,23.1754,0.0],[-80.7038,23.1776,0.5826]]],
[[[-80.7174,23.1785,0.0],[-80.716,23.1785,0.0],[-80.7162,23.1807,0.0],[-80.7182,23.1804,0.0],[-80.7201,23.1774,0.0],[-80.7182,23.1771,0.0],[-80.7174,23.1785,0.0]]],
[[[-80.6882,23.1824,0.0],[-80.6901,23.1835,3.7938],[-80.6882,23.1754,1.115],[-80.686,23.1743,3.954],[-80.6854,23.1757,4.2328],[-80.6882,23.1824,0.0]]],
[[[-80.754,23.1849,0.5363],[-80.7557,23.186,0.5019],[-80.7574,23.186,0.0],[-80.7551,23.1837,0.0],[-80.754,23.1849,0.5363]]],
[[[-80.7451,23.1868,0.0],[-80.7482,23.1874,0.0],[-80.7504,23.1854,0.0],[-80.7457,23.1843,0.0],[-80.7451,23.1868,0.0]]],
[[[-80.8568,23.1854,0.0],[-80.856,23.1876,0.1806],[-80.8587,23.1865,0.0],[-80.8585,23.1849,0.0],[-80.8568,23.1854,0.0]]],
[[[-80.8526,23.1854,0.0],[-80.8504,23.1857,0.8445],[-80.8501,23.1874,0.0],[-80.8515,23.1874,0.0],[-80.8526,23.1854,0.0]]],
[[[-80.5496,23.1749,0.5791],[-80.5521,23.1765,0.1077],[-80.5551,23.1754,0.2321],[-80.5526,23.1746,0.0],[-80.5526,23.1724,0.0],[-80.5496,23.1749,0.5791]]],
[[[-80.5721,23.176,2.6099],[-80.5713,23.1776,0.0],[-80.5746,23.1774,0.0],[-80.5735,23.1757,2.6099],[-80.5721,23.176,2.6099]]],
[[[-80.556,23.1787,1.0107],[-80.5587,23.1804,0.4917],[-80.5565,23.1763,0.0],[-80.5546,23.1771,0.0],[-80.556,23.1787,1.0107]]],
[[[-80.5743,23.1829,1.5742],[-80.5749,23.1846,0.8078],[-80.576,23.1821,1.5742],[-80.5751,23.1818,0.0],[-80.5743,23.1829,1.5742]]],
[[[-80.6385,23.1782,0.0],[-80.6374,23.1799,0.0],[-80.6404,23.1799,1.5563],[-80.6418,23.1774,1.1755],[-80.6401,23.1774,1.1755],[-80.6385,23.1782,0.0]]],
[[[-80.659,23.1837,0.7741],[-80.6585,23.1868,3.5336],[-80.6649,23.184,0.0],[-80.6615,23.1826,0.4523],[-80.659,23.1837,0.7741]]],
[[[-80.6068,23.1876,0.3654],[-80.6068,23.1896,0.8164],[-80.6113,23.1885,0.0],[-80.611,23.1854,0.6807],[-80.609,23.1843,0.6807],[-80.6118,23.181,0.0],[-80.6082,23.1826,0.8516],[-80.6068,23.1876,0.3654]]],
[[[-80.6182,23.189,2.1787],[-80.6174,23.1907,0.0],[-80.6196,23.189,0.9764],[-80.619,23.184,0.2794],[-80.6176,23.1851,0.2794],[-80.619,23.1863,0.274],[-80.6182,23.189,2.1787]]],
[[[-80.6146,23.2218,3.4588],[-80.6196,23.2224,0.5291],[-80.6268,23.215699999999998,1.1894],[-80.6243,23.2101,2.8991],[-80.6271,23.2118,1.679],[-80.6293,23.211,1.4251],[-80.6304,23.214,0.492],[-80.6343,23.2154,3.6466],[-80.6385,23.2154,0.7854],[-80.6388,23.2121,2.4094],[-80.6404,23.2168,2.3668],[-80.6465,23.2168,3.0283],[-80.6471,23.2138,4.6251],[-80.6438,23.2115,0.7494],[-80.6432,23.2088,1.995],[-80.6413,23.2124,1.121],[-80.639,23.211,0.9374],[-80.6429,23.2029,0.0],[-80.6382,23.2068,1.7256],[-80.6346,23.2062,0.8739],[-80.6346,23.2079,0.8351],[-80.6379,23.2107,0.9374],[-80.6368,23.2121,3.6246],[-80.6315,23.211,2.9065],[-80.6304,23.209,0.8342],[-80.6279,23.2099,0.7771],[-80.6232,23.2068,1.4513],[-80.6268,23.201,0.5321],[-80.6218,23.204,2.0124],[-80.6221,23.1996,0.2707],[-80.6182,23.1988,1.5553],[-80.6193,23.2024,1.5956],[-80.6179,23.2079,0.9161],[-80.621,23.209,0.0],[-80.6193,23.2138,2.1054],[-80.6143,23.2126,1.6855],[-80.6129,23.209,0.546],[-80.6087,23.2115,1.2966],[-80.6076,23.209,0.0],[-80.6071,23.211,1.2966],[-80.6096,23.2132,1.3889],[-80.6124,23.2107,1.0248],[-80.6137,23.2138,0.0],[-80.6185,23.2154,3.3975],[-80.6188,23.2174,0.5262],[-80.619,23.2154,3.3975],[-80.6207,23.2151,2.1054],[-80.621,23.2171,2.2821],[-80.619,23.2193,2.1464],[-80.6157,23.2196,2.3042],[-80.6126,23.2149,0.9293],[-80.609,23.2138,2.0952],[-80.6057,23.2154,1.9027],[-80.6007,23.2088,1.1088],[-80.6032,23.2096,0.0],[-80.606,23.2051,0.5129],[-80.6049,23.201,0.0],[-80.6018,23.2007,0.956],[-80.6029,23.1982,1.9279],[-80.6068,23.1988,0.3396],[-80.6076,23.1971,0.3821],[-80.6062,23.1932,0.5721],[-80.6043,23.194,1.0374],[-80.6065,23.191,0.7289],[-80.6057,23.186,0.8662],[-80.6026,23.1876,0.4868],[-80.5979,23.1946,0.5093],[-80.5896,23.196,0.3329],[-80.5979,23.1865,1.8747],[-80.5979,23.1854,0.0],[-80.596,23.1868,0.2396],[-80.5926,23.1863,1.7653],[-80.5954,23.1793,1.3571],[-80.5907,23.1815,0.6765],[-80.5915,23.1832,1.8],[-80.5879,23.1871,2.938],[-80.5843,23.186,0.1553],[-80.5813,23.189,2.0412],[-80.5815,23.1924,1.3781],[-80.5832,23.1938,0.9476],[-80.5765,23.1926,0.8653],[-80.5751,23.1938,0.8876],[-80.5757,23.1854,0.8078],[-80.5726,23.1863,1.092],[-80.571,23.1851,0.2487],[-80.5687,23.1926,3.133],[-80.5665,23.1935,0.0],[-80.5615,23.1904,1.0605],[-80.5643,23.1846,1.1009],[-80.566,23.1849,1.0723],[-80.5649,23.1868,0.7481],[-80.569,23.1849,0.2274],[-80.566,23.176,0.0],[-80.571,23.1715,0.0],[-80.571,23.1696,0.0],[-80.5701,23.1685,0.0],[-80.5682,23.1693,0.484],[-80.5671,23.1649,0.0],[-80.5657,23.1654,0.0],[-80.5654,23.1712,0.5033],[-80.5629,23.1707,0.5621],[-80.5638,23.1743,1.2811],[-80.561,23.1765,0.4341],[-80.5629,23.1785,1.6982],[-80.5624,23.1826,1.3234],[-80.5587,23.1824,0.7704],[-80.559,23.1846,1.0659],[-80.5568,23.1843,1.0151],[-80.5554,23.186,2.0138],[-80.5543,23.1837,0.8123],[-80.5501,23.1835,1.8821],[-80.5521,23.1813,0.7912],[-80.5499,23.1807,1.952],[-80.5468,23.184,0.841],[-80.5476,23.1849,1.0375],[-80.5488,23.1837,1.1551],[-80.5485,23.1854,1.0375],[-80.5451,23.189,1.6426],[-80.5387,23.1868,3.5484],[-80.5396,23.1846,2.2836],[-80.5424,23.1849,0.4908],[-80.5421,23.1804,0.4155],[-80.5357,23.1846,0.0],[-80.5338,23.1837,0.3037],[-80.5354,23.181,0.6769],[-80.531,23.1818,0.8327],[-80.5312,23.1785,0.8422],[-80.5282,23.1807,1.6016],[-80.5254,23.1796,0.2185],[-80.5257,23.1774,0.8088],[-80.5271,23.1776,2.4172],[-80.5271,23.1796,1.8174],[-80.5285,23.1793,1.8174],[-80.5274,23.1763,1.5233],[-80.5221,23.1768,1.1001],[-80.5212,23.1721,1.1203],[-80.5232,23.1735,0.5959],[-80.5235,23.1701,0.777],[-80.5265,23.1721,0.0],[-80.5301,23.1704,1.626],[-80.5279,23.1699,0.6532],[-80.5279,23.1671,0.1904],[-80.5237,23.1654,1.5277],[-80.5237,23.1599,0.4245],[-80.521,23.1607,0.6498],[-80.5226,23.1624,1.495],[-80.5221,23.1649,1.8131],[-80.5182,23.1643,0.3144],[-80.5179,23.1688,1.1837],[-80.5221,23.1668,1.8019],[-80.5229,23.1693,0.777],[-80.5215,23.1685,0.7679],[-80.5182,23.1704,1.1837],[-80.5171,23.1688,1.1837],[-80.5163,23.1738,0.3362],[-80.5121,23.174,2.9176],[-80.5126,23.1721,0.2142],[-80.5088,23.1693,0.803],[-80.5099,23.166,1.1336],[-80.5135,23.1654,1.1594],[-80.5146,23.1629,0.9834],[-80.5171,23.1632,0.1677],[-80.5135,23.1604,0.0],[-80.5076,23.1601,0.0],[-80.5068,23.1621,1.9929],[-80.4993,23.1649,0.7182],[-80.4974,23.1643,2.1608],[-80.4968,23.1621,2.2221],[-80.4901,23.1638,2.0734],[-80.4863,23.1679,0.0],[-80.4868,23.1701,1.8743],[-80.4837,23.1696,0.0],[-80.4815,23.1718,2.1393],[-80.4765,23.169,3.9903],[-80.4768,23.1668,2.2826],[-80.4904,23.1615,0.0],[-80.496,23.1571,0.0],[-80.506,23.1563,1.9618],[-80.5021,23.1535,0.0],[-80.4871,23.161,1.3824],[-80.4785,23.1621,1.2208],[-80.4687,23.1693,0.0],[-80.4682,23.1738,0.0],[-80.4696,23.1774,1.0557],[-80.4765,23.1887,1.8365],[-80.4774,23.2057,1.4227],[-80.4796,23.2079,0.3144],[-80.4874,23.206,4.7521],[-80.4901,23.2068,0.0],[-80.4921,23.204,0.0],[-80.4885,23.2029,4.4608],[-80.4824,23.1954,0.8486],[-80.4832,23.1879,3.6083],[-80.5065,23.1771,0.0],[-80.5124,23.1774,1.2957],[-80.5179,23.1796,0.991],[-80.5182,23.1813,0.6145],[-80.5249,23.1863,1.2266],[-80.5385,23.1901,2.5787],[-80.5393,23.1938,0.637],[-80.5437,23.1963,4.6695],[-80.5451,23.1993,0.6521],[-80.5571,23.1963,0.9966],[-80.5682,23.1974,0.0],[-80.5699,23.1957,0.7676],[-80.5738,23.196,0.0],[-80.5779,23.1985,1.2135],[-80.5807,23.1951,1.1188],[-80.5793,23.2004,2.3539],[-80.5918,23.2021,0.6771],[-80.5915,23.2062,1.2751],[-80.5996,23.2199,2.7411],[-80.5982,23.2207,1.739],[-80.5949,23.219,1.8787],[-80.5943,23.2218,0.0],[-80.5985,23.221,1.739],[-80.6029,23.2224,0.0],[-80.606,23.2174,1.4005],[-80.6115,23.2188,3.4081],[-80.6146,23.2218,3.4588]]],
[[[-80.6137,23.2018,0.0],[-80.6132,23.2068,0.0],[-80.6143,23.2071,0.0],[-80.6165,23.2024,0.7002],[-80.6137,23.2018,0.0]]],
[[[-80.6654,23.2138,1.0298],[-80.6679,23.2149,2.8341],[-80.6712,23.2118,1.1142],[-80.6704,23.2088,2.9652],[-80.6685,23.2082,0.9798],[-80.6687,23.2062,0.8368],[-80.6724,23.2062,0.7258],[-80.6721,23.2096,0.7367],[-80.6757,23.2093,0.5666],[-80.6757,23.2015,0.0],[-80.6738,23.2012,0.5224],[-80.6754,23.2001,0.0],[-80.6754,23.1971,0.0],[-80.6718,23.2024,1.4839],[-80.6715,23.1999,1.658],[-80.6685,23.2021,0.3403],[-80.6671,23.2068,0.6637],[-80.6649,23.2062,0.3982],[-80.6615,23.2088,1.5459],[-80.6601,23.2124,0.0],[-80.6615,23.2113,2.1863],[-80.6654,23.2138,1.0298]]],
[[[-80.6285,23.214,0.8557],[-80.6276,23.216,0.7143],[-80.6288,23.2171,0.0],[-80.6293,23.2154,0.8557],[-80.6285,23.214,0.8557]]],
[[[-81.006,23.1082,3.7738],[-81.006,23.1101,1.369],[-81.009,23.1087,0.0],[-81.0079,23.1074,1.0733],[-81.006,23.1082,3.7738]]],
[[[-81.0018,23.1107,0.0],[-81.0032,23.1132,0.0],[-81.0046,23.1129,1.3168],[-81.0035,23.1087,0.0],[-81.0018,23.109,0.0],[-81.0018,23.1107,0.0]]],
[[[-81.0065,23.1107,4.9357],[-81.006,23.1121,1.3168],[-81.0076,23.1126,0.8086],[-81.0107,23.1113,0.0],[-81.0093,23.1099,0.0],[-81.0065,23.1107,4.9357]]],
[[[-81.0068,23.1171,1.965],[-81.0088,23.1185,2.1229],[-81.0135,23.1168,2.0879],[-81.0143,23.1135,0.0],[-81.0093,23.1135,0.0],[-81.0068,23.1171,1.965]]],
[[[-80.9826,23.1871,0.3611],[-80.9865,23.1882,0.2581],[-80.994,23.1868,0.0],[-80.9957,23.1837,0.0],[-80.9943,23.1807,0.0],[-80.9871,23.1774,0.1532],[-80.9874,23.174,0.2856],[-80.9849,23.1715,0.0],[-80.9793,23.1743,0.0],[-80.9826,23.1871,0.3611]]],
[[[-80.9207,23.1846,0.8959],[-80.9201,23.186,1.0235],[-80.9232,23.1857,0.7644],[-80.9218,23.1799,0.0],[-80.921,23.1807,0.5355],[-80.9207,23.1846,0.8959]]],
[[[-80.8737,23.1863,0.0],[-80.876,23.1871,0.0],[-80.8743,23.1829,0.2175],[-80.8729,23.1835,0.2175],[-80.8737,23.1863,0.0]]],
[[[-80.9179,23.1874,0.5674],[-80.9135,23.1876,0.1927],[-80.9121,23.1901,0.2481],[-80.9165,23.1893,0.2771],[-80.9179,23.1874,0.5674]]],
[[[-81.1118,23.1799,2.3695],[-81.1121,23.1832,1.3383],[-81.114,23.1835,1.4596],[-81.1237,23.1807,0.0],[-81.1251,23.1787,0.3866],[-81.1224,23.1768,0.0],[-81.1132,23.1765,0.0],[-81.1118,23.1799,2.3695]]],
[[[-81.1099,23.1801,0.0],[-81.109,23.1815,0.0],[-81.1093,23.1824,0.0],[-81.111,23.1813,0.0],[-81.1099,23.1801,0.0]]],
[[[-81.0524,23.1807,2.673],[-81.0518,23.1829,1.7561],[-81.0535,23.1837,0.6726],[-81.0565,23.1826,0.0],[-81.0576,23.1801,0.0],[-81.0532,23.1793,0.0],[-81.0524,23.1807,2.673]]],
[[[-81.1193,23.1857,0.0],[-81.1188,23.1876,0.0],[-81.1246,23.1868,0.0],[-81.124,23.1854,0.0],[-81.1193,23.1857,0.0]]],
[[[-80.8965,23.194,2.0268],[-80.896,23.196,1.3885],[-80.9007,23.1935,1.4138],[-80.9001,23.1885,1.4307],[-80.8985,23.1868,0.0],[-80.8935,23.1876,2.1732],[-80.891,23.1907,1.5879],[-80.8915,23.1924,0.0],[-80.8962,23.1921,0.2929],[-80.8965,23.194,2.0268]]],
[[[-81.0121,23.1988,0.0],[-81.0124,23.2007,0.747],[-81.014,23.201,0.747],[-81.0165,23.1963,0.0],[-81.0113,23.1957,1.1302],[-81.0121,23.1988,0.0]]],
[[[-80.9293,23.199,2.5612],[-80.9287,23.2012,1.7928],[-80.9307,23.2021,0.0],[-80.9315,23.1993,0.4467],[-80.9293,23.199,2.5612]]],
[[[-80.9115,23.2024,1.4477],[-80.9157,23.2032,1.5591],[-80.9157,23.1982,0.9472],[-80.9112,23.2012,1.4733],[-80.9115,23.2024,1.4477]]],
[[[-80.8863,23.2043,2.9985],[-80.8851,23.2057,0.0],[-80.8882,23.2054,2.9964],[-80.8879,23.2038,2.9964],[-80.8863,23.2043,2.9985]]],
[[[-80.8671,23.2093,0.0],[-80.866,23.2093,0.0],[-80.8643,23.2115,0.0],[-80.8674,23.2115,0.0],[-80.8671,23.2093,0.0]]],
[[[-81.0157,23.2143,0.0],[-81.016,23.2232,0.0],[-81.0171,23.2232,0.0],[-81.0188,23.2199,1.905],[-81.0338,23.2121,0.0],[-81.0349,23.2079,0.8546],[-81.0401,23.2049,1.2898],[-81.0404,23.2015,0.87],[-81.0379,23.2004,0.0],[-81.0296,23.2021,0.667],[-81.0315,23.2038,2.9297],[-81.0271,23.2088,8.1218],[-81.0221,23.2088,0.7834],[-81.019,23.2129,6.1668],[-81.0157,23.2143,0.0]]],
[[[-80.9601,23.2313,0.0],[-80.9635,23.2326,0.0],[-80.961,23.226,0.0],[-80.9599,23.2268,0.0],[-80.9601,23.2313,0.0]]],
[[[-81.0301,23.1976,0.9119],[-81.031,23.1993,1.1145],[-81.0371,23.1985,0.0],[-81.0346,23.1957,1.7965],[-81.0318,23.1957,0.9521],[-81.0301,23.1976,0.9119]]],
[[[-81.1168,23.2438,0.0],[-81.1212,23.2443,0.0],[-81.1218,23.2457,0.0],[-81.1232,23.2443,1.021],[-81.126,23.2449,0.0],[-81.1212,23.241,0.0],[-81.1168,23.2438,0.0]]],
[[[-81.0879,23.2649,0.0],[-81.0882,23.2668,0.0],[-81.0912,23.2665,0.0],[-81.091,23.2643,0.0],[-81.0879,23.2649,0.0]]],
[[[-80.9974,23.2551,1.1235],[-81.0024,23.2563,1.0078],[-81.0043,23.254,0.0],[-81.0062,23.2401,0.0],[-81.011,23.2304,0.6292],[-81.0107,23.2279,0.0],[-81.014,23.2243,6.3033],[-81.0115,23.2204,0.0],[-81.0043,23.2221,5.4039],[-81.0032,23.2265,1.5786],[-81.0013,23.2279,1.8546],[-81.0029,23.2304,5.0031],[-81.0021,23.2318,4.2469],[-80.9996,23.2324,3.8731],[-80.9982,23.2304,0.0],[-80.9957,23.2315,0.0],[-80.9962,23.2424,3.849],[-80.9924,23.2449,2.4309],[-80.991,23.2507,2.9539],[-80.9924,23.2529,3.9077],[-80.9949,23.2529,4.5471],[-80.9974,23.2551,1.1235]]],
[[[-80.971,23.2401,0.0],[-80.9701,23.2429,0.0],[-80.9724,23.2432,0.5338],[-80.9729,23.2379,0.2194],[-80.9713,23.2351,0.0],[-80.9679,23.2349,0.0],[-80.9671,23.2399,0.7646],[-80.9704,23.2374,0.6871],[-80.971,23.2401,0.0]]],
[[[-80.9821,23.2415,4.9304],[-80.984,23.2449,1.2333],[-80.9868,23.2407,1.7558],[-80.9849,23.2374,0.7982],[-80.9807,23.2354,0.0],[-80.9782,23.2393,0.0],[-80.9821,23.2415,4.9304]]],
[[[-80.956,23.2485,3.1856],[-80.9571,23.2507,0.0],[-80.959,23.2504,0.0],[-80.9574,23.2488,1.3491],[-80.9571,23.2426,0.0],[-80.959,23.2415,1.2703],[-80.9612,23.2435,0.0],[-80.9604,23.2412,1.2703],[-80.9629,23.241,0.6407],[-80.9607,23.2374,0.7364],[-80.9607,23.2337,1.3192],[-80.9571,23.2301,0.0],[-80.9546,23.2329,0.0],[-80.9596,23.2371,0.7364],[-80.956,23.2371,2.6765],[-80.9526,23.2349,0.0],[-80.9529,23.2371,1.1862],[-80.9499,23.239,0.0],[-80.9512,23.2446,0.5042],[-80.956,23.2485,3.1856]]],
[[[-80.8018,23.1982,0.0],[-80.7999,23.1979,0.0],[-80.7999,23.1993,1.0452],[-80.8026,23.1999,0.3621],[-80.8018,23.1982,0.0]]],
[[[-80.8624,23.2049,2.6448],[-80.8643,23.206,0.4485],[-80.8651,23.2035,4.2986],[-80.8685,23.2026,0.0],[-80.8674,23.1976,0.0],[-80.8568,23.1921,0.7705],[-80.8571,23.1985,0.0],[-80.8624,23.2007,2.6618],[-80.8624,23.2049,2.6448]]],
[[[-80.6768,23.2054,0.0],[-80.6779,23.2088,0.1753],[-80.6813,23.2088,0.0],[-80.6832,23.2065,1.4101],[-80.6787,23.2007,0.5536],[-80.6768,23.2018,0.0],[-80.6768,23.2054,0.0]]],
[[[-80.8296,23.2046,1.2005],[-80.8282,23.2043,0.0],[-80.8282,23.2074,0.0],[-80.831,23.2057,2.3816],[-80.8296,23.2046,1.2005]]],
[[[-80.8557,23.2071,0.0],[-80.8554,23.2082,0.0],[-80.8599,23.2088,0.0],[-80.859,23.2062,0.1069],[-80.8568,23.2057,0.3999],[-80.8557,23.2071,0.0]]],
[[[-80.8354,23.2232,1.7937],[-80.8393,23.2246,0.7634],[-80.846,23.2232,0.2121],[-80.8468,23.2201,0.6882],[-80.8437,23.219,0.3653],[-80.8443,23.2138,0.147],[-80.8471,23.2126,0.0],[-80.8468,23.2085,0.1262],[-80.8476,23.2099,0.2307],[-80.8499,23.2093,0.0],[-80.8507,23.2115,0.0],[-80.8507,23.206,0.0],[-80.8479,23.206,0.0],[-80.8388,23.211,0.0],[-80.8365,23.2143,0.3295],[-80.8337,23.2149,0.3136],[-80.8326,23.209,0.8147],[-80.829,23.2118,0.2793],[-80.826,23.2104,0.0],[-80.8218,23.2113,0.5461],[-80.8213,23.2071,0.0],[-80.8187,23.204,1.5383],[-80.819,23.2026,0.4088],[-80.821,23.2032,0.0],[-80.8207,23.1993,0.7045],[-80.8179,23.2024,0.887],[-80.8168,23.2007,0.3292],[-80.8151,23.2015,0.3292],[-80.8118,23.1976,0.1308],[-80.811,23.201,0.2864],[-80.814,23.2015,0.0],[-80.8138,23.2062,0.2892],[-80.8082,23.2049,0.1135],[-80.8079,23.2018,1.7836],[-80.8099,23.2001,1.2255],[-80.8087,23.1985,0.432],[-80.806,23.2024,0.4648],[-80.8071,23.2035,0.6682],[-80.8063,23.2057,0.0],[-80.8029,23.2049,0.0],[-80.8029,23.2062,0.1376],[-80.7962,23.2068,1.0894],[-80.7957,23.2046,0.747],[-80.7979,23.2035,1.7081],[-80.7993,23.1988,1.0452],[-80.7965,23.2026,1.7081],[-80.7935,23.2024,1.4018],[-80.7951,23.1971,0.8897],[-80.7871,23.1918,0.0],[-80.786,23.1938,0.0],[-80.789,23.1954,0.0937],[-80.7913,23.2001,2.1799],[-80.7893,23.2035,0.8391],[-80.7885,23.2035,0.8391],[-80.7893,23.201,0.0],[-80.7874,23.2024,1.0678],[-80.784,23.1974,0.0],[-80.784,23.2032,0.4464],[-80.7796,23.204,1.1762],[-80.7812,23.2024,0.3788],[-80.7796,23.201,0.639],[-80.7776,23.2046,2.4949],[-80.7763,23.1968,0.0],[-80.7751,23.1968,0.0],[-80.7743,23.2024,2.4533],[-80.771,23.2004,0.0],[-80.766,23.2054,0.322],[-80.7688,23.2079,0.1278],[-80.776,23.2085,1.9619],[-80.7851,23.2076,0.5583],[-80.7871,23.2057,0.7257],[-80.7854,23.2093,0.0],[-80.7876,23.2113,0.0],[-80.7951,23.2101,2.1274],[-80.8129,23.2138,0.0],[-80.8354,23.2232,1.7937]]],
[[[-80.8518,23.2176,0.1761],[-80.8493,23.2182,0.0],[-80.8482,23.2204,0.0],[-80.8535,23.2185,0.3368],[-80.8518,23.2176,0.1761]]],
[[[-80.9018,23.2751,4.0105],[-80.9026,23.2776,0.0],[-80.9126,23.2757,0.0],[-80.9271,23.2654,2.9943],[-80.9365,23.2635,5.1171],[-80.9493,23.2646,0.0],[-80.9488,23.2596,0.0],[-80.9463,23.2565,0.0],[-80.9415,23.256,0.9293],[-80.9399,23.2543,0.7847],[-80.9301,23.2551,0.0],[-80.9204,23.2524,1.4371],[-80.9115,23.2482,0.0],[-80.9107,23.2451,0.8599],[-80.9124,23.2449,0.7038],[-80.9129,23.2474,0.0],[-80.9196,23.251,1.3466],[-80.9301,23.2532,2.2895],[-80.9388,23.2521,0.0],[-80.9376,23.2499,1.5326],[-80.9401,23.2488,0.9164],[-80.9443,23.2521,0.0],[-80.9449,23.2485,0.7994],[-80.9479,23.2463,0.8422],[-80.9476,23.2524,4.7459],[-80.9451,23.2518,0.0],[-80.9443,23.2532,0.0],[-80.9496,23.2582,2.1167],[-80.9499,23.2521,2.8769],[-80.9515,23.2518,1.6412],[-80.951,23.2474,0.0],[-80.9465,23.2451,0.0],[-80.9488,23.2429,0.3624],[-80.9482,23.241,0.0],[-80.9468,23.2424,1.1271],[-80.9454,23.2415,0.0],[-80.946,23.2326,0.0],[-80.9443,23.2315,3.0138],[-80.944,23.2279,0.0],[-80.9374,23.2282,0.0],[-80.9329,23.2257,1.0851],[-80.934,23.2293,0.5445],[-80.9326,23.2332,0.8195],[-80.9301,23.2329,0.0],[-80.931,23.2351,0.4614],[-80.9274,23.2307,2.2033],[-80.9226,23.2337,0.0],[-80.9226,23.236,0.0],[-80.924,23.2357,1.1182],[-80.9229,23.2368,0.0],[-80.9238,23.2401,0.0],[-80.9279,23.2418,2.9959],[-80.9318,23.2468,0.8911],[-80.934,23.2474,0.0],[-80.9337,23.249,1.0191],[-80.9279,23.244,0.5784],[-80.9221,23.2449,0.0],[-80.9196,23.241,0.0],[-80.9168,23.2412,0.2524],[-80.9151,23.2335,0.0],[-80.9093,23.2343,0.0],[-80.9115,23.236,3.3246],[-80.9101,23.239,0.1768],[-80.9057,23.2326,0.64],[-80.904,23.2346,1.4472],[-80.9043,23.2393,1.904],[-80.9021,23.241,1.7336],[-80.9018,23.2435,4.145],[-80.9001,23.2435,0.7535],[-80.8985,23.2424,1.6622],[-80.8985,23.2396,0.0],[-80.896,23.2393,0.4695],[-80.8951,23.2365,0.0],[-80.8929,23.2363,3.5274],[-80.8932,23.2332,0.0],[-80.8913,23.2335,0.0],[-80.8863,23.2296,0.0],[-80.8807,23.2337,0.0],[-80.8757,23.2326,0.2478],[-80.8788,23.2299,0.0],[-80.8793,23.2268,0.0],[-80.8779,23.2293,0.8863],[-80.8768,23.226,0.5161],[-80.8746,23.2296,4.2183],[-80.8735,23.2285,0.7467],[-80.8701,23.2315,2.0356],[-80.8696,23.2276,1.5757],[-80.8729,23.2263,0.175],[-80.8737,23.2226,0.7388],[-80.8704,23.226,0.3199],[-80.8665,23.2265,0.0],[-80.866,23.2254,2.1639],[-80.8618,23.2279,1.4513],[-80.8637,23.2254,1.6944],[-80.8676,23.2237,0.7475],[-80.8707,23.2246,0.0],[-80.8668,23.2221,0.7475],[-80.8729,23.2185,0.0],[-80.8732,23.2154,0.0],[-80.8607,23.2171,3.0489],[-80.8465,23.2229,0.2121],[-80.8454,23.2279,0.0],[-80.8529,23.2285,3.4367],[-80.8637,23.2351,0.9556],[-80.8629,23.2368,0.0],[-80.8662,23.236,1.6744],[-80.8654,23.2435,0.0],[-80.8679,23.249,1.8643],[-80.8662,23.2535,0.0],[-80.8696,23.2532,1.8735],[-80.8729,23.2554,1.4681],[-80.8743,23.2543,1.4681],[-80.8735,23.2532,1.8889],[-80.8779,23.2507,0.0],[-80.8788,23.2485,2.142],[-80.8887,23.2471,0.0],[-80.8899,23.2443,1.8414],[-80.8907,23.2476,0.0],[-80.8957,23.2504,3.7502],[-80.8968,23.2565,0.0],[-80.901,23.2626,0.0],[-80.9018,23.2751,4.0105]]],
[[[-80.9782,23.2585,5.8641],[-80.9821,23.2601,0.4162],[-80.9779,23.2538,1.469],[-80.9751,23.2526,3.0006],[-80.9765,23.2496,3.2745],[-80.979,23.2532,0.0],[-80.9804,23.2526,0.0],[-80.9776,23.2485,0.0],[-80.9788,23.241,0.0],[-80.9757,23.2424,0.7984],[-80.9765,23.2457,5.4992],[-80.9724,23.2457,2.9428],[-80.971,23.2479,2.5165],[-80.9671,23.249,3.4304],[-80.9671,23.2504,3.4304],[-80.9687,23.2501,3.4304],[-80.9676,23.2518,1.0517],[-80.9715,23.2512,7.8658],[-80.9726,23.254,1.9599],[-80.9782,23.2585,5.8641]]],
[[[-80.9629,23.259,0.0],[-80.9668,23.2604,0.5355],[-80.9646,23.2576,0.6449],[-80.9668,23.2554,0.0],[-80.9707,23.2571,0.0],[-80.9729,23.2563,0.0],[-80.9713,23.2543,1.9599],[-80.9638,23.2554,0.0],[-80.964,23.2543,0.0],[-80.9612,23.2543,1.5227],[-80.9604,23.2524,1.0034],[-80.959,23.2551,1.0254],[-80.954,23.2535,0.0],[-80.9535,23.2571,0.3194],[-80.9629,23.259,0.0]]],
[[[-80.704,23.1876,2.398],[-80.7057,23.1907,0.6545],[-80.706,23.184,0.0],[-80.7024,23.1824,2.5865],[-80.7024,23.1849,1.9874],[-80.704,23.1876,2.398]]],
[[[-80.7363,23.1968,1.2424],[-80.7396,23.1979,0.0],[-80.739,23.1949,0.0],[-80.7418,23.1935,0.2018],[-80.7399,23.1915,0.7293],[-80.741,23.1896,0.0],[-80.7393,23.1865,0.0996],[-80.7418,23.184,0.825],[-80.7374,23.1785,0.0],[-80.7354,23.1799,3.1841],[-80.7349,23.184,2.0242],[-80.731,23.1863,0.1908],[-80.7318,23.1899,0.0],[-80.7371,23.191,1.1665],[-80.7346,23.1949,0.8224],[-80.7363,23.1968,1.2424]]],
[[[-80.724,23.1938,0.0],[-80.7249,23.1951,0.21],[-80.7262,23.1949,0.21],[-80.7251,23.1921,0.3047],[-80.724,23.1938,0.0]]],
[[[-80.7835,23.1938,0.0],[-80.7832,23.1965,0.0],[-80.7846,23.1965,0.0],[-80.7854,23.1943,1.3288],[-80.7835,23.1938,0.0]]],
[[[-80.6749,23.189,0.4881],[-80.6782,23.1899,0.6646],[-80.6779,23.1882,0.0],[-80.676,23.189,0.4881],[-80.6765,23.1868,0.4742],[-80.6746,23.1874,2.2475],[-80.6732,23.1857,1.1773],[-80.6729,23.1865,1.1773],[-80.6749,23.189,0.4881]]],
[[[-80.6204,23.1957,0.0],[-80.6212,23.1971,0.1956],[-80.6226,23.1965,0.3869],[-80.6218,23.1926,0.3453],[-80.6229,23.1929,0.3453],[-80.624,23.1882,0.0],[-80.6235,23.1832,0.0],[-80.6232,23.1871,2.8641],[-80.6218,23.1874,2.8641],[-80.6196,23.1938,0.2201],[-80.6204,23.1957,0.0]]],
[[[-80.6363,23.1982,0.6135],[-80.6376,23.2001,0.3072],[-80.6382,23.1985,0.292],[-80.6415,23.1979,0.431],[-80.6387,23.1959,0.0],[-80.6415,23.1915,0.0],[-80.6379,23.1901,0.2497],[-80.6379,23.1887,0.0],[-80.6368,23.1901,0.5029],[-80.6343,23.1887,0.0],[-80.6329,23.1901,0.5066],[-80.6304,23.1857,0.3262],[-80.6276,23.1843,1.8934],[-80.6268,23.1882,0.2082],[-80.6307,23.1879,0.315],[-80.6315,23.1901,0.7896],[-80.6301,23.1924,0.6207],[-80.6332,23.194,0.5181],[-80.6324,23.1996,0.4661],[-80.6335,23.1976,0.5211],[-80.6363,23.1982,0.6135]]],
[[[-80.6487,23.194,0.0],[-80.6507,23.1957,0.0],[-80.6501,23.191,0.6702],[-80.6474,23.1913,0.0],[-80.6471,23.1932,0.0],[-80.6487,23.194,0.0]]],
[[[-80.7299,23.2043,0.0],[-80.7354,23.2054,0.0925],[-80.7374,23.1988,0.2298],[-80.7357,23.1976,0.1708],[-80.7312,23.1985,0.0],[-80.736,23.1993,0.4455],[-80.7318,23.2032,0.4885],[-80.7299,23.2001,0.0],[-80.7251,23.2012,0.9076],[-80.7237,23.199,0.0],[-80.7224,23.2001,0.0],[-80.7218,23.1968,0.0],[-80.716,23.1979,1.0267],[-80.7143,23.196,0.0],[-80.7129,23.1971,0.8757],[-80.711,23.1954,1.1725],[-80.7115,23.194,1.1725],[-80.709,23.1932,0.3862],[-80.7107,23.1879,0.2443],[-80.7087,23.1863,1.2167],[-80.7063,23.1974,0.0],[-80.7101,23.1999,0.279],[-80.7154,23.1988,0.0],[-80.716,23.2004,0.0],[-80.7196,23.2001,1.2237],[-80.7271,23.2043,0.4753],[-80.7299,23.2043,0.0]]],
[[[-80.7374,23.2032,0.4117],[-80.7371,23.2068,1.9041],[-80.7401,23.2062,0.5635],[-80.7401,23.2043,1.9469],[-80.746,23.2004,0.0],[-80.7465,23.1971,0.0],[-80.7476,23.1988,0.5421],[-80.7468,23.2024,0.0],[-80.7554,23.2012,0.4474],[-80.7607,23.2043,0.0],[-80.7649,23.2043,0.9921],[-80.7657,23.2018,1.5267],[-80.7685,23.2015,0.6972],[-80.7671,23.1988,1.468],[-80.7715,23.1915,0.2937],[-80.764,23.1951,0.0],[-80.7635,23.1976,0.0],[-80.754,23.1965,0.965],[-80.7538,23.1926,0.2893],[-80.7568,23.1899,0.3801],[-80.7568,23.1879,0.9732],[-80.7565,23.1865,0.5019],[-80.754,23.1863,0.6311],[-80.7543,23.1899,0.7396],[-80.7515,23.196,0.7385],[-80.7496,23.1968,0.2571],[-80.7487,23.1907,1.0837],[-80.7504,23.1879,0.5513],[-80.7485,23.1874,0.0],[-80.7449,23.194,0.8182],[-80.7404,23.1957,1.1931],[-80.7401,23.199,0.0],[-80.7374,23.2032,0.4117]]],
[[[-80.6849,23.201,0.9384],[-80.6843,23.2057,1.4101],[-80.6854,23.2065,0.7708],[-80.6915,23.201,2.3951],[-80.694,23.2018,2.296],[-80.7024,23.1996,0.8012],[-80.7046,23.1951,2.4136],[-80.7035,23.1893,1.8665],[-80.6996,23.1882,0.6887],[-80.6988,23.1899,0.0],[-80.7004,23.1918,1.5717],[-80.696,23.1918,0.5212],[-80.6937,23.1943,2.358],[-80.6924,23.1887,0.0],[-80.689,23.1882,0.0],[-80.6874,23.1893,3.4735],[-80.6876,23.1918,2.1666],[-80.6829,23.1954,0.0],[-80.6837,23.1985,3.6066],[-80.6862,23.1976,1.0704],[-80.6849,23.201,0.9384]]],
[[[-80.804,23.1982,0.0],[-80.8037,23.1999,0.3621],[-80.8076,23.1999,0.3247],[-80.8079,23.1963,0.5136],[-80.8063,23.1963,0.0],[-80.804,23.1982,0.0]]],
[[[-80.6257,23.1913,0.3856],[-80.6246,23.1913,0.082],[-80.6249,23.1963,0.164],[-80.6263,23.1951,0.39],[-80.6257,23.1913,0.3856]]],
[[[-80.6746,23.1932,0.0],[-80.6738,23.194,0.5026],[-80.674,23.1965,0.0],[-80.6757,23.1938,0.2784],[-80.6746,23.1932,0.0]]],
[[[-80.649,23.201,1.4319],[-80.6474,23.2026,0.0],[-80.6496,23.2026,0.0],[-80.6504,23.1996,0.0],[-80.649,23.201,1.4319]]],
[[[-80.654,23.2054,1.4837],[-80.6562,23.2079,0.0],[-80.6562,23.2018,2.0341],[-80.6585,23.2015,0.0],[-80.6588,23.1996,0.0],[-80.6513,23.2001,0.0],[-80.651,23.2038,0.7588],[-80.6524,23.2057,0.516],[-80.654,23.2054,1.4837]]]]}}