{"type":"Feature","properties":{"GID_1":"CUB.16_1","GID_0":"CUB","country":"Cuba","province":"VillaClara","VARNAME_1":"NA","NL_NAME_1":"NA","TYPE_1":"Provincia","ENGTYPE_1":"Province","CC_1":"NA","HASC_1":"CU.VC","ISO_1":"CU-05","name":"Villa_Clara.province"},
"geometry":{"type": "MultiPolygon","coordinates": [[[[-79.5371,22.1201,147.1452],[-79.5232,22.123,133.6789],[-79.5057,22.1356,120.6798],[-79.4991,22.1457,117.3898],[-79.4914,22.163,113.3802],[-79.4796,22.1976,104.0435],[-79.4742,22.2071,99.2016],[-79.4526,22.216,109.951],[-79.43,22.222,127.4681],[-79.4101,22.2199,144.3781],[-79.3799,22.2042,162.0849],[-79.3671,22.2035,206.8883],[-79.3603,22.2065,195.6837],[-79.3589,22.2136,237.5793],[-79.3627,22.2333,170.373],[-79.363,22.2472,170.613],[-79.357,22.2596,188.9853],[-79.357,22.2735,233.2878],[-79.3592,22.2761,239.7373],[-79.3793,22.2832,221.3969],[-79.3871,22.2875,236.9003],[-79.3951,22.2965,238.3611],[-79.3993,22.305,215.4806],[-79.4029,22.3265,141.3905],[-79.4101,22.344,121.2162],[-79.4145,22.3646,98.8124],[-79.4197,22.3775,94.6788],[-79.4324,22.3859,82.9668],[-79.4347,22.3932,89.2505],[-79.4348,22.4,80.5536],[-79.4214,22.4152,18.1192],[-79.4182,22.4232,12.2271],[-79.4187,22.4471,5.6753],[-79.4148,22.457,3.71],[-79.4088,22.4635,0.8902],[-79.4185,22.474,0.0],[-79.4238,22.4843,6.5716],[-79.4238,22.4888,1.9591],[-79.414,22.4901,0.0],[-79.4065,22.4946,0.0],[-79.3918,22.5129,0.0],[-79.376,22.5238,0.0],[-79.364,22.5382,0.0],[-79.3565,22.5421,0.0],[-79.3335,22.5421,0.0],[-79.3035,22.5465,0.0],[-79.2968,22.5446,0.0],[-79.2824,22.5349,0.0],[-79.2757,22.5343,0.0],[-79.2557,22.5413,0.0],[-79.2365,22.5438,0.0],[-79.2262,22.5476,0.1911],[-79.2249,22.5435,0.4429],[-79.229,22.5415,0.0],[-79.2299,22.5379,2.5646],[-79.2337,22.5368,0.3824],[-79.2199,22.5318,1.8549],[-79.2179,22.5251,0.0],[-79.2118,22.5263,1.6634],[-79.2032,22.5243,1.5104],[-79.1988,22.5276,3.0488],[-79.1935,22.5279,0.6752],[-79.1921,22.5326,1.367],[-79.1871,22.5326,0.5154],[-79.1857,22.5354,2.2598],[-79.1871,22.5396,0.697],[-79.1921,22.5379,0.9452],[-79.1949,22.539,0.7204],[-79.1937,22.5426,0.5907],[-79.1954,22.5454,0.0045],[-79.194,22.5471,0.0929],[-79.1974,22.5504,0.4974],[-79.1988,22.5585,0.0],[-79.2024,22.5663,0.6146],[-79.1921,22.5749,0.0],[-79.1899,22.5707,0.1134],[-79.189,22.5729,0.3968],[-79.1868,22.5718,0.1071],[-79.1865,22.5763,0.1781],[-79.1832,22.5757,0.148],[-79.184,22.5826,0.9478],[-79.1796,22.5757,0.4558],[-79.1799,22.5743,0.464],[-79.1829,22.5743,0.0],[-79.1818,22.5707,0.1652],[-79.1801,22.5735,0.0],[-79.1754,22.5718,0.0],[-79.1774,22.5793,0.5008],[-79.1743,22.576,0.0],[-79.1746,22.5799,0.2781],[-79.1696,22.5771,0.1416],[-79.1671,22.5743,0.3048],[-79.1682,22.5715,0.1662],[-79.1663,22.5707,0.6187],[-79.1632,22.5729,0.0],[-79.166,22.576,0.544],[-79.166,22.5785,0.1033],[-79.1671,22.576,0.368],[-79.1701,22.5782,0.1416],[-79.1682,22.5801,0.0],[-79.1607,22.5765,0.0],[-79.1626,22.574,0.0],[-79.1588,22.574,0.1961],[-79.1557,22.5774,0.2637],[-79.1521,22.5771,0.4888],[-79.1549,22.5732,0.0],[-79.1496,22.5757,0.1337],[-79.1487,22.5729,0.1191],[-79.1537,22.5696,0.3547],[-79.1454,22.5707,0.5394],[-79.1418,22.5649,0.6103],[-79.1501,22.5637,0.0],[-79.1526,22.5576,0.437],[-79.1474,22.5563,0.0],[-79.1471,22.5626,0.0],[-79.1418,22.5632,0.4458],[-79.1413,22.5599,0.0],[-79.1357,22.5579,0.2883],[-79.134,22.5529,0.4575],[-79.1315,22.5532,0.2049],[-79.129,22.5485,0.353],[-79.1235,22.5474,0.2958],[-79.1212,22.5438,0.972],[-79.1218,22.5424,0.731],[-79.1285,22.5424,0.0],[-79.1324,22.5438,0.0],[-79.1335,22.5401,0.0],[-79.1304,22.541,0.7228],[-79.119,22.5371,2.8019],[-79.1157,22.5379,1.1805],[-79.1143,22.5351,0.0],[-79.1085,22.5324,0.7404],[-79.099,22.5321,0.1981],[-79.0912,22.5299,0.0],[-79.0829,22.5304,0.0],[-79.0799,22.5329,0.721],[-79.0735,22.5326,1.4382],[-79.0665,22.5287,2.1171],[-79.0666,22.5248,1.3443],[-79.0646,22.5213,1.4094],[-79.0568,22.5207,0.0],[-79.0632,22.5265,0.8974],[-79.0629,22.5315,0.3881],[-79.0701,22.5321,0.5409],[-79.0738,22.5382,0.0],[-79.0746,22.5357,0.3044],[-79.0782,22.5365,0.0],[-79.0818,22.5329,2.6548],[-79.086,22.5351,0.0],[-79.0849,22.5382,0.4575],[-79.0885,22.5382,1.123],[-79.0896,22.5399,0.2267],[-79.0971,22.5349,0.2691],[-79.1038,22.534,0.1675],[-79.1087,22.5368,0.3727],[-79.1062,22.5404,0.0],[-79.1071,22.5432,0.2963],[-79.1104,22.5418,0.6796],[-79.111,22.5457,0.0],[-79.1157,22.5443,0.2995],[-79.1207,22.546,0.0],[-79.1232,22.5496,0.1287],[-79.1282,22.5507,0.0],[-79.1296,22.5535,0.2049],[-79.1276,22.5565,0.0],[-79.1276,22.5613,0.1184],[-79.1293,22.5649,0.0],[-79.1257,22.5665,0.0],[-79.124,22.5649,0.1431],[-79.1229,22.5668,0.0758],[-79.1296,22.5699,0.1179],[-79.1312,22.5818,0.3331],[-79.1371,22.5824,0.0],[-79.1401,22.5846,0.515],[-79.1446,22.5921,0.1947],[-79.1449,22.5968,0.1899],[-79.1396,22.6001,0.1837],[-79.1346,22.5999,0.2611],[-79.1285,22.5968,0.0],[-79.1304,22.6065,0.8979],[-79.1251,22.6126,0.6065],[-79.1217,22.6134,1.1413],[-79.1212,22.6157,0.0],[-79.1251,22.6176,1.0802],[-79.1188,22.6207,1.2109],[-79.1137,22.619,1.0511],[-79.1118,22.6207,0.9498],[-79.099,22.6065,0.0],[-79.0993,22.6043,0.2664],[-79.1012,22.6043,0.0],[-79.1029,22.6007,0.0],[-79.1132,22.5968,0.5638],[-79.114,22.5949,0.7562],[-79.0985,22.6004,0.0],[-79.0943,22.5976,0.0],[-79.091,22.6024,1.0322],[-79.0915,22.6051,0.6549],[-79.0885,22.6057,1.9158],[-79.0879,22.6107,0.53],[-79.0893,22.611,0.432],[-79.0904,22.6071,0.0],[-79.0937,22.6054,1.2562],[-79.0926,22.6029,0.7137],[-79.0949,22.6024,1.3223],[-79.0985,22.6101,0.0],[-79.0937,22.6176,0.0],[-79.0976,22.6174,0.0],[-79.0965,22.614,0.9716],[-79.1007,22.6096,0.3046],[-79.1007,22.6124,0.5592],[-79.1029,22.6132,0.2209],[-79.1015,22.619,0.0],[-79.1065,22.6221,0.7243],[-79.1038,22.6232,0.0],[-79.104,22.6257,0.4109],[-79.0893,22.6404,0.0],[-79.0857,22.639,0.6115],[-79.0813,22.6437,1.0984],[-79.0738,22.6432,0.0],[-79.0632,22.6526,1.8358],[-79.0626,22.649,0.8556],[-79.0596,22.6468,0.626],[-79.0612,22.646,0.626],[-79.0604,22.6424,0.9016],[-79.0604,22.6457,0.626],[-79.0565,22.6482,0.4608],[-79.0496,22.6479,0.6351],[-79.0465,22.6446,0.7887],[-79.0432,22.6465,1.5949],[-79.0415,22.651,1.8988],[-79.0376,22.6499,0.972],[-79.0343,22.6524,2.531],[-79.0268,22.6515,0.0],[-79.0237,22.649,0.7909],[-79.0215,22.6507,0.2342],[-79.0188,22.6501,0.0],[-79.019,22.646,0.0],[-79.0157,22.6446,0.0],[-79.0154,22.6474,1.8547],[-79.0132,22.6465,0.3776],[-79.0104,22.6493,1.2612],[-79.0104,22.6526,1.7784],[-79.0038,22.6551,0.8947],[-78.9971,22.654,5.59],[-78.9957,22.6474,1.0527],[-78.9938,22.6468,0.0],[-78.9938,22.6451,0.4476],[-78.9957,22.6432,2.8681],[-78.9946,22.636,3.5506],[-78.9974,22.6268,0.0],[-78.9929,22.6285,0.0],[-78.9912,22.6318,0.4553],[-78.9754,22.6318,0.6244],[-78.9746,22.6293,0.0],[-78.974,22.6329,0.3105],[-78.9774,22.6335,1.7581],[-78.9779,22.6351,1.0881],[-78.9737,22.6365,1.2197],[-78.9737,22.6399,1.5296],[-78.9724,22.6382,0.0],[-78.9668,22.6396,0.0],[-78.9618,22.646,2.7597],[-78.9576,22.6485,0.2821],[-78.9601,22.6571,0.0],[-78.9632,22.6618,3.8403],[-78.9699,22.6668,2.5586],[-78.9815,22.6668,1.6207],[-78.9871,22.6665,2.2612],[-78.9924,22.664,1.1418],[-79.0096,22.6632,3.842],[-79.0129,22.6601,4.0399],[-79.0537,22.6604,6.3117],[-79.0629,22.6624,0.86],[-79.0729,22.6671,0.0],[-79.0843,22.6673,0.7818],[-79.0876,22.6688,0.0],[-79.0899,22.6674,0.8203],[-79.0893,22.6657,1.4606],[-79.0915,22.6629,0.6075],[-79.086,22.6582,3.668],[-79.0871,22.656,0.0],[-79.0854,22.654,5.5496],[-79.0782,22.6529,3.4692],[-79.0776,22.6563,0.7687],[-79.0743,22.6571,3.1043],[-79.0749,22.6588,4.129],[-79.0732,22.6607,0.6483],[-79.0743,22.6621,5.634],[-79.0724,22.6624,5.3707],[-79.0674,22.6585,5.6935],[-79.069,22.6569,0.0],[-79.0687,22.6546,0.0],[-79.064,22.6526,0.0],[-79.0718,22.646,0.5144],[-79.074,22.6476,1.8167],[-79.0796,22.6463,1.6061],[-79.0815,22.6493,2.2424],[-79.079,22.651,1.6057],[-79.0846,22.6507,0.7983],[-79.0857,22.6521,0.0],[-79.0865,22.6482,0.3166],[-79.0896,22.6451,3.1116],[-79.0957,22.6463,1.0677],[-79.1012,22.6429,1.6918],[-79.109,22.6418,1.8025],[-79.1087,22.6401,1.1981],[-79.1026,22.6385,0.0],[-79.0968,22.6404,1.7621],[-79.094,22.6393,0.0],[-79.0946,22.6426,3.0576],[-79.0899,22.6407,2.716],[-79.1068,22.6246,0.3544],[-79.1087,22.6246,1.4082],[-79.1096,22.6265,0.9458],[-79.1043,22.6279,2.3376],[-79.106,22.6329,0.6406],[-79.114,22.6304,2.6292],[-79.1188,22.6315,2.6793],[-79.119,22.634,0.0],[-79.1235,22.6363,2.3322],[-79.1218,22.626,0.3612],[-79.1237,22.6257,2.0645],[-79.1246,22.629,0.0],[-79.1265,22.6249,2.1462],[-79.1304,22.626,1.7654],[-79.1312,22.6285,0.7718],[-79.1343,22.6285,0.0],[-79.1349,22.6257,1.402],[-79.1313,22.6246,1.1131],[-79.1279,22.6193,0.7799],[-79.1274,22.6168,2.0459],[-79.1299,22.6162,1.3049],[-79.1288,22.6182,0.3181],[-79.1315,22.6207,0.3495],[-79.1312,22.6226,0.4199],[-79.136,22.626,0.7929],[-79.1357,22.6296,2.0101],[-79.1335,22.6324,0.0],[-79.1349,22.6382,0.8246],[-79.1393,22.6387,4.49],[-79.1451,22.636,1.5693],[-79.1532,22.6371,0.0],[-79.1565,22.636,0.0],[-79.1526,22.6329,0.4652],[-79.1524,22.631,0.0],[-79.1535,22.6282,0.4989],[-79.1585,22.6257,0.0],[-79.1651,22.6249,5.4461],[-79.1732,22.6268,3.2604],[-79.1771,22.6213,0.0],[-79.1801,22.6221,0.0],[-79.1799,22.6251,0.0],[-79.1874,22.6251,1.0227],[-79.1957,22.6207,0.0],[-79.1904,22.6126,0.0],[-79.1926,22.609,0.0],[-79.1896,22.604,0.9281],[-79.1821,22.6035,0.6486],[-79.1804,22.6021,0.8041],[-79.1793,22.6035,0.8041],[-79.1687,22.604,1.0578],[-79.1682,22.6071,1.3088],[-79.1615,22.6074,0.779],[-79.1582,22.6101,0.0],[-79.1585,22.6146,2.3509],[-79.1465,22.6185,0.1472],[-79.146,22.6154,0.6601],[-79.1501,22.6132,0.9722],[-79.1504,22.6165,0.0],[-79.1537,22.6096,0.721],[-79.1568,22.6101,0.0],[-79.1549,22.6074,0.781],[-79.166,22.596,0.0],[-79.1685,22.596,-0.0024],[-79.1696,22.6026,0.0],[-79.1724,22.6024,1.05],[-79.1729,22.6001,0.9363],[-79.1746,22.5999,0.9363],[-79.1832,22.6026,0.0],[-79.1885,22.6007,0.0],[-79.1915,22.6071,0.0],[-79.1968,22.6057,0.2808],[-79.2001,22.6013,1.2539],[-79.2012,22.6032,0.3746],[-79.2035,22.601,1.1455],[-79.2026,22.606,3.8841],[-79.199,22.606,0.0],[-79.1976,22.6079,0.7057],[-79.2012,22.6126,0.6297],[-79.2051,22.6146,0.0],[-79.2187,22.6146,1.546],[-79.2229,22.6115,3.5786],[-79.2262,22.5965,0.0],[-79.2282,22.5935,3.0821],[-79.2274,22.5882,1.9327],[-79.2226,22.5865,1.3907],[-79.2162,22.5888,2.7397],[-79.2138,22.5918,0.0],[-79.2054,22.5938,0.5106],[-79.2035,22.5971,2.3589],[-79.2007,22.5976,1.1388],[-79.2029,22.5915,0.0],[-79.1988,22.5929,0.8276],[-79.1976,22.5951,0.3198],[-79.1971,22.5946,0.8826],[-79.1985,22.5932,0.8276],[-79.1979,22.5921,0.8276],[-79.1946,22.5932,0.1248],[-79.1935,22.5918,0.1525],[-79.1968,22.5912,0.6396],[-79.2004,22.5849,1.3561],[-79.2065,22.5829,0.9606],[-79.2051,22.5776,0.0],[-79.2024,22.5779,0.0],[-79.2021,22.5729,0.0],[-79.2001,22.5771,0.6],[-79.1974,22.5754,0.0],[-79.1949,22.5779,0.6378],[-79.1924,22.5751,0.0],[-79.2032,22.5665,0.6146],[-79.2063,22.569,0.2585],[-79.2076,22.5738,0.0],[-79.2087,22.5715,0.5793],[-79.2104,22.5724,1.1712],[-79.2082,22.5782,0.2829],[-79.2135,22.5801,2.1626],[-79.2193,22.5751,1.5378],[-79.2279,22.5713,0.5971],[-79.2293,22.5663,0.0],[-79.2332,22.5637,0.4959],[-79.2301,22.5582,0.2956],[-79.2318,22.5557,0.5371],[-79.2399,22.5549,0.9151],[-79.2412,22.5576,0.0],[-79.2426,22.5529,1.7343],[-79.2471,22.5526,0.0],[-79.2443,22.5485,0.9118],[-79.2415,22.5476,1.7843],[-79.2324,22.5518,0.2663],[-79.2274,22.5501,0.0],[-79.2276,22.5479,0.1911],[-79.2379,22.5443,0.0],[-79.2557,22.5421,0.0],[-79.269,22.5368,0.0],[-79.2676,22.5421,2.5604],[-79.2607,22.5426,0.0],[-79.2604,22.5496,0.5683],[-79.2624,22.5529,1.1425],[-79.2699,22.556,0.0],[-79.274,22.5549,1.6193],[-79.2782,22.5504,6.036],[-79.2824,22.5485,3.5363],[-79.2851,22.549,1.283],[-79.2868,22.5474,2.8047],[-79.2887,22.5424,0.0],[-79.2868,22.5382,2.1488],[-79.2965,22.5454,0.0],[-79.3035,22.5474,0.0],[-79.3335,22.5429,0.0],[-79.3576,22.5426,0.0],[-79.364,22.539,0.0],[-79.3749,22.5257,0.0],[-79.3901,22.5154,0.0],[-79.4068,22.4954,0.0],[-79.414,22.491,0.0],[-79.4232,22.4896,0.0],[-79.4251,22.494,0.0],[-79.4293,22.4974,1.4346],[-79.4307,22.5018,1.225],[-79.4365,22.5026,3.8008],[-79.4399,22.509,0.0],[-79.4493,22.5079,1.3173],[-79.4507,22.5098,3.1426],[-79.4529,22.5151,1.2846],[-79.4524,22.5174,0.6356],[-79.4496,22.5187,0.0],[-79.451,22.5207,1.3725],[-79.4482,22.5235,0.4021],[-79.4446,22.5232,0.56],[-79.4421,22.5268,0.0],[-79.446,22.5296,0.0],[-79.4437,22.5318,0.0],[-79.4446,22.5329,1.5687],[-79.446,22.531,0.0],[-79.4524,22.5287,3.3556],[-79.4551,22.524,0.0],[-79.4607,22.5226,2.2746],[-79.464,22.5235,3.0445],[-79.4668,22.5276,0.0],[-79.4704,22.5287,1.4694],[-79.4768,22.528199999999998,1.0479],[-79.4774,22.5254,3.6057],[-79.4793,22.5243,1.5871],[-79.4851,22.5254,5.1282],[-79.4887,22.5318,1.0487],[-79.4871,22.5365,0.0],[-79.4807,22.5371,0.0],[-79.4796,22.5399,1.0245],[-79.4771,22.541,2.1802],[-79.471,22.5413,0.0],[-79.4685,22.5457,0.0],[-79.4735,22.549,0.0],[-79.4821,22.5499,11.5488],[-79.4854,22.5526,0.0],[-79.494,22.5435,1.8009],[-79.501,22.5413,0.0],[-79.499,22.5399,0.0],[-79.4904,22.5424,2.5964],[-79.489,22.539,2.5534],[-79.4918,22.5329,1.0388],[-79.4974,22.5335,2.9026],[-79.4996,22.5257,1.3201],[-79.5015,22.5249,2.1043],[-79.5051,22.528199999999998,2.1365],[-79.5079,22.5343,0.0],[-79.5079,22.5368,0.0],[-79.5049,22.5404,1.126],[-79.5101,22.5376,3.5902],[-79.5129,22.5379,1.7603],[-79.5226,22.5446,1.0322],[-79.5268,22.5496,2.9932],[-79.529,22.5563,1.1588],[-79.5332,22.5607,4.1803],[-79.534,22.5663,0.8392],[-79.5421,22.5735,2.0478],[-79.5479,22.5857,0.8886],[-79.5526,22.6082,1.4652],[-79.5607,22.6101,1.8672],[-79.5629,22.6143,0.3815],[-79.5663,22.6137,3.9736],[-79.5713,22.6232,1.8337],[-79.5796,22.6296,3.5411],[-79.5854,22.6385,0.0],[-79.5862,22.6499,0.0],[-79.5957,22.6507,0.0],[-79.5985,22.6451,8.7397],[-79.6021,22.6499,0.0],[-79.6062,22.651,3.5561],[-79.6132,22.6596,2.7132],[-79.616,22.6676,1.2806],[-79.6257,22.6846,1.6333],[-79.6279,22.6965,1.0611],[-79.6351,22.7029,0.598],[-79.6349,22.706,0.0],[-79.6385,22.7146,1.2897],[-79.636,22.7185,0.0],[-79.6385,22.7226,1.1656],[-79.6376,22.7349,0.0],[-79.6485,22.7501,3.9996],[-79.646,22.7551,1.8345],[-79.6485,22.761,2.4324],[-79.6557,22.7626,0.0],[-79.6582,22.761,2.2298],[-79.6624,22.7613,1.1862],[-79.6635,22.7629,0.4599],[-79.6668,22.7615,3.3415],[-79.674,22.7688,0.0],[-79.6779,22.7649,1.4855],[-79.6785,22.7618,3.9024],[-79.6829,22.7593,3.4915],[-79.689,22.7515,4.9181],[-79.701,22.7488,0.0],[-79.7035,22.7468,2.5175],[-79.7038,22.7446,2.5917],[-79.7213,22.7632,0.1754],[-79.7329,22.7663,0.3724],[-79.7449,22.7732,1.2726],[-79.756,22.7763,1.2261],[-79.7604,22.7804,0.1781],[-79.766,22.7821,0.0],[-79.7732,22.7899,0.0],[-79.7796,22.7926,0.0],[-79.7799,22.7946,0.0],[-79.7926,22.7954,2.8521],[-79.796,22.7932,1.3293],[-79.7982,22.7949,0.8228],[-79.7962,22.7979,2.7987],[-79.7979,22.801,0.0],[-79.814,22.8001,2.3211],[-79.8171,22.7985,4.9979],[-79.824,22.799,0.0],[-79.824,22.7974,1.366],[-79.8274,22.8018,1.6965],[-79.8299,22.8021,0.0],[-79.8463,22.799,0.0],[-79.8479,22.7982,0.9829],[-79.8476,22.7965,3.8377],[-79.854,22.7962,2.543],[-79.8568,22.8018,1.2916],[-79.8568,22.8118,0.0],[-79.8538,22.8221,0.0],[-79.8587,22.824,3.2234],[-79.8599,22.8274,0.0],[-79.8646,22.8288,1.7915],[-79.8674,22.8332,6.6145],[-79.8674,22.8382,2.7497],[-79.861,22.844,1.7273],[-79.8635,22.8476,1.444],[-79.864,22.8551,0.8339],[-79.8624,22.8563,1.5984],[-79.8613,22.8654,2.0297],[-79.8587,22.8654,0.0],[-79.8576,22.8674,3.8976],[-79.8446,22.8674,5.7261],[-79.8424,22.866,3.0452],[-79.8301,22.866,7.5906],[-79.8257,22.864,3.8704],[-79.8171,22.8651,0.0],[-79.8093,22.8635,0.0],[-79.8032,22.864,2.0992],[-79.8015,22.8668,0.0],[-79.8068,22.8735,2.7192],[-79.8035,22.8751,0.0],[-79.8043,22.8776,1.3096],[-79.8024,22.8796,5.8747],[-79.7968,22.8801,0.0],[-79.7801,22.8762,0.0],[-79.7838,22.8787,4.9755],[-79.784,22.8838,1.7063],[-79.786,22.8787,0.8023],[-79.7868,22.881,3.349],[-79.7824,22.8879,3.0599],[-79.7815,22.8924,0.0],[-79.7857,22.8932,2.7054],[-79.786,22.8954,3.747],[-79.7899,22.894,0.5922],[-79.7926,22.8968,4.8559],[-79.7921,22.8993,2.4697],[-79.7949,22.8996,2.0379],[-79.7913,22.9021,5.1657],[-79.786,22.9015,0.0],[-79.7857,22.9026,0.0],[-79.7913,22.9051,1.212],[-79.796,22.9018,3.9769],[-79.7996,22.8951,1.2715],[-79.7993,22.8926,0.773],[-79.801,22.8937,4.2062],[-79.8037,22.8924,1.0609],[-79.819,22.8826,1.5984],[-79.8368,22.8782,1.2163],[-79.8515,22.8799,1.4882],[-79.8476,22.8829,2.1845],[-79.8432,22.8829,0.8764],[-79.8449,22.8838,1.1481],[-79.8446,22.8857,4.1308],[-79.8365,22.8871,6.0886],[-79.8349,22.8888,8.9273],[-79.8326,22.8865,0.0],[-79.8288,22.8871,1.9817],[-79.8282,22.8896,0.0],[-79.831,22.8915,0.0],[-79.829,22.9004,0.0],[-79.8246,22.8999,3.0838],[-79.8215,22.8957,3.6882],[-79.8157,22.9001,2.1932],[-79.8182,22.9029,0.5388],[-79.824,22.903199999999998,3.0414],[-79.8193,22.9057,2.818],[-79.8199,22.9082,0.3268],[-79.8185,22.9093,0.5958],[-79.8201,22.911,0.0],[-79.8235,22.911,3.5368],[-79.8213,22.9124,1.4789],[-79.8215,22.9143,0.0],[-79.8238,22.9151,1.4788],[-79.8215,22.9176,0.0],[-79.8226,22.9243,0.0],[-79.8293,22.9243,0.3932],[-79.8354,22.9176,1.7403],[-79.8365,22.9185,1.7403],[-79.8349,22.9201,0.5069],[-79.8357,22.9232,2.8533],[-79.8474,22.9238,0.0],[-79.846,22.9313,2.7962],[-79.8435,22.9335,0.0],[-79.8404,22.9337,0.0],[-79.8374,22.9382,0.5638],[-79.8385,22.9446,0.0],[-79.8482,22.9507,0.9242],[-79.8471,22.9549,0.0],[-79.8554,22.9501,4.166],[-79.8601,22.9421,0.0],[-79.859,22.9401,0.0],[-79.8551,22.9415,0.0],[-79.854,22.9449,2.958],[-79.8493,22.9424,3.3703],[-79.849,22.939,2.991],[-79.8546,22.9346,0.8062],[-79.856,22.9293,0.0],[-79.8657,22.9285,1.3489],[-79.8662,22.9265,0.0],[-79.8626,22.9182,0.0],[-79.8579,22.9151,0.0],[-79.854,22.9149,0.3039],[-79.8504,22.9096,0.0],[-79.8515,22.9088,0.0],[-79.8507,22.9062,0.0],[-79.8474,22.9035,0.0],[-79.8451,22.904,1.6012],[-79.8401,22.9096,4.0029],[-79.8318,22.911,1.8871],[-79.8388,22.9082,1.8447],[-79.8393,22.9062,4.5386],[-79.8449,22.9026,0.8612],[-79.8443,22.9007,0.7297],[-79.8401,22.9001,0.0],[-79.8401,22.8982,0.0],[-79.8457,22.8915,1.8422],[-79.8485,22.891,2.1294],[-79.849,22.8857,5.2118],[-79.8557,22.8832,4.9506],[-79.8576,22.8757,0.1421],[-79.8624,22.8757,1.4013],[-79.8668,22.8779,1.47],[-79.8838,22.8779,1.7485],[-79.884,22.8738,2.0994],[-79.8896,22.8701,0.7079],[-79.8893,22.8676,0.0],[-79.8863,22.8671,1.0323],[-79.8857,22.8643,0.0],[-79.8885,22.8635,0.0],[-79.8913,22.8604,0.0],[-79.8893,22.8599,0.0],[-79.8882,22.8626,0.0],[-79.8846,22.8635,0.0],[-79.8854,22.8688,1.9582],[-79.8801,22.8724,0.5237],[-79.8793,22.8701,0.0],[-79.8768,22.8718,0.7446],[-79.8749,22.8713,0.9519],[-79.8763,22.869,1.1368],[-79.8749,22.8679,1.4019],[-79.8851,22.8582,0.0],[-79.884,22.8537,1.2786],[-79.8863,22.8515,0.3349],[-79.8876,22.8432,2.5586],[-79.8938,22.8443,0.0],[-79.8951,22.8426,2.528],[-79.9015,22.8424,0.0],[-79.9035,22.840699999999998,0.6389],[-79.9082,22.8426,0.2958],[-79.911,22.8482,0.0],[-79.9176,22.8526,1.7369],[-79.9212,22.8604,1.6765],[-79.931,22.8679,0.0],[-79.946,22.8685,0.9663],[-79.9524,22.8638,4.091],[-79.956,22.8638,1.1407],[-79.9604,22.8668,1.2577],[-79.9665,22.866,2.7542],[-79.969,22.8696,0.0],[-79.9737,22.8696,4.366],[-79.974,22.8724,1.5391],[-79.9776,22.874,3.7734],[-79.981,22.8793,0.0],[-79.9837,22.8799,5.6065],[-79.984,22.8826,1.0962],[-79.9871,22.8829,2.3969],[-79.9854,22.8854,0.0],[-79.9865,22.8896,1.5731],[-79.9837,22.891,3.6555],[-79.9854,22.8921,0.0],[-79.9843,22.8949,1.0154],[-79.9899,22.8974,0.0],[-79.9982,22.8954,2.0279],[-79.9999,22.9001,0.0],[-79.996,22.9068,1.1006],[-79.9999,22.9112,0.0],[-80.0085,22.9112,1.3455],[-80.0079,22.9135,0.1724],[-80.0126,22.9257,1.5423],[-80.0126,22.9301,1.8562],[-80.0065,22.9368,1.2249],[-80.0143,22.9307,1.4403],[-80.0154,22.9332,0.0],[-80.0096,22.9376,0.0],[-80.0065,22.9457,0.6802],[-80.0099,22.9451,0.0],[-80.0124,22.941,0.0],[-80.0146,22.9396,0.5331],[-80.0165,22.9404,0.0],[-80.019,22.9379,0.7931],[-80.0335,22.9371,0.4159],[-80.0393,22.9435,1.3535],[-80.0393,22.9457,0.3444],[-80.0424,22.9482,0.8859],[-80.046,22.9557,0.0],[-80.049,22.9551,0.905],[-80.0493,22.9521,0.4796],[-80.0446,22.946,0.489],[-80.0407,22.944,1.075],[-80.041,22.9382,0.8481],[-80.0462,22.9337,1.6508],[-80.0485,22.9349,0.543],[-80.0504,22.9318,1.0856],[-80.0599,22.9296,2.6778],[-80.064,22.9329,0.0],[-80.0665,22.9315,1.148],[-80.069,22.9332,1.4694],[-80.0732,22.939,1.0546],[-80.0726,22.9407,0.0],[-80.0743,22.9396,0.0],[-80.0735,22.9354,1.5254],[-80.0776,22.9343,1.1579],[-80.0813,22.9357,0.8258],[-80.0813,22.9399,0.4466],[-80.0885,22.9396,0.0],[-80.0937,22.9371,0.0],[-80.0999,22.9385,0.499],[-80.1085,22.9371,0.0],[-80.1093,22.9387,0.7432],[-80.1074,22.9413,1.0111],[-80.1107,22.9499,0.0],[-80.1135,22.9482,0.2685],[-80.1174,22.949,0.36],[-80.1207,22.9543,0.0],[-80.1274,22.9529,0.5428],[-80.1368,22.9546,0.5634],[-80.136,22.9626,0.0],[-80.1382,22.964,0.0],[-80.1432,22.9649,0.8537],[-80.1515,22.9593,0.8729],[-80.1599,22.9612,0.0],[-80.1615,22.9588,0.0],[-80.1707,22.9551,1.1395],[-80.1718,22.949,5.7514],[-80.1701,22.949,2.0448],[-80.1682,22.9526,1.4513],[-80.1657,22.9521,4.2217],[-80.1612,22.9543,1.8376],[-80.1596,22.9518,2.1274],[-80.1629,22.9471,1.3543],[-80.1568,22.9449,0.0],[-80.1549,22.9399,0.0],[-80.1515,22.9379,0.7377],[-80.1513,22.934,0.0],[-80.1743,22.9301,3.9226],[-80.1821,22.934,0.0],[-80.1843,22.9307,0.0],[-80.1815,22.9304,0.4165],[-80.1818,22.9287,1.882],[-80.1976,22.921,0.3497],[-80.204,22.9218,0.2497],[-80.2065,22.9207,0.4421],[-80.2071,22.9224,0.0],[-80.2121,22.921,0.0],[-80.2115,22.9204,0.0],[-80.2087,22.9204,0.0],[-80.2082,22.9182,0.0],[-80.2054,22.9185,0.5175],[-80.2099,22.9151,0.3296],[-80.2149,22.9149,0.1656],[-80.2182,22.9115,0.2852],[-80.2282,22.9126,0.0],[-80.229,22.9101,0.0],[-80.226,22.9104,0.9717],[-80.2254,22.909,0.9717],[-80.229,22.9062,0.5417],[-80.2363,22.9099,0.171],[-80.239,22.9076,0.1555],[-80.2504,22.9076,0.63],[-80.2535,22.906,0.0],[-80.2524,22.9043,0.8021],[-80.2474,22.904,0.3926],[-80.2454,22.9021,0.3776],[-80.2482,22.8993,0.8158],[-80.2535,22.8996,1.9906],[-80.256,22.9015,1.2511],[-80.2585,22.9004,2.5093],[-80.2637,22.9013,1.8346],[-80.2707,22.9082,0.4341],[-80.2735,22.9076,0.2658],[-80.2754,22.9049,4.7925],[-80.2865,22.9076,1.0228],[-80.2865,22.9101,0.0],[-80.2899,22.9126,0.0],[-80.2946,22.9132,1.1253],[-80.2968,22.9174,0.0],[-80.2993,22.9168,0.924],[-80.3104,22.9215,1.1512],[-80.324,22.934,1.6501],[-80.3329,22.9351,1.7748],[-80.3365,22.9396,0.2426],[-80.3401,22.9415,1.8365],[-80.3426,22.9446,1.8266],[-80.3435,22.949,2.0875],[-80.3418,22.951,1.4178],[-80.3437,22.9513,1.8709],[-80.3443,22.9557,0.9479],[-80.341,22.9599,2.6666],[-80.3385,22.9582,0.2722],[-80.3349,22.9593,0.0964],[-80.3346,22.961,0.1755],[-80.3299,22.9601,0.2005],[-80.3288,22.9646,0.7333],[-80.3262,22.964,0.7781],[-80.3215,22.9665,0.7144],[-80.2926,22.9643,0.2291],[-80.2651,22.9649,0.7963],[-80.2607,22.9593,1.4114],[-80.2574,22.9574,0.139],[-80.2535,22.9574,0.4431],[-80.254,22.9546,0.0],[-80.2515,22.9526,0.0],[-80.2554,22.9496,0.0],[-80.2524,22.9404,0.785],[-80.2571,22.9374,0.0996],[-80.2582,22.9346,1.3654],[-80.2571,22.9337,0.0],[-80.2499,22.934,1.5992],[-80.2513,22.936,1.8058],[-80.2487,22.9374,0.7024],[-80.2468,22.9374,0.4894],[-80.2474,22.9357,0.0],[-80.2457,22.9354,0.0],[-80.2454,22.9421,1.0135],[-80.2424,22.9465,0.0],[-80.2451,22.9532,0.0],[-80.2418,22.9604,0.0],[-80.2387,22.9574,0.0],[-80.239,22.9554,0.0],[-80.2351,22.956,0.0472],[-80.2312,22.9543,0.2577],[-80.2301,22.9507,0.1915],[-80.2268,22.9526,0.0],[-80.2215,22.9488,0.2908],[-80.2154,22.9532,0.0],[-80.2138,22.9551,0.0],[-80.2193,22.9579,0.511],[-80.224,22.9632,0.0],[-80.2237,22.9743,0.0],[-80.2224,22.9751,0.0],[-80.2215,22.9802,0.2898],[-80.2171,22.9849,0.0],[-80.2118,22.9843,0.0],[-80.2096,22.9935,0.2558],[-80.2057,22.9932,0.0],[-80.204,22.9888,0.0],[-80.1974,22.986,0.5653],[-80.1921,22.9849,0.5956],[-80.1929,22.9871,0.6121],[-80.191,22.9874,0.0596],[-80.1882,22.9807,0.0],[-80.1868,22.9818,0.0],[-80.1885,22.9882,0.0],[-80.1871,22.9904,0.0],[-80.1979,22.9888,0.0],[-80.1996,22.9988,0.5069],[-80.1982,23.0018,0.0],[-80.1999,23.0021,0.2441],[-80.1996,23.004,0.0],[-80.2012,23.0024,0.2441],[-80.2038,23.0029,0.199],[-80.2007,22.9985,0.0],[-80.2065,22.9976,0.0],[-80.2082,22.9949,1.1914],[-80.2135,22.9957,0.227],[-80.2146,22.9979,0.5713],[-80.2115,22.9993,0.0],[-80.2112,23.0012,0.1232],[-80.2138,23.0024,0.5242],[-80.2101,23.0035,0.6842],[-80.2101,23.0082,0.4637],[-80.2132,23.0154,0.1581],[-80.2146,23.0146,0.8935],[-80.2151,23.0165,0.0],[-80.2174,23.0149,2.0443],[-80.219,23.0157,0.0],[-80.2204,23.0143,0.0],[-80.2174,23.0118,1.2145],[-80.2182,23.0074,0.313],[-80.2207,23.0088,0.1892],[-80.2224,23.006,0.7133],[-80.2262,23.0063,0.5034],[-80.2257,23.0049,0.0],[-80.2235,23.0051,0.5296],[-80.2246,23.0012,0.0],[-80.2199,23.0001,1.0261],[-80.2187,22.9982,0.0],[-80.2187,22.9963,0.3451],[-80.221,22.9946,0.0],[-80.2187,22.9912,0.8351],[-80.2237,22.9924,0.4261],[-80.224,22.989,0.5145],[-80.2215,22.989,0.0],[-80.2213,22.9865,0.0],[-80.2282,22.9768,0.353],[-80.2343,22.9715,0.3124],[-80.2399,22.9701,0.2167],[-80.239,22.9677,0.0],[-80.2412,22.9701,0.2149],[-80.2424,22.969,0.2149],[-80.2435,22.9721,0.0],[-80.2457,22.9682,0.0],[-80.2485,22.9693,0.0],[-80.2487,22.9713,0.0],[-80.2457,22.9732,1.2898],[-80.251,22.9757,0.8916],[-80.2515,22.9813,0.0],[-80.2549,22.9829,0.3815],[-80.2576,22.9813,0.4072],[-80.2576,22.9879,0.4391],[-80.2543,22.9888,2.0628],[-80.251,22.9865,0.0],[-80.2479,22.9888,0.4471],[-80.2479,22.986,0.0],[-80.2504,22.9851,0.0],[-80.2504,22.9832,0.0],[-80.2471,22.986,0.0],[-80.246,22.9915,0.3105],[-80.2438,22.9935,0.0],[-80.2363,22.9924,2.2335],[-80.2265,22.9885,0.0],[-80.2371,22.996,0.1862],[-80.2368,23.0043,0.2808],[-80.2387,23.0076,0.0884],[-80.2401,23.0076,0.0884],[-80.2396,23.0012,0.0],[-80.2415,23.0007,0.8014],[-80.2421,23.0046,0.0],[-80.2393,23.0107,0.2194],[-80.2376,23.0079,0.0],[-80.2393,23.0118,0.2194],[-80.2382,23.0163,0.0],[-80.241,23.0165,0.0],[-80.2399,23.0146,0.0],[-80.2415,23.0135,0.1081],[-80.2407,23.0154,0.2231],[-80.244,23.0174,0.0],[-80.244,23.0199,0.0],[-80.2418,23.0179,0.0],[-80.2418,23.0221,0.0],[-80.2429,23.0246,0.0],[-80.2449,23.0235,0.8163],[-80.244,23.0285,0.0],[-80.2465,23.029,0.1107],[-80.2468,23.031,0.0],[-80.2482,23.029,0.24],[-80.2515,23.0299,0.0847],[-80.2526,23.0287,0.2116],[-80.2526,23.026,0.6707],[-80.2496,23.024,0.175],[-80.2462,23.0265,0.0],[-80.2476,23.0232,0.0],[-80.2449,23.0215,0.0],[-80.2485,23.0187,0.2331],[-80.2465,23.0176,0.328],[-80.2476,23.0137,1.2749],[-80.2513,23.0151,0.2921],[-80.2526,23.0124,0.5768],[-80.254,23.0129,0.0],[-80.2582,23.0101,0.4032],[-80.2582,23.0129,0.0],[-80.2604,23.0146,0.0895],[-80.2593,23.0179,0.0926],[-80.2543,23.0176,0.6969],[-80.2526,23.0151,0.2921],[-80.2499,23.0171,0.0],[-80.2543,23.0195,0.0],[-80.2582,23.0196,0.0],[-80.2596,23.0215,0.0916],[-80.2618,23.0193,0.0],[-80.2615,23.0093,0.3416],[-80.2654,23.0104,0.0],[-80.2646,23.0068,0.4268],[-80.266,23.0054,0.7599],[-80.269,23.0071,0.0],[-80.2699,23.0049,0.9446],[-80.2751,23.0054,0.5386],[-80.2743,23.0085,0.0519],[-80.2774,23.0099,0.0],[-80.2787,23.0093,0.0],[-80.2774,23.0071,0.2262],[-80.2818,23.0068,0.1838],[-80.2826,23.0085,0.2907],[-80.286,23.0088,0.0],[-80.2826,23.0043,0.1572],[-80.2878,23.0001,0.1055],[-80.2846,22.9999,0.64],[-80.2846,22.9979,1.5439],[-80.2871,22.9965,2.3478],[-80.289,22.9982,0.0],[-80.2893,22.9943,0.2626],[-80.2921,22.9918,0.6296],[-80.2949,22.9921,0.0],[-80.2954,22.9935,0.0],[-80.2899,22.9999,0.0],[-80.2946,23.0026,0.3882],[-80.2941,22.9999,0.0],[-80.2918,22.9982,0.0],[-80.2965,22.9971,0.0],[-80.2976,22.9879,0.7983],[-80.2993,22.9851,0.935],[-80.3024,22.9846,0.0],[-80.3032,22.9782,1.1313],[-80.3068,22.9796,0.6894],[-80.304,22.9818,0.6126],[-80.306,22.9835,0.4385],[-80.3037,22.9857,0.0],[-80.3046,22.9871,0.0],[-80.3126,22.9849,1.2241],[-80.3174,22.9854,0.958],[-80.3187,22.9874,0.0],[-80.3221,22.9876,0.2821],[-80.3223,22.9908,0.0],[-80.3268,22.9926,0.0],[-80.3329,22.9926,0.3738],[-80.3321,22.9851,0.501],[-80.3346,22.984,0.2356],[-80.3354,22.981,0.2685],[-80.3385,22.9807,0.0],[-80.3399,22.9779,1.1508],[-80.3446,22.9796,0.445],[-80.3499,22.976,1.3281],[-80.3376,22.9707,0.5973],[-80.3432,22.9674,1.0535],[-80.344,22.9632,0.6646],[-80.346,22.9626,1.4278],[-80.3474,22.9651,0.815],[-80.3585,22.9651,1.3857],[-80.3579,22.9693,0.0],[-80.3607,22.9674,1.6309],[-80.3599,22.9707,3.1484],[-80.3535,22.9737,0.8055],[-80.3515,22.9768,1.3281],[-80.3526,22.9804,0.8643],[-80.3576,22.9818,0.0],[-80.3587,22.9846,0.558],[-80.3651,22.9846,0.9935],[-80.3646,22.9782,0.8326],[-80.366,22.9765,1.8506],[-80.3701,22.9771,0.0],[-80.3704,22.9757,0.0],[-80.3693,22.971,1.6265],[-80.3654,22.9676,2.9921],[-80.3654,22.9651,2.4168],[-80.3582,22.961,0.0],[-80.3604,22.9576,0.3006],[-80.3657,22.9585,1.6057],[-80.3674,22.9557,0.0],[-80.3665,22.9518,0.0],[-80.3632,22.9499,2.0926],[-80.3629,22.9471,1.3705],[-80.3604,22.9468,0.0],[-80.3596,22.9443,1.7099],[-80.3618,22.9418,0.3522],[-80.3654,22.9421,0.0],[-80.3668,22.9382,0.6344],[-80.3688,22.9371,0.0],[-80.384,22.936,0.7305],[-80.3893,22.9385,1.7784],[-80.396,22.9374,0.7527],[-80.4115,22.9415,1.2534],[-80.4182,22.9454,1.1296],[-80.4413,22.9524,0.0],[-80.4479,22.9571,0.0],[-80.4538,22.9579,1.0604],[-80.4574,22.961,1.5938],[-80.4624,22.9732,0.0],[-80.466,22.9765,0.6487],[-80.471,22.9768,0.0],[-80.481,22.9826,0.0],[-80.4846,22.9868,0.3388],[-80.4929,22.9871,0.0],[-80.4987,22.9835,2.6683],[-80.5074,22.9835,1.0338],[-80.5151,22.9871,0.0],[-80.5215,22.9851,2.1858],[-80.5324,22.9865,2.0284],[-80.5382,22.9924,0.6318],[-80.5454,23.0079,1.1708],[-80.5521,23.0171,1.6666],[-80.5518,23.021,0.7692],[-80.5557,23.0257,1.3677],[-80.5568,23.0332,0.3894],[-80.5704,23.0401,0.6354],[-80.5771,23.0385,2.257],[-80.5832,23.041,0.7747],[-80.584,23.0435,0.0],[-80.5868,23.0432,3.7118],[-80.5899,23.0482,3.0147],[-80.5876,23.0537,2.7311],[-80.5924,23.0551,2.0833],[-80.5935,23.0603,0.0],[-80.6121,23.0576,2.8241],[-80.6309,23.0523,10.0518],[-80.6389,23.0457,10.9515],[-80.641,23.0421,7.5731],[-80.6431,23.0238,11.8755],[-80.637,22.9959,19.827],[-80.6374,22.985,26.7847],[-80.641,22.9637,35.1941],[-80.6474,22.9574,33.3018],[-80.6616,22.9513,35.262],[-80.678,22.9499,55.4843],[-80.7252,22.9586,24.1591],[-80.7308,22.9576,19.2885],[-80.7357,22.9543,22.591],[-80.7386,22.9475,23.4174],[-80.7385,22.9389,32.5059],[-80.726,22.9087,36.5802],[-80.721,22.8914,46.8373],[-80.7233,22.8828,40.9861],[-80.7344,22.8747,37.8413],[-80.756,22.8667,32.123],[-80.7581,22.8634,30.2557],[-80.7572,22.849,32.5261],[-80.7474,22.8255,39.7315],[-80.7408,22.8209,41.8366],[-80.7018,22.8147,39.791],[-80.6923,22.8093,41.2986],[-80.6771,22.7945,44.6446],[-80.6724,22.7913,45.829],[-80.6658,22.7899,49.7397],[-80.6581,22.7936,47.78],[-80.6497,22.8105,50.9953],[-80.6384,22.821,51.8807],[-80.6286,22.8268,59.3365],[-80.6162,22.8275,68.1622],[-80.6077,22.8227,73.998],[-80.6032,22.8165,71.3248],[-80.5954,22.7978,82.6945],[-80.59,22.7778,90.3582],[-80.5895,22.756,85.7846],[-80.5879,22.7504,84.3295],[-80.585,22.7461,84.4728],[-80.5796,22.742,84.8491],[-80.5633,22.7349,83.8828],[-80.5582,22.7305,83.4586],[-80.5575,22.7246,81.1095],[-80.5617,22.716,81.9093],[-80.574,22.7123,81.0501],[-80.5936,22.7091,74.2963],[-80.5965,22.7025,71.5329],[-80.5961,22.6955,74.1822],[-80.5836,22.68,81.0032],[-80.577,22.6607,79.233],[-80.5746,22.6174,82.3122],[-80.5576,22.5581,66.5197],[-80.5532,22.5248,55.7371],[-80.5458,22.4971,60.0195],[-80.5419,22.5067,63.4978],[-80.5346,22.5145,59.0001],[-80.5295,22.5168,63.2385],[-80.4959,22.5227,61.3619],[-80.4857,22.5288,70.3734],[-80.4692,22.5432,68.5703],[-80.46,22.5477,73.7139],[-80.4463,22.5494,73.5272],[-80.4345,22.5487,70.1068],[-80.4209,22.5398,62.3364],[-80.4103,22.5199,56.8843],[-80.4074,22.5176,56.4999],[-80.3943,22.5137,52.0154],[-80.3927,22.5107,53.5628],[-80.3946,22.4995,48.1198],[-80.4092,22.4825,42.7022],[-80.4091,22.4783,40.4008],[-80.4065,22.4731,35.1194],[-80.4011,22.4676,39.736],[-80.3952,22.4673,43.6757],[-80.386,22.4701,45.3988],[-80.3765,22.478,46.17],[-80.3681,22.4816,51.6479],[-80.3566,22.4821,53.0711],[-80.3335,22.4765,54.2311],[-80.3254,22.4761,54.4919],[-80.3183,22.48,59.6619],[-80.3148,22.4889,51.1688],[-80.3139,22.5063,56.0399],[-80.3094,22.5173,58.7213],[-80.2933,22.5364,68.5656],[-80.2878,22.5392,64.6446],[-80.2806,22.539,62.6151],[-80.2699,22.5327,61.3936],[-80.2651,22.5271,63.2559],[-80.2462,22.4976,67.3747],[-80.2445,22.4897,68.6093],[-80.248,22.4805,73.3058],[-80.252,22.4763,72.7489],[-80.252,22.474,75.0896],[-80.2491,22.4699,77.0062],[-80.2315,22.4634,79.4095],[-80.2242,22.4555,78.013],[-80.2228,22.4461,79.9201],[-80.2251,22.436,87.7369],[-80.226,22.4195,98.6534],[-80.2138,22.4038,111.894],[-80.2112,22.3982,116.0499],[-80.2094,22.3817,105.0741],[-80.2108,22.3773,110.8465],[-80.2145,22.3749,114.9363],[-80.2257,22.3732,111.6249],[-80.2281,22.3702,112.9756],[-80.228,22.367,118.0811],[-80.2244,22.3567,121.0002],[-80.2001,22.3223,94.3001],[-80.1881,22.3139,104.7545],[-80.1781,22.3111,111.2097],[-80.1312,22.3004,81.0934],[-80.1091,22.2977,118.5269],[-80.1068,22.2936,122.3988],[-80.1067,22.2892,114.5173],[-80.1101,22.2859,116.5897],[-80.1367,22.2826,90.2552],[-80.1442,22.2798,76.9081],[-80.1472,22.2759,77.0787],[-80.1468,22.2715,79.1062],[-80.1423,22.2666,83.1229],[-80.1273,22.2615,103.4433],[-80.1238,22.258,101.6052],[-80.1151,22.2407,130.7778],[-80.0995,22.223,186.321],[-80.0933,22.2116,182.6198],[-80.0902,22.1969,147.0114],[-80.0919,22.1851,109.738],[-80.1001,22.1593,104.2215],[-80.0919,22.1403,146.5483],[-80.0884,22.1223,300.7364],[-80.0909,22.1081,214.6882],[-80.1026,22.0847,487.3059],[-80.1023,22.072,681.9034],[-80.1007,22.0691,714.6038],[-80.0884,22.0598,363.0],[-80.0861,22.0513,461.7342],[-80.0924,22.0388,598.3844],[-80.0941,22.0314,657.4674],[-80.09,22.0156,683.082],[-80.0826,22.0042,738.5491],[-80.0623,21.9832,760.7859],[-80.0555,21.9719,537.8334],[-80.0463,21.9443,694.0741],[-80.0287,21.9052,705.1143],[-80.0063,21.9077,675.1723],[-79.9931,21.9118,563.6749],[-79.9829,21.919,586.0198],[-79.9727,21.9366,654.8672],[-79.9663,21.9414,579.8326],[-79.9594,21.9412,521.3429],[-79.9462,21.9352,462.5183],[-79.9398,21.9368,473.1275],[-79.9383,21.9421,329.8279],[-79.9402,21.9598,277.204],[-79.9367,21.9698,289.561],[-79.9309,21.977,302.6114],[-79.9229,21.9804,277.8875],[-79.9102,21.9823,205.4854],[-79.8774,21.9766,356.0238],[-79.8577,21.9707,233.389],[-79.8199,21.9489,135.6913],[-79.8027,21.9453,98.9827],[-79.7806,21.9569,190.3417],[-79.764,21.9701,134.4839],[-79.7561,21.9808,181.6491],[-79.7524,21.9947,318.4206],[-79.7455,22.0087,163.4417],[-79.7303,22.0269,117.5122],[-79.7219,22.04,111.956],[-79.7213,22.0577,138.6638],[-79.7243,22.068,148.1032],[-79.7303,22.0732,108.5643],[-79.7409,22.0754,107.9799],[-79.7488,22.0791,99.9935],[-79.7592,22.104,99.7492],[-79.7751,22.1182,135.3644],[-79.7825,22.1285,141.5572],[-79.7845,22.139,156.6543],[-79.7798,22.1533,110.2711],[-79.7716,22.1622,128.5809],[-79.7627,22.1665,121.2459],[-79.7478,22.1691,144.9417],[-79.7322,22.1675,137.6482],[-79.7255,22.1606,137.7349],[-79.7101,22.1334,161.0967],[-79.7019,22.1282,152.8157],[-79.6795,22.1303,175.2323],[-79.6574,22.1454,176.1471],[-79.6472,22.1464,170.5264],[-79.6369,22.1439,170.5342],[-79.6174,22.1333,177.7229],[-79.6036,22.1315,197.3899],[-79.5817,22.1398,171.4478],[-79.577,22.1398,170.0553],[-79.5546,22.1219,156.6051],[-79.5371,22.1201,147.1452]]],
[[[-79.2574,22.5515,2.0862],[-79.259,22.5529,0.0],[-79.2599,22.5518,2.412],[-79.259,22.544,1.5005],[-79.2574,22.5443,1.5005],[-79.2576,22.5476,0.9853],[-79.2557,22.5485,1.0621],[-79.2574,22.5515,2.0862]]],
[[[-79.2485,22.5518,1.5107],[-79.2493,22.5546,1.0723],[-79.2515,22.5549,1.4232],[-79.254,22.5493,0.0],[-79.2487,22.5468,0.0],[-79.2474,22.5476,3.5276],[-79.2485,22.5518,1.5107]]],
[[[-79.2299,22.5926,0.8918],[-79.2332,22.5932,1.1238],[-79.2407,22.5904,0.992],[-79.2579,22.5921,0.0],[-79.2621,22.5899,0.4118],[-79.264,22.5838,0.0],[-79.2565,22.5815,0.0],[-79.2446,22.5846,0.1747],[-79.2435,22.5862,0.5845],[-79.2418,22.586,0.9933],[-79.2432,22.5838,0.1747],[-79.2421,22.5829,0.0],[-79.239,22.586,0.5234],[-79.2393,22.5838,0.2626],[-79.2368,22.584,1.2261],[-79.2365,22.5821,0.0],[-79.2246,22.5779,0.8115],[-79.2204,22.5796,3.3837],[-79.2187,22.5815,3.1662],[-79.219,22.5843,1.3275],[-79.2257,22.5854,1.1953],[-79.2279,22.5876,1.9327],[-79.2299,22.5926,0.8918]]],
[[[-79.489,22.5951,0.5075],[-79.4943,22.5968,0.4938],[-79.4971,22.5921,1.5941],[-79.5005,22.5904,0.0],[-79.4904,22.5888,2.2502],[-79.4885,22.5924,0.6349],[-79.4846,22.5926,1.0041],[-79.4854,22.5954,0.6945],[-79.489,22.5951,0.5075]]],
[[[-79.3074,22.6143,0.3525],[-79.3096,22.6154,0.778],[-79.311,22.6143,0.4362],[-79.311,22.6096,1.2712],[-79.3029,22.6082,0.0],[-79.2979,22.6101,0.7769],[-79.2993,22.6118,1.6602],[-79.3049,22.6124,2.1674],[-79.3074,22.6143,0.3525]]],
[[[-79.3138,22.6118,0.0],[-79.3132,22.6171,0.0],[-79.3163,22.6151,0.8499],[-79.3157,22.6121,0.0],[-79.3138,22.6118,0.0]]],
[[[-79.4179,22.6249,0.4864],[-79.4207,22.6257,0.0],[-79.4199,22.6232,0.0],[-79.4149,22.6243,0.0],[-79.4151,22.6249,0.0],[-79.4179,22.6249,0.4864]]],
[[[-79.1735,22.6426,0.9933],[-79.1696,22.646,0.0],[-79.1874,22.6429,4.9487],[-79.2229,22.6435,1.293],[-79.2254,22.6418,0.988],[-79.2296,22.6429,0.3473],[-79.2321,22.6404,0.0],[-79.2229,22.6413,1.7295],[-79.2174,22.6368,0.0],[-79.2132,22.6368,1.6329],[-79.2118,22.6343,0.5085],[-79.2135,22.634,0.5085],[-79.2143,22.6313,0.6178],[-79.2107,22.6279,1.902],[-79.2174,22.6199,7.9291],[-79.216,22.6179,3.8938],[-79.1876,22.6338,3.0997],[-79.1871,22.6354,3.0997],[-79.1782,22.6385,0.0],[-79.1735,22.6426,0.9933]]],
[[[-79.4282,22.6774,1.5766],[-79.4307,22.6787,0.5888],[-79.4315,22.6771,0.5888],[-79.4301,22.6749,0.0853],[-79.4318,22.674,0.0853],[-79.4346,22.6765,0.2173],[-79.4357,22.6738,0.353],[-79.4346,22.6726,0.2117],[-79.4301,22.6735,0.0],[-79.431,22.6685,0.0],[-79.4296,22.6593,0.6693],[-79.4329,22.659,0.0],[-79.4321,22.656,0.0],[-79.4365,22.6504,0.0],[-79.436,22.6488,0.6968],[-79.4382,22.6449,0.0],[-79.4362,22.6443,0.0792],[-79.4332,22.654,0.2295],[-79.4265,22.6585,0.0],[-79.4271,22.6538,1.723],[-79.4257,22.6507,0.0],[-79.4285,22.6515,0.0],[-79.4279,22.649,0.0],[-79.4221,22.644,0.0],[-79.4224,22.6474,0.2403],[-79.4265,22.649,0.1239],[-79.4249,22.6504,0.0],[-79.4182,22.6449,0.4478],[-79.4182,22.6426,0.7404],[-79.4201,22.6418,0.0],[-79.4179,22.6354,0.0],[-79.4143,22.6357,1.7854],[-79.4146,22.6379,0.5308],[-79.4174,22.6382,2.3697],[-79.4168,22.6413,0.3312],[-79.4146,22.6413,0.5648],[-79.4135,22.6393,0.0],[-79.4146,22.6321,0.4884],[-79.4174,22.6296,0.8628],[-79.4215,22.6318,1.072],[-79.421,22.6335,2.6749],[-79.4229,22.6363,2.9351],[-79.421,22.6396,1.417],[-79.4238,22.6413,0.6971],[-79.4257,22.6357,4.7988],[-79.4238,22.6338,1.8561],[-79.426,22.6288,0.3977],[-79.4321,22.6251,1.2618],[-79.436,22.6271,0.0],[-79.439,22.6324,0.0],[-79.4393,22.6371,0.5169],[-79.4351,22.6371,0.2205],[-79.4271,22.6449,0.0],[-79.4321,22.6404,0.3048],[-79.4346,22.6421,0.0],[-79.4362,22.6379,0.0],[-79.4432,22.6393,0.1359],[-79.4443,22.6421,0.1939],[-79.4415,22.6421,0.0],[-79.4432,22.6429,0.1939],[-79.4432,22.6451,0.1089],[-79.4418,22.6457,0.0],[-79.4404,22.644,0.0],[-79.4426,22.6474,0.4252],[-79.441,22.6474,0.1751],[-79.4401,22.6504,0.0],[-79.4385,22.6501,0.0],[-79.4407,22.6538,0.4577],[-79.4376,22.6535,0.1088],[-79.4382,22.6554,0.34],[-79.4357,22.6571,0.0],[-79.4393,22.6576,0.4027],[-79.4437,22.6632,0.0607],[-79.4471,22.6626,0.0],[-79.4454,22.6601,0.0],[-79.4429,22.6615,0.1355],[-79.4415,22.6588,0.0],[-79.4424,22.6563,0.1625],[-79.4463,22.6571,0.0],[-79.4485,22.659,0.0686],[-79.4474,22.6607,0.0],[-79.4557,22.6643,0.0],[-79.4635,22.6632,0.0],[-79.4615,22.6626,0.0],[-79.4568,22.6635,0.0],[-79.4563,22.6615,0.3019],[-79.4585,22.6607,0.144],[-79.4671,22.6593,0.3066],[-79.4671,22.6612,0.2571],[-79.4646,22.6618,0.1164],[-79.4662,22.6635,0.0],[-79.469,22.6618,0.2571],[-79.4693,22.6599,0.2681],[-79.4718,22.6604,0.365],[-79.474,22.6626,0.3094],[-79.4699,22.6649,0.0],[-79.4768,22.6724,0.0],[-79.4721,22.6649,0.0686],[-79.4746,22.664,0.1628],[-79.4757,22.6657,0.114],[-79.4799,22.6654,0.464],[-79.4821,22.6629,0.1865],[-79.4857,22.6626,0.0],[-79.4854,22.6574,0.4332],[-79.4882,22.6565,0.5149],[-79.4854,22.6549,0.1251],[-79.4849,22.6524,0.1943],[-79.4824,22.6521,0.2018],[-79.4807,22.6538,0.0],[-79.481,22.656,0.2495],[-79.4788,22.656,0.3521],[-79.4749,22.6543,0.5258],[-79.4749,22.6518,0.0],[-79.4704,22.651,0.0],[-79.4676,22.6521,0.6114],[-79.4679,22.6501,0.0],[-79.4654,22.6488,0.1933],[-79.4646,22.6515,0.2503],[-79.4624,22.6524,0.3626],[-79.4593,22.6485,0.0],[-79.4571,22.649,0.258],[-79.4554,22.6465,0.0],[-79.4521,22.649,0.4779],[-79.4463,22.6485,1.2625],[-79.446,22.646,1.8268],[-79.4518,22.6463,0.3021],[-79.4524,22.6443,0.4411],[-79.4507,22.6424,0.1913],[-79.4471,22.6443,0.0],[-79.4449,22.6396,0.2208],[-79.441,22.6376,0.2332],[-79.4393,22.6296,0.4773],[-79.4429,22.6274,0.0],[-79.439,22.6285,0.0],[-79.4337,22.624,1.2618],[-79.4332,22.6218,1.3513],[-79.4379,22.6182,1.6048],[-79.4357,22.616,1.2892],[-79.4315,22.619,0.2196],[-79.4318,22.6246,0.4814],[-79.429,22.6265,0.4039],[-79.426,22.6268,0.0],[-79.4229,22.6301,0.4127],[-79.4193,22.629,3.4293],[-79.4193,22.6274,0.2214],[-79.4129,22.6332,0.2429],[-79.4104,22.6321,0.4114],[-79.4093,22.6268,0.0],[-79.4071,22.626,0.8744],[-79.4079,22.6243,0.2352],[-79.4001,22.6235,0.4472],[-79.3974,22.621,0.6781],[-79.3971,22.6171,0.0],[-79.4079,22.6071,0.4919],[-79.4135,22.6049,0.5621],[-79.404,22.6024,3.4858],[-79.4024,22.5999,0.0],[-79.3949,22.5965,3.8475],[-79.3918,22.5924,5.0367],[-79.3887,22.5929,3.8689],[-79.3893,22.590699999999998,0.0],[-79.3851,22.5888,1.8166],[-79.3776,22.5957,3.356],[-79.3776,22.5976,0.0],[-79.3793,22.5982,6.9098],[-79.3801,22.6013,0.0],[-79.3846,22.6024,1.4789],[-79.3832,22.6043,0.0],[-79.3893,22.6132,5.296],[-79.391,22.6215,2.0166],[-79.3979,22.6254,1.5639],[-79.4001,22.6349,0.0],[-79.4051,22.6399,0.5587],[-79.4079,22.6404,0.3118],[-79.4082,22.6443,1.0293],[-79.4115,22.6468,0.7761],[-79.411,22.6479,0.0],[-79.4132,22.6451,0.6875],[-79.4168,22.6454,0.5989],[-79.4215,22.6504,0.3267],[-79.4224,22.6538,0.1003],[-79.4251,22.6546,0.6081],[-79.4257,22.6599,0.0],[-79.4293,22.6674,0.2253],[-79.4282,22.6774,1.5766]]],
[[[-78.7818,22.5026,2.1356],[-78.7824,22.504,0.0],[-78.786,22.5015,0.0],[-78.7846,22.5012,0.6975],[-78.7818,22.5026,2.1356]]],
[[[-78.9526,22.5085,1.0091],[-78.9524,22.5107,0.0],[-78.9538,22.5121,0.0],[-78.9546,22.5093,0.0],[-78.9526,22.5085,1.0091]]],
[[[-78.8135,22.5149,0.2497],[-78.8154,22.5171,0.0],[-78.8176,22.5124,0.0],[-78.8151,22.5046,0.0],[-78.814,22.5051,0.0],[-78.8135,22.5149,0.2497]]],
[[[-78.7829,22.5154,1.626],[-78.7854,22.5165,0.8838],[-78.7843,22.5135,0.0],[-78.7824,22.514,1.626],[-78.7829,22.5154,1.626]]],
[[[-79.014,22.5246,0.2654],[-79.0154,22.5276,0.0],[-79.016,22.5224,1.1291],[-79.0218,22.5201,1.3937],[-79.0246,22.5238,0.0],[-79.0263,22.5238,0.0],[-79.0263,22.5224,1.2012],[-79.0237,22.5193,1.2214],[-79.0193,22.5179,2.0148],[-79.0115,22.521,0.5308],[-79.014,22.5246,0.2654]]],
[[[-79.0357,22.5296,0.2718],[-79.0379,22.5307,0.0],[-79.0404,22.5285,0.289],[-79.0418,22.5224,1.8385],[-79.0385,22.5235,0.0],[-79.0357,22.5296,0.2718]]],
[[[-78.8135,22.5299,0.0],[-78.8126,22.5321,0.0],[-78.814,22.5324,0.0],[-78.8163,22.5293,0.0],[-78.8149,22.5287,0.0],[-78.8135,22.5299,0.0]]],
[[[-78.8682,22.5351,5.154],[-78.8704,22.5362,0.6806],[-78.8757,22.5335,3.8354],[-78.8707,22.5312,0.4983],[-78.8699,22.5268,0.0],[-78.8637,22.5299,1.4886],[-78.8618,22.5299,2.2094],[-78.8618,22.528199999999998,0.455],[-78.8596,22.5271,1.2751],[-78.856,22.5287,0.8238],[-78.859,22.5324,0.0],[-78.8649,22.5312,0.5188],[-78.8682,22.5351,5.154]]],
[[[-79.1535,22.5504,0.5859],[-79.1546,22.5526,0.6631],[-79.1568,22.551,0.0],[-79.1562,22.5462,3.039],[-79.1626,22.5454,2.1601],[-79.1665,22.5474,0.309],[-79.1668,22.5454,0.0],[-79.1604,22.5426,0.628],[-79.1604,22.5407,0.0],[-79.1635,22.539,0.4919],[-79.1682,22.5393,0.0],[-79.1685,22.5435,0.0],[-79.1751,22.5485,0.6507],[-79.1776,22.5462,0.7742],[-79.1807,22.5462,1.7169],[-79.1793,22.544,1.6719],[-79.1815,22.5415,0.5019],[-79.1746,22.5388,1.0366],[-79.1746,22.5357,0.2057],[-79.1704,22.5335,0.0],[-79.1588,22.531,0.0],[-79.1485,22.5307,1.34],[-79.1426,22.5324,0.9897],[-79.1404,22.5343,2.2372],[-79.1418,22.5385,0.0],[-79.1451,22.5379,0.3633],[-79.1493,22.5413,0.5729],[-79.1471,22.5438,0.0],[-79.1487,22.5474,0.5589],[-79.1515,22.5476,0.4416],[-79.1535,22.5504,0.5859]]],
[[[-79.1085,22.5496,1.1306],[-79.1068,22.5488,0.0],[-79.1054,22.5535,0.0],[-79.1082,22.5515,0.6783],[-79.1085,22.5496,1.1306]]],
[[[-79.1635,22.5549,0.0],[-79.1651,22.5563,0.4123],[-79.1674,22.5557,0.0],[-79.1632,22.5521,0.0],[-79.1635,22.5549,0.0]]],
[[[-79.1815,22.5587,0.0],[-79.184,22.5599,0.0],[-79.1821,22.5582,0.0],[-79.1829,22.5537,0.0],[-79.1796,22.5551,0.0],[-79.1815,22.5587,0.0]]],
[[[-79.0307,22.539,0.0],[-79.0321,22.5407,0.0],[-79.0338,22.5385,0.0],[-79.0326,22.5382,0.0],[-79.0307,22.539,0.0]]],
[[[-78.8199,22.551,1.3157],[-78.8199,22.5535,1.0942],[-78.8226,22.554,0.0],[-78.8238,22.5499,2.2501],[-78.8329,22.5496,1.6477],[-78.8279,22.5418,1.9286],[-78.8301,22.5346,1.0684],[-78.8279,22.5312,0.6112],[-78.829,22.526,0.9158],[-78.8229,22.531,2.6623],[-78.8226,22.5357,0.0],[-78.8246,22.536,0.4937],[-78.826,22.5385,1.0501],[-78.8213,22.5396,0.0],[-78.8179,22.5429,1.1189],[-78.8199,22.551,1.3157]]],
[[[-78.9057,22.5424,7.124],[-78.9051,22.5454,0.8909],[-78.9085,22.546,0.0],[-78.9126,22.5404,4.9502],[-78.916,22.5407,0.5022],[-78.916,22.5376,0.4232],[-78.9104,22.5374,1.77],[-78.9057,22.5424,7.124]]],
[[[-78.9893,22.6262,0.0],[-78.991,22.6279,0.3457],[-78.9932,22.6207,1.2515],[-78.9962,22.6201,1.0325],[-78.9965,22.6121,2.1527],[-79.0038,22.6107,1.0201],[-78.9976,22.609,1.178],[-78.996,22.6068,1.3715],[-78.9985,22.6051,0.0],[-78.9996,22.5946,1.9248],[-79.0026,22.5915,1.0181],[-79.0029,22.586,1.4158],[-79.0085,22.5715,0.5881],[-79.0171,22.5649,0.3738],[-79.0135,22.5646,1.4157],[-79.0135,22.5582,0.6945],[-79.0101,22.5535,1.1974],[-79.0118,22.549,0.7847],[-79.0105,22.5465,0.0],[-79.011,22.5404,0.0],[-79.0049,22.539,1.0661],[-79.0015,22.5307,1.8951],[-78.9965,22.5276,2.1377],[-78.9976,22.5263,2.3031],[-78.996,22.5249,1.31],[-78.9968,22.5218,0.0],[-78.9926,22.5215,0.6809],[-78.9901,22.5179,0.0],[-78.986,22.5168,0.4183],[-78.9874,22.5124,1.7648],[-78.9849,22.5099,1.7845],[-78.9854,22.5076,2.3868],[-78.9796,22.5068,0.0],[-78.9776,22.5093,1.642],[-78.9643,22.5099,0.9752],[-78.9671,22.5154,1.1066],[-78.9654,22.5215,1.3439],[-78.9549,22.5207,1.1358],[-78.9512,22.5165,0.0],[-78.9426,22.5138,0.9958],[-78.9413,22.5151,0.0],[-78.9371,22.5143,0.8947],[-78.9332,22.5199,1.8559],[-78.9354,22.5138,2.4985],[-78.9332,22.5121,1.5744],[-78.9265,22.5113,1.4896],[-78.919,22.5079,1.0177],[-78.9107,22.5074,2.9426],[-78.9076,22.5057,1.3959],[-78.9074,22.5038,1.0726],[-78.8982,22.5024,4.1456],[-78.889,22.4921,0.7728],[-78.8835,22.4924,4.3271],[-78.8804,22.4874,3.1367],[-78.8751,22.4874,2.3508],[-78.871,22.4907,2.5869],[-78.8637,22.4924,0.9671],[-78.8549,22.4899,0.5476],[-78.8535,22.4932,1.6792],[-78.8496,22.4863,1.5575],[-78.8457,22.4854,0.0],[-78.839,22.479,1.4644],[-78.831,22.4782,1.3324],[-78.8276,22.4763,0.7581],[-78.8249,22.4763,0.8884],[-78.8249,22.479,2.5166],[-78.819,22.4801,0.0],[-78.8185,22.4829,1.2668],[-78.8037,22.4849,0.0],[-78.8001,22.4874,2.1886],[-78.7924,22.4885,0.0],[-78.7862,22.4921,1.4621],[-78.7876,22.4996,0.0],[-78.7926,22.499,1.1783],[-78.7932,22.5007,1.996],[-78.7918,22.5018,0.0],[-78.7913,22.5074,1.3244],[-78.7876,22.5096,0.0],[-78.7879,22.5143,1.7597],[-78.7896,22.5165,1.3754],[-78.7826,22.524,0.0],[-78.7871,22.5224,0.0],[-78.7882,22.5185,1.7058],[-78.7907,22.5182,0.6476],[-78.7918,22.5199,0.0],[-78.7965,22.5174,2.9697],[-78.796,22.5271,0.0],[-78.7974,22.5285,2.068],[-78.799,22.5276,0.0],[-78.8001,22.5235,1.0746],[-78.8015,22.5104,0.4822],[-78.7971,22.5018,0.0],[-78.7974,22.4982,0.7207],[-78.8079,22.4982,1.6697],[-78.811,22.5012,0.0],[-78.8104,22.4993,1.8145],[-78.8135,22.496,0.8616],[-78.8196,22.4976,0.847],[-78.8213,22.4907,1.2912],[-78.824,22.4929,1.221],[-78.8226,22.4957,0.0],[-78.8243,22.499,0.0],[-78.8293,22.496,0.0],[-78.8321,22.4971,0.0],[-78.8313,22.4921,0.0],[-78.8376,22.4938,0.2423],[-78.8385,22.4951,0.2423],[-78.8357,22.4976,1.3636],[-78.8385,22.5035,1.1739],[-78.8426,22.5046,1.6547],[-78.8421,22.509,0.0],[-78.8521,22.5088,0.0],[-78.8568,22.506,0.1761],[-78.8618,22.5107,0.0],[-78.8615,22.506,0.7812],[-78.8693,22.5015,0.7036],[-78.8701,22.4988,2.0347],[-78.8737,22.4988,0.0],[-78.8746,22.501,0.0],[-78.8788,22.501,2.2759],[-78.8793,22.504,0.0],[-78.8865,22.5054,1.1698],[-78.8879,22.5074,0.0],[-78.8924,22.5049,3.3551],[-78.8924,22.5093,0.0],[-78.8943,22.5115,2.0157],[-78.8935,22.5146,2.1495],[-78.8915,22.5151,0.0],[-78.8874,22.5215,1.3135],[-78.8879,22.5243,0.2982],[-78.891,22.5243,0.7336],[-78.8917,22.519,0.7655],[-78.8954,22.5168,1.3797],[-78.8974,22.5215,0.6026],[-78.9018,22.519,1.5495],[-78.9037,22.5215,1.3722],[-78.9093,22.5226,0.0],[-78.9101,22.5249,0.0],[-78.9079,22.5304,1.6193],[-78.9096,22.5318,2.635],[-78.9146,22.5321,0.0],[-78.9121,22.5207,0.0],[-78.9129,22.5187,0.0],[-78.9088,22.5171,1.1689],[-78.9107,22.5154,1.5973],[-78.914,22.516,0.0],[-78.9174,22.5135,2.2491],[-78.9201,22.516,0.0],[-78.9232,22.5154,2.4676],[-78.9254,22.5185,0.0],[-78.9276,22.5182,2.4122],[-78.9279,22.5201,2.0525],[-78.9307,22.5196,2.254],[-78.9335,22.5218,0.5259],[-78.9357,22.5196,2.9697],[-78.9388,22.5218,1.3783],[-78.9443,22.521,0.8927],[-78.9449,22.5265,0.8787],[-78.9479,22.5276,0.4461],[-78.9482,22.5315,0.4979],[-78.9507,22.5357,0.0],[-78.956,22.5296,0.4249],[-78.9624,22.5293,0.9677],[-78.9629,22.5326,0.2896],[-78.9668,22.5329,0.2909],[-78.9707,22.5257,1.3798],[-78.9743,22.5265,0.3129],[-78.9757,22.5249,0.8439],[-78.9843,22.5246,0.8476],[-78.9879,22.5257,0.0],[-78.9912,22.5299,1.0457],[-78.9912,22.5321,0.0],[-78.9962,22.5346,0.5627],[-78.9943,22.5376,0.6288],[-78.9957,22.539,0.0],[-78.9951,22.5415,0.5754],[-79.0051,22.5424,0.0],[-79.006,22.5479,0.332],[-79.0032,22.5474,1.3392],[-79.0018,22.549,0.0],[-79.0076,22.5513,0.0],[-79.0057,22.5565,0.0],[-79.0074,22.5568,1.2743],[-79.0088,22.561,1.6606],[-79.0046,22.566,0.6221],[-79.0043,22.569,1.1416],[-79.0026,22.5696,0.4806],[-79.0043,22.5732,1.0799],[-79.0021,22.5749,1.3373],[-79.0026,22.5765,0.4171],[-78.9982,22.5771,0.909],[-78.9996,22.5788,1.5561],[-78.9979,22.579,1.5561],[-78.9976,22.5818,0.0],[-78.9932,22.5835,0.0],[-78.9887,22.5804,1.655],[-78.9887,22.5779,0.8622],[-78.9857,22.5788,2.2832],[-78.9868,22.584,0.0],[-78.9899,22.5857,0.0],[-78.991,22.5854,0.0],[-78.9904,22.5835,0.8265],[-78.9935,22.5849,0.9],[-78.9907,22.5874,0.968],[-78.9907,22.5901,1.5328],[-78.9874,22.5896,0.0],[-78.9915,22.601,0.3756],[-78.9863,22.6035,0.2136],[-78.9876,22.604,0.4697],[-78.9874,22.6076,0.0],[-78.9912,22.6076,0.576],[-78.9938,22.6104,1.0367],[-78.9907,22.6124,0.8204],[-78.9824,22.6104,0.0],[-78.9829,22.619,0.7685],[-78.9799,22.6243,0.3779],[-78.9849,22.6249,0.1483],[-78.9865,22.6229,0.4034],[-78.9893,22.6262,0.0]]],
[[[-79.0321,22.5507,0.0],[-79.0312,22.5507,0.0],[-79.0315,22.5543,0.2943],[-79.0324,22.5529,0.0],[-79.0321,22.5507,0.0]]],
[[[-78.9635,22.5613,5.7279],[-78.9638,22.564,1.3606],[-78.9651,22.5643,0.0],[-78.9729,22.559,4.6678],[-78.9749,22.5543,0.9976],[-78.9649,22.554,3.8529],[-78.9635,22.5613,5.7279]]],
[[[-79.0365,22.5696,0.1368],[-79.0387,22.5707,0.0],[-79.0449,22.5649,0.5145],[-79.0479,22.5651,0.506],[-79.0479,22.5621,0.4126],[-79.0443,22.5618,0.1423],[-79.0415,22.5568,0.9248],[-79.039,22.5626,0.5924],[-79.0393,22.5665,0.9155],[-79.0374,22.5679,0.6717],[-79.0329,22.5668,0.0],[-79.0307,22.5601,0.0],[-79.0307,22.5663,0.0],[-79.0365,22.5696,0.1368]]],
[[[-78.7949,22.5688,0.0],[-78.7968,22.5699,0.5205],[-78.7985,22.5693,0.0],[-78.7974,22.5671,0.5501],[-78.7949,22.5688,0.0]]],
[[[-79.0599,22.5604,0.0],[-79.059,22.5615,0.0],[-79.061,22.5621,0.0],[-79.0646,22.5613,0.2871],[-79.0646,22.5604,0.0],[-79.0599,22.5604,0.0]]],
[[[-79.0979,22.5607,0.4051],[-79.0979,22.5596,0.1956],[-79.0949,22.5593,0.3407],[-79.0993,22.5671,0.0],[-79.0974,22.5613,0.4051],[-79.0979,22.5607,0.4051]]],
[[[-79.114,22.5649,0.0],[-79.1146,22.5682,0.0],[-79.1149,22.5657,0.2119],[-79.1168,22.5668,0.1093],[-79.1176,22.5657,0.0],[-79.1151,22.5643,0.0],[-79.114,22.5649,0.0]]],
[[[-79.1835,22.5707,0.5864],[-79.1843,22.5721,0.0],[-79.1879,22.571,0.0],[-79.1851,22.5701,0.0],[-79.1851,22.5637,0.0],[-79.1832,22.5618,0.0],[-79.1835,22.5651,0.3167],[-79.1793,22.5651,0.2217],[-79.1837,22.5668,0.3245],[-79.1835,22.5707,0.5864]]],
[[[-79.1707,22.5688,0.0],[-79.1735,22.5696,0.0],[-79.1701,22.5679,0.4616],[-79.1704,22.5657,0.2689],[-79.1687,22.5657,0.2689],[-79.1682,22.5676,0.2752],[-79.1707,22.5688,0.0]]],
[[[-79.0668,22.5746,0.0],[-79.0651,22.5754,0.0],[-79.0693,22.5754,0.4121],[-79.0701,22.574,0.0],[-79.0682,22.5735,0.0],[-79.0668,22.5746,0.0]]],
[[[-79.1018,22.5785,0.0],[-79.1029,22.5801,0.0],[-79.1099,22.5799,0.6011],[-79.1096,22.5788,0.6011],[-79.1026,22.5788,0.0],[-79.1012,22.5715,0.0],[-79.1018,22.5785,0.0]]],
[[[-79.091,22.5604,0.1914],[-79.0949,22.559,0.3407],[-79.0854,22.5549,0.0],[-79.0818,22.5549,2.9164],[-79.0799,22.551,0.3388],[-79.0729,22.5474,1.309],[-79.0743,22.546,0.9303],[-79.0738,22.544,3.743],[-79.0718,22.5438,1.5346],[-79.0693,22.546,0.3574],[-79.0713,22.5493,0.0],[-79.0754,22.5499,0.3607],[-79.076,22.5546,0.0],[-79.0788,22.5524,0.4],[-79.081,22.5565,1.2978],[-79.0862,22.5565,0.1804],[-79.0893,22.5593,0.476],[-79.0874,22.5707,0.1541],[-79.0835,22.5782,0.0],[-79.0804,22.5801,0.0],[-79.0799,22.5832,0.2897],[-79.0749,22.5871,0.7716],[-79.0685,22.5876,-0.2255],[-79.0704,22.591,1.1222],[-79.0701,22.5946,0.3735],[-79.0724,22.5954,0.2093],[-79.0718,22.5968,0.0],[-79.079,22.6043,2.6013],[-79.0788,22.6063,2.1392],[-79.0721,22.6118,1.0245],[-79.0657,22.6137,0.5609],[-79.074,22.616,2.5431],[-79.0735,22.6182,0.5477],[-79.0768,22.6168,3.4688],[-79.076,22.6129,1.8765],[-79.0807,22.6082,0.0],[-79.0813,22.6046,0.674],[-79.0738,22.5974,0.0],[-79.0718,22.5921,0.4591],[-79.076,22.5893,0.2354],[-79.0807,22.5888,0.0],[-79.0782,22.5882,0.0],[-79.0785,22.5851,0.2976],[-79.0874,22.5738,0.0],[-79.0882,22.5699,0.1443],[-79.0907,22.5679,0.0],[-79.0899,22.5613,0.0934],[-79.091,22.5604,0.1914]]],
[[[-78.981,22.5743,0.0],[-78.9843,22.5754,0.6455],[-78.9851,22.574,0.6455],[-78.9815,22.5729,0.0],[-78.981,22.5743,0.0]]],
[[[-79.0287,22.5799,0.0],[-79.0282,22.5829,0.0],[-79.0299,22.5835,0.4677],[-79.0299,22.5804,0.0],[-79.0287,22.5799,0.0]]],
[[[-78.9754,22.5896,0.0],[-78.9726,22.5918,0.0],[-78.979,22.5904,0.5951],[-78.9799,22.5888,0.3655],[-78.9757,22.5876,0.0],[-78.9754,22.5896,0.0]]],
[[[-78.969,22.5965,2.1679],[-78.9715,22.5976,0.4734],[-78.9704,22.5949,1.1021],[-78.9718,22.5935,0.4019],[-78.9696,22.5938,1.1021],[-78.9685,22.5912,0.0],[-78.9682,22.5932,0.0],[-78.969,22.5965,2.1679]]],
[[[-79.0535,22.5868,0.0],[-79.0518,22.5874,0.9219],[-79.0515,22.5888,0.0],[-79.054,22.5888,0.0],[-79.0535,22.5868,0.0]]],
[[[-79.1174,22.5935,0.1764],[-79.1254,22.5935,0.0],[-79.1221,22.5926,0.7789],[-79.1199,22.5871,0.3906],[-79.1207,22.5849,0.1694],[-79.1193,22.5854,0.1694],[-79.1204,22.5921,0.4039],[-79.1174,22.5935,0.1764]]],
[[[-79.0524,22.6007,0.5601],[-79.0526,22.6029,0.3126],[-79.0549,22.6004,0.0],[-79.0593,22.601,0.0],[-79.0638,22.5963,0.0],[-79.0615,22.5963,1.5798],[-79.0596,22.5932,0.0],[-79.0571,22.599,0.418],[-79.0524,22.6007,0.5601]]],
[[[-79.0832,22.6129,0.4444],[-79.0862,22.614,0.0],[-79.0868,22.6126,0.0],[-79.0849,22.6096,0.6946],[-79.0846,22.6038,1.4093],[-79.0832,22.6043,0.0],[-79.0843,22.6063,0.3764],[-79.0832,22.6129,0.4444]]],
[[[-79.0338,22.5996,1.2118],[-79.0354,22.601,0.0],[-79.0362,22.5976,0.4783],[-79.0429,22.5965,0.5082],[-79.0379,22.5965,0.9349],[-79.0365,22.5943,0.8875],[-79.0315,22.5971,0.1952],[-79.0338,22.5996,1.2118]]],
[[[-79.0121,22.6118,0.0],[-79.0146,22.6129,0.83],[-79.0163,22.6124,0.83],[-79.0149,22.611,1.0546],[-79.0121,22.6118,0.0]]],
[[[-78.9757,22.6235,0.2032],[-78.9785,22.6243,0.1629],[-78.9793,22.6174,0.0],[-78.9771,22.6146,0.4425],[-78.9743,22.6146,0.0],[-78.9729,22.6115,0.0],[-78.9732,22.6079,0.1595],[-78.9768,22.6076,0.0],[-78.9779,22.606,0.4599],[-78.9746,22.6046,1.2559],[-78.9718,22.6065,0.0],[-78.9718,22.6124,0.0],[-78.9743,22.6232,0.0],[-78.9757,22.6235,0.2032]]],
[[[-79.0474,22.6229,0.6873],[-79.0499,22.624,0.2077],[-79.0446,22.6196,0.606],[-79.0421,22.6121,2.3279],[-79.039,22.6101,0.0],[-79.0393,22.6135,2.26],[-79.0429,22.6182,0.0],[-79.0404,22.6224,0.503],[-79.0365,22.6238,0.0],[-79.0474,22.6229,0.6873]]],
[[[-79.089,22.6143,1.2985],[-79.0901,22.616,0.0],[-79.0912,22.6151,1.0594],[-79.0904,22.6118,0.0],[-79.089,22.6129,1.7737],[-79.089,22.6143,1.2985]]],
[[[-79.0921,22.6151,1.0594],[-79.0929,22.6168,0.6778],[-79.094,22.6143,0.9998],[-79.0924,22.6143,1.0594],[-79.0921,22.6151,1.0594]]],
[[[-79.074,22.6193,0.9344],[-79.0746,22.6215,0.6393],[-79.0768,22.6213,0.9289],[-79.0757,22.619,0.9344],[-79.074,22.6193,0.9344]]],
[[[-79.0515,22.626,1.7627],[-79.0512,22.6271,0.0],[-79.0532,22.6271,0.0],[-79.0529,22.6243,1.7594],[-79.0518,22.6246,1.7594],[-79.0515,22.626,1.7627]]],
[[[-79.0632,22.636,0.3792],[-79.0635,22.6376,0.5497],[-79.0643,22.6338,1.0833],[-79.0657,22.6335,0.0],[-79.0629,22.6329,0.3112],[-79.0646,22.6301,0.9308],[-79.0671,22.6329,0.0],[-79.0682,22.6315,0.3251],[-79.0663,22.6307,1.8314],[-79.0665,22.6293,0.6692],[-79.0696,22.6304,0.9929],[-79.0679,22.6262,0.6694],[-79.0682,22.6257,0.6694],[-79.0699,22.6262,0.0],[-79.0687,22.6243,0.0],[-79.0618,22.624,0.846],[-79.0599,22.6254,1.1624],[-79.0618,22.6271,2.0019],[-79.0585,22.6304,0.0],[-79.0626,22.6335,0.3112],[-79.0632,22.636,0.3792]]],
[[[-79.0879,22.6357,0.7434],[-79.0912,22.6365,0.0],[-79.0904,22.6338,0.0],[-79.0876,22.6332,0.0],[-79.086,22.6293,1.9059],[-79.0837,22.6285,0.0],[-79.0851,22.6335,0.0],[-79.0879,22.6357,0.7434]]],
[[[-79.0754,22.6335,0.0],[-79.0776,22.6365,1.5569],[-79.076,22.6313,0.0],[-79.0746,22.6318,0.0],[-79.0754,22.6335,0.0]]],
[[[-79.0451,22.6415,1.0148],[-79.0512,22.6421,0.0],[-79.0532,22.6393,2.1761],[-79.0612,22.641,0.9197],[-79.061,22.6365,0.0],[-79.0596,22.6365,0.0],[-79.0599,22.6379,0.3212],[-79.0579,22.6374,0.9126],[-79.0579,22.6393,1.8398],[-79.0529,22.6368,0.5287],[-79.0529,22.6349,1.9406],[-79.0551,22.6357,0.435],[-79.0549,22.6338,1.6371],[-79.0571,22.6349,0.4718],[-79.0587,22.6338,0.4103],[-79.0535,22.6279,0.0],[-79.0521,22.6324,2.2215],[-79.0465,22.6349,0.8247],[-79.0474,22.6363,4.6638],[-79.0451,22.6415,1.0148]]],
[[[-80.0151,22.949,0.4356],[-80.0157,22.951,0.0],[-80.0176,22.9501,0.399],[-80.0168,22.9479,0.0],[-80.0151,22.949,0.4356]]],
[[[-80.256,22.9071,0.0],[-80.2579,22.909,0.83],[-80.259,22.9062,1.9985],[-80.2565,22.906,1.1303],[-80.256,22.9071,0.0]]],
[[[-80.2293,22.9124,0.5094],[-80.2293,22.914,0.1414],[-80.2307,22.9151,0.0],[-80.2315,22.9121,0.5655],[-80.2293,22.9124,0.5094]]],
[[[-80.2162,22.9238,0.3176],[-80.2162,22.9254,0.3176],[-80.2182,22.926,0.0],[-80.2199,22.9229,1.2115],[-80.2171,22.9235,0.0],[-80.2162,22.9207,0.3501],[-80.2162,22.9238,0.3176]]],
[[[-80.2532,22.9235,2.0889],[-80.2526,22.9254,0.5538],[-80.2551,22.9254,0.5919],[-80.2551,22.9235,0.6023],[-80.2532,22.9235,2.0889]]],
[[[-80.2401,22.934,0.3287],[-80.2393,22.9354,0.3287],[-80.2421,22.9349,0.6251],[-80.2451,22.931,0.0],[-80.2401,22.9301,0.0],[-80.2421,22.9329,0.2272],[-80.2396,22.9318,0.0],[-80.2401,22.934,0.3287]]],
[[[-80.2065,23.0004,0.0],[-80.204,23.0041,0.0],[-80.2071,23.0035,0.26],[-80.2074,22.9996,0.0],[-80.2065,23.0004,0.0]]],
[[[-80.2221,23.0113,0.3285],[-80.2237,23.0137,0.0],[-80.2285,23.0132,0.0],[-80.2262,23.0104,0.0],[-80.221,23.0099,0.1892],[-80.2207,23.0113,0.3285],[-80.2221,23.0113,0.3285]]],
[[[-80.2301,23.0137,0.0],[-80.2299,23.0146,0.0],[-80.2335,23.0154,0.0],[-80.2332,23.0143,0.0],[-80.2301,23.0137,0.0]]],
[[[-80.1724,22.9515,1.1566],[-80.1715,22.9562,1.6947],[-80.1732,22.9571,0.0],[-80.1787,22.9549,2.3419],[-80.1796,22.9499,1.3765],[-80.1735,22.9482,1.2683],[-80.1724,22.9515,1.1566]]],
[[[-80.129,22.9768,0.336],[-80.1321,22.9779,0.0],[-80.1335,22.9763,0.4895],[-80.1351,22.9632,0.1971],[-80.1301,22.964,0.8446],[-80.126,22.969,0.5987],[-80.1251,22.9754,0.0],[-80.129,22.9768,0.336]]],
[[[-80.024,22.9765,0.7739],[-80.0249,22.9782,1.3208],[-80.0285,22.9779,1.6516],[-80.0279,22.976,0.6501],[-80.024,22.9765,0.7739]]],
[[[-80.2226,23.0396,0.0923],[-80.2274,23.0404,0.0],[-80.2268,23.0371,0.0],[-80.2215,23.0354,0.0713],[-80.2221,23.0329,0.1103],[-80.2174,23.029,0.4384],[-80.2207,23.0221,0.0],[-80.2232,23.0196,0.354],[-80.2315,23.0185,1.4336],[-80.236,23.0204,0.0],[-80.2374,23.0185,0.2228],[-80.2401,23.0207,0.0],[-80.2385,23.0171,0.2228],[-80.2312,23.016,0.0],[-80.2315,23.0174,1.4336],[-80.2282,23.0171,1.6459],[-80.2251,23.0154,0.0],[-80.2237,23.0185,0.1215],[-80.2243,23.0149,0.0],[-80.2226,23.014,0.5316],[-80.2215,23.0146,0.0],[-80.2224,23.0182,0.1215],[-80.219,23.0187,0.0],[-80.2179,23.0163,0.0],[-80.2138,23.0182,0.7772],[-80.2104,23.0124,0.0],[-80.2076,23.0115,0.2971],[-80.2068,23.0079,0.0],[-80.2032,23.0104,0.0],[-80.196,23.0113,0.3746],[-80.1965,23.009,0.3065],[-80.1951,23.0076,0.5176],[-80.1963,23.006,0.0],[-80.1937,23.0043,0.0],[-80.1924,23.0051,0.0],[-80.1932,23.0068,0.0],[-80.1907,23.004,0.0],[-80.1907,23.0065,0.0],[-80.186,23.0079,0.7618],[-80.1832,23.0076,0.3645],[-80.1865,23.006,0.7082],[-80.1857,23.004,0.5288],[-80.1826,23.0046,0.981],[-80.1813,23.0029,0.0],[-80.1801,23.0051,0.5203],[-80.1782,23.0049,0.5984],[-80.1785,23.0015,1.0661],[-80.1826,23.0004,0.0],[-80.1807,22.9918,0.0],[-80.1785,22.9896,0.4285],[-80.179,22.986,0.0],[-80.1818,22.9821,0.0],[-80.1857,22.9815,0.0],[-80.1857,22.9796,0.0],[-80.1799,22.9771,0.6369],[-80.176,22.9782,0.9499],[-80.1746,22.9746,2.2635],[-80.1757,22.9713,0.0],[-80.1735,22.9696,0.0],[-80.1715,22.9713,0.301],[-80.1687,22.9701,0.3626],[-80.1687,22.9682,0.0],[-80.1637,22.9699,2.0495],[-80.1629,22.9674,1.637],[-80.1543,22.9643,0.5062],[-80.1446,22.9707,1.6233],[-80.1404,22.9699,0.0],[-80.139,22.9674,0.0],[-80.136,22.9699,0.7744],[-80.1363,22.9749,0.2078],[-80.1407,22.9765,0.99],[-80.1418,22.9793,0.0],[-80.149,22.9801,0.3304],[-80.1479,22.9832,0.0],[-80.1537,22.9829,2.4335],[-80.154,22.9849,0.0],[-80.1579,22.9865,0.5789],[-80.1568,22.9907,0.2863],[-80.1588,22.9949,0.7564],[-80.1679,22.9943,0.9274],[-80.1685,22.9963,0.0],[-80.1663,22.9982,1.3896],[-80.1687,23.001,0.8397],[-80.1718,23.0001,0.0],[-80.1715,23.0024,0.0],[-80.1765,23.0024,0.6728],[-80.1738,23.0038,0.7373],[-80.1729,23.0082,1.1245],[-80.1712,23.0085,0.0],[-80.1762,23.0168,0.2169],[-80.1829,23.011,0.6742],[-80.186,23.0096,0.2909],[-80.1879,23.0104,0.2104],[-80.1885,23.0082,0.2845],[-80.1918,23.0101,0.0],[-80.1935,23.0076,0.5176],[-80.1946,23.0118,0.0],[-80.2015,23.0163,0.0956],[-80.2029,23.0157,0.0],[-80.2029,23.0132,0.7032],[-80.2043,23.0133,0.1235],[-80.2043,23.0168,0.0],[-80.2087,23.016,0.0],[-80.209,23.0146,0.0],[-80.2065,23.014,0.3038],[-80.206,23.0124,0.0],[-80.209,23.0126,0.0],[-80.2115,23.0154,0.0952],[-80.2115,23.0187,0.0],[-80.2146,23.0215,0.5184],[-80.2107,23.0218,0.0],[-80.209,23.0254,0.0],[-80.2071,23.026,0.0],[-80.2079,23.0304,0.7635],[-80.2063,23.031,0.813],[-80.2051,23.029,0.7292],[-80.2032,23.0293,1.4997],[-80.1988,23.0263,1.1452],[-80.1971,23.0215,0.0],[-80.1929,23.024,0.0],[-80.1932,23.0257,0.0],[-80.1951,23.0238,0.9852],[-80.1968,23.0251,0.2163],[-80.1937,23.029,0.2014],[-80.1951,23.0296,0.2014],[-80.1968,23.0274,1.0377],[-80.1982,23.0301,0.0],[-80.201,23.0301,1.3226],[-80.2012,23.0326,0.0986],[-80.204,23.0346,0.0731],[-80.2082,23.0343,1.2375],[-80.2101,23.0365,0.4906],[-80.2085,23.0396,0.0],[-80.2129,23.0376,0.0],[-80.2168,23.0388,0.0],[-80.2176,23.0407,0.0],[-80.216,23.0446,0.0],[-80.221,23.0426,0.0],[-80.2229,23.0446,0.1646],[-80.2232,23.0424,0.0],[-80.2215,23.0415,0.0],[-80.2226,23.0396,0.0923]]],
[[[-80.4313,22.9765,0.8354],[-80.4324,22.9788,0.0],[-80.4337,22.9785,0.9779],[-80.4354,22.9721,1.3443],[-80.4274,22.974,0.0],[-80.4313,22.9765,0.8354]]],
[[[-80.3801,22.9776,0.0],[-80.381,22.9799,0.6608],[-80.3838,22.9804,0.6344],[-80.3885,22.9737,0.0],[-80.3829,22.9732,1.0545],[-80.3801,22.9776,0.0]]],
[[[-80.3071,22.989,0.1257],[-80.3068,22.9907,0.0],[-80.3082,22.991,0.0],[-80.3093,22.9882,0.0],[-80.3085,22.9876,0.0],[-80.3071,22.989,0.1257]]],
[[[-80.3301,22.9974,0.0],[-80.3324,22.9985,2.2214],[-80.334,22.9965,0.0],[-80.3318,22.9949,0.791],[-80.3301,22.9974,0.0]]],
[[[-80.2985,23.0029,0.9941],[-80.3001,23.0046,0.5771],[-80.3007,22.9988,0.5813],[-80.298,22.9999,0.0],[-80.2985,23.0029,0.9941]]],
[[[-80.4107,22.9804,0.2847],[-80.4115,22.9818,0.0],[-80.4126,22.9782,0.0],[-80.4099,22.9782,0.0],[-80.4107,22.9804,0.2847]]],
[[[-80.3346,22.9993,0.9856],[-80.3385,23.0007,0.0],[-80.3421,22.9968,0.0],[-80.341,22.9963,1.1057],[-80.3346,22.9993,0.9856]]],
[[[-80.3557,23.001,0.0],[-80.3579,23.0029,0.0],[-80.3632,23.0007,0.1299],[-80.3635,22.9971,0.967],[-80.3599,22.9946,0.0],[-80.3596,22.9971,0.9339],[-80.3546,22.9982,0.5921],[-80.3557,23.001,0.0]]],
[[[-80.3699,23.0065,0.0],[-80.3688,23.006,0.0],[-80.3674,23.0079,0.1876],[-80.369,23.0079,0.9924],[-80.3699,23.0065,0.0]]],
[[[-80.2907,23.0029,1.0053],[-80.2899,23.0043,0.0],[-80.2926,23.0021,0.0],[-80.2915,23.0018,0.1536],[-80.2907,23.0029,1.0053]]],
[[[-80.2879,23.0068,0.0],[-80.294,23.0065,0.2416],[-80.294,23.0038,0.1506],[-80.2929,23.0032,0.0],[-80.2915,23.006,0.0],[-80.2857,23.0051,0.0],[-80.2862,23.0074,0.0],[-80.2879,23.0068,0.0]]],
[[[-80.2663,23.0101,0.0],[-80.2699,23.0113,0.0],[-80.2704,23.0076,0.0],[-80.2685,23.0079,0.0],[-80.2663,23.0101,0.0]]],
[[[-80.2671,23.0124,0.6265],[-80.2646,23.0126,0.333],[-80.2649,23.0149,0.1789],[-80.2674,23.0146,0.1976],[-80.2682,23.0121,0.1712],[-80.2671,23.0124,0.6265]]],
[[[-80.1554,23.0051,0.0798],[-80.1551,23.0074,1.1944],[-80.1571,23.0076,0.2257],[-80.1615,23.0026,1.1248],[-80.1596,23.0026,0.9773],[-80.1554,23.0051,0.0798]]],
[[[-80.1496,23.0157,2.0261],[-80.1493,23.0176,0.8712],[-80.1524,23.0174,0.0],[-80.1529,23.0151,0.3432],[-80.1513,23.0135,0.4811],[-80.1549,23.0121,0.0],[-80.1526,23.0054,0.3117],[-80.1557,23.0029,0.2565],[-80.1551,22.9993,0.4595],[-80.149,22.9979,0.0],[-80.1446,22.9988,2.9028],[-80.1429,23.0018,1.8543],[-80.1424,23.0001,0.0],[-80.1321,23.0021,4.6908],[-80.1324,23.0035,4.6908],[-80.1379,23.0026,3.0575],[-80.1401,23.0051,3.5129],[-80.1387,23.0082,3.8302],[-80.1446,23.0107,1.0508],[-80.1471,23.0154,0.0],[-80.1499,23.014,0.8656],[-80.1496,23.0157,2.0261]]],
[[[-80.1218,23.0085,1.2906],[-80.1232,23.009,0.5031],[-80.1232,23.0063,1.0932],[-80.1254,23.0074,0.0],[-80.1299,23.006,0.0],[-80.131,23.0026,0.0],[-80.1121,23.0038,3.3144],[-80.1065,23.0001,0.0],[-80.0937,22.9968,0.0],[-80.0918,22.999,2.8184],[-80.0915,22.9963,0.0],[-80.0862,22.9976,6.245],[-80.0849,22.996,1.8885],[-80.0801,22.9971,1.7482],[-80.0729,23.0018,1.5321],[-80.0713,23.0007,2.0105],[-80.0707,23.0035,5.2578],[-80.0732,23.0038,1.6532],[-80.0738,23.0068,2.0949],[-80.0699,23.0054,0.0],[-80.0701,23.0074,6.1184],[-80.0735,23.0096,1.2862],[-80.0799,23.0093,1.7547],[-80.084,23.0126,0.0],[-80.0854,23.011,4.0976],[-80.0882,23.011,2.8343],[-80.089,23.0154,3.859],[-80.094,23.0199,1.6881],[-80.0993,23.0187,1.6373],[-80.1007,23.016,1.5398],[-80.1015,23.0215,2.0548],[-80.1124,23.021,1.026],[-80.1146,23.0176,1.6696],[-80.1182,23.0174,1.565],[-80.1157,23.0065,0.3868],[-80.1165,23.006,0.3868],[-80.1174,23.0096,0.2518],[-80.1201,23.011,0.0],[-80.119,23.0074,2.1323],[-80.1201,23.0051,0.6162],[-80.1226,23.0046,1.5798],[-80.1218,23.0085,1.2906]]],
[[[-80.126,23.0085,0.0],[-80.1235,23.0088,2.8835],[-80.1224,23.0107,0.5345],[-80.1251,23.0121,0.0],[-80.1265,23.0107,0.5407],[-80.1299,23.0113,0.0],[-80.1285,23.0079,0.0],[-80.1279,23.0096,2.0303],[-80.126,23.0085,0.0]]],
[[[-80.1826,23.0193,0.0],[-80.1874,23.0199,0.1422],[-80.1904,23.0163,0.4449],[-80.1918,23.0168,0.0],[-80.191,23.0193,0.0],[-80.1935,23.0179,0.2787],[-80.1968,23.0185,0.0],[-80.1976,23.0157,0.0],[-80.1921,23.0107,0.2018],[-80.1904,23.0124,0.0],[-80.1924,23.0121,0.8277],[-80.1929,23.0157,0.0],[-80.1907,23.0154,0.2371],[-80.1913,23.0135,0.8277],[-80.1882,23.0118,0.0],[-80.1871,23.014,0.5116],[-80.1837,23.0124,0.2057],[-80.1815,23.0146,0.0],[-80.1837,23.0157,0.1341],[-80.1826,23.0193,0.0]]],
[[[-80.1421,23.0185,1.3958],[-80.1432,23.0213,0.2743],[-80.1449,23.021,0.4904],[-80.1446,23.0179,0.5156],[-80.1421,23.0168,0.0],[-80.1421,23.0185,1.3958]]],
[[[-80.0599,23.0182,0.0],[-80.0576,23.019,0.0],[-80.0579,23.0207,0.0],[-80.0604,23.0207,0.0],[-80.0599,23.0182,0.0]]],
[[[-80.1901,23.0213,0.2669],[-80.1885,23.0207,0.1241],[-80.1868,23.0226,0.0],[-80.1896,23.0218,0.2669],[-80.1901,23.0213,0.2669]]],
[[[-80.1985,23.0187,0.0],[-80.201,23.0201,0.3223],[-80.2026,23.0185,0.0],[-80.1982,23.0176,0.0],[-80.1985,23.0187,0.0]]],
[[[-80.2371,23.0232,0.2419],[-80.2379,23.0257,0.0],[-80.2396,23.0257,0.0],[-80.2379,23.0218,0.0],[-80.2357,23.021,0.1098],[-80.2371,23.0232,0.2419]]],
[[[-80.2418,23.0332,0.0],[-80.2438,23.0349,0.0],[-80.2443,23.031,0.0],[-80.2421,23.0318,0.0],[-80.2404,23.0285,0.0],[-80.2399,23.031,0.0],[-80.2418,23.0332,0.0]]],
[[[-80.226,23.0326,0.0],[-80.2288,23.0343,0.0],[-80.2326,23.0321,0.0],[-80.2307,23.0293,0.0],[-80.2301,23.0326,0.0],[-80.2279,23.0307,0.0],[-80.226,23.0326,0.0]]],
[[[-80.1265,23.0276,1.8015],[-80.129,23.0287,5.4454],[-80.1324,23.0274,0.0],[-80.1346,23.0246,0.0],[-80.1343,23.0218,0.0],[-80.1335,23.0201,0.0],[-80.1307,23.0201,0.0],[-80.1296,23.0251,2.7843],[-80.129,23.0238,0.4957],[-80.1257,23.0238,1.7025],[-80.1232,23.0213,0.5414],[-80.1229,23.0179,1.3858],[-80.1274,23.0176,0.0],[-80.1276,23.0151,0.0],[-80.1224,23.0151,0.0],[-80.1176,23.0179,1.565],[-80.1165,23.021,0.0],[-80.1196,23.0221,1.6636],[-80.1188,23.0243,0.0],[-80.1207,23.0263,0.0],[-80.1265,23.0276,1.8015]]],
[[[-80.1382,23.029,0.0],[-80.141,23.0296,0.2217],[-80.1429,23.0254,1.0552],[-80.1429,23.0215,0.2743],[-80.1404,23.0196,0.6771],[-80.1401,23.016,0.0],[-80.1385,23.016,1.4171],[-80.1363,23.0193,0.7754],[-80.1365,23.0229,1.1963],[-80.1343,23.0268,0.7916],[-80.1354,23.029,0.0],[-80.1382,23.029,0.0]]],
[[[-80.1637,23.0263,0.7791],[-80.1663,23.0274,0.3368],[-80.1682,23.0254,0.0],[-80.1646,23.0249,0.0],[-80.1637,23.0263,0.7791]]],
[[[-80.1735,23.0407,0.4159],[-80.1746,23.0421,0.8124],[-80.1774,23.0412,0.2193],[-80.176,23.0382,0.0],[-80.1726,23.0371,0.0],[-80.1735,23.0407,0.4159]]],
[[[-80.3693,23.0082,0.9924],[-80.3693,23.0088,0.0],[-80.374,23.0096,0.0887],[-80.3735,23.0074,0.7717],[-80.3693,23.0082,0.9924]]],
[[[-80.3807,23.014,0.3325],[-80.3879,23.0146,0.174],[-80.3893,23.011,0.4206],[-80.3854,23.0099,0.0],[-80.384,23.0121,2.6405],[-80.3846,23.0101,0.0],[-80.3829,23.0099,0.0],[-80.3796,23.0113,0.3077],[-80.3763,23.0079,0.0],[-80.376,23.0113,0.7955],[-80.3782,23.0113,2.0203],[-80.3807,23.014,0.3325]]],
[[[-80.4137,23.0196,1.2704],[-80.4165,23.0207,0.0],[-80.4187,23.0157,1.3078],[-80.4251,23.0151,1.4737],[-80.4232,23.0082,0.0],[-80.4182,23.0093,0.6745],[-80.4118,23.0165,3.7946],[-80.4101,23.016,1.2213],[-80.4093,23.0179,0.0],[-80.4129,23.0182,2.6541],[-80.4137,23.0196,1.2704]]],
[[[-80.3429,23.0176,0.0],[-80.3443,23.0193,0.0],[-80.3463,23.0187,0.7327],[-80.344,23.014,0.0],[-80.3443,23.0104,0.0],[-80.3332,23.0124,0.0],[-80.3335,23.0137,0.5271],[-80.3399,23.0146,0.4393],[-80.3429,23.0176,0.0]]],
[[[-80.2901,23.0146,0.0],[-80.289,23.0165,1.2043],[-80.2918,23.0168,3.208],[-80.2918,23.016,3.208],[-80.2901,23.0146,0.0]]],
[[[-80.3238,23.0224,0.0],[-80.3207,23.0229,0.0],[-80.3213,23.0249,0.2633],[-80.3232,23.0249,0.0],[-80.3246,23.0218,0.0],[-80.3238,23.0224,0.0]]],
[[[-80.3179,23.0382,0.5672],[-80.3176,23.0421,0.0],[-80.3265,23.0407,0.0],[-80.3262,23.0399,0.0],[-80.3235,23.039,0.0],[-80.3204,23.0393,2.872],[-80.3199,23.0357,0.7128],[-80.3179,23.0382,0.5672]]],
[[[-80.3382,23.0446,0.5943],[-80.3404,23.0457,0.0],[-80.3371,23.0399,0.7367],[-80.3329,23.0401,0.0],[-80.3346,23.041,0.9163],[-80.3382,23.0446,0.5943]]],
[[[-80.3418,23.0238,0.3764],[-80.3407,23.0263,0.5213],[-80.3437,23.0263,0.0],[-80.3432,23.0238,0.3764],[-80.3418,23.0238,0.3764]]],
[[[-80.4596,23.0324,0.0],[-80.4604,23.0301,0.0],[-80.4565,23.034,0.0],[-80.4571,23.034,0.0],[-80.4596,23.0324,0.0]]],
[[[-80.3671,23.0454,0.0],[-80.3668,23.0471,0.0],[-80.3688,23.0474,0.0],[-80.3715,23.0443,1.2086],[-80.3693,23.044,2.0712],[-80.3671,23.0454,0.0]]],
[[[-80.3529,23.0526,0.141],[-80.3546,23.0537,0.2335],[-80.3546,23.0493,0.0],[-80.3499,23.0488,1.4964],[-80.3499,23.0499,1.4964],[-80.3529,23.0526,0.141]]],
[[[-80.2688,23.0465,0.0],[-80.2679,23.0474,0.637],[-80.2682,23.049,0.0],[-80.2707,23.046,0.0],[-80.2688,23.0465,0.0]]],
[[[-80.2785,23.0504,0.0],[-80.2787,23.0518,0.0],[-80.281,23.0521,0.0],[-80.281,23.0462,0.8146],[-80.2832,23.0451,0.0],[-80.2796,23.046,0.0],[-80.2785,23.0504,0.0]]],
[[[-80.3054,23.0549,0.0],[-80.3054,23.0568,0.0],[-80.3071,23.0574,0.0],[-80.3071,23.056,0.0],[-80.3054,23.0549,0.0]]],
[[[-80.3143,23.0613,0.0],[-80.3143,23.0637,0.0],[-80.3151,23.0643,0.0],[-80.3154,23.0607,0.0],[-80.3143,23.0613,0.0]]],
[[[-79.0651,22.6385,1.7992],[-79.0676,22.6396,0.0],[-79.0701,22.6371,1.8573],[-79.0724,22.6382,1.2465],[-79.074,22.6346,0.6592],[-79.0721,22.6374,1.2465],[-79.0687,22.6351,0.0],[-79.069,22.6374,2.5217],[-79.0665,22.6368,0.0],[-79.0651,22.6385,1.7992]]],
[[[-79.1265,22.6432,2.7996],[-79.1274,22.646,0.0],[-79.1315,22.6443,0.7707],[-79.1338,22.636,0.9426],[-79.1321,22.6321,0.0],[-79.1304,22.6321,1.4761],[-79.1288,22.6363,1.1714],[-79.126,22.6368,0.5053],[-79.1249,22.6329,0.0],[-79.1285,22.6315,1.6892],[-79.1276,22.6299,0.0],[-79.1243,22.631,1.487],[-79.1243,22.6387,2.9626],[-79.1265,22.6432,2.7996]]],
[[[-79.0713,22.6418,2.3183],[-79.0796,22.6421,1.2112],[-79.0818,22.6396,3.2745],[-79.0779,22.6404,2.4174],[-79.0757,22.6379,0.0],[-79.0687,22.641,2.7405],[-79.0693,22.6424,0.0],[-79.0713,22.6418,2.3183]]],
[[[-79.0551,22.6432,0.8634],[-79.0549,22.6443,0.0],[-79.0568,22.6446,0.8826],[-79.0587,22.6418,0.624],[-79.0579,22.6415,0.624],[-79.0551,22.6432,0.8634]]],
[[[-79.0626,22.646,0.9655],[-79.0651,22.6471,0.0],[-79.066,22.6454,0.0],[-79.0632,22.6443,0.0],[-79.0626,22.646,0.9655]]],
[[[-79.1487,22.6507,1.0331],[-79.1471,22.6513,0.0],[-79.1546,22.6507,0.0],[-79.1571,22.6488,0.0],[-79.149,22.6501,0.0],[-79.1487,22.6507,1.0331]]],
[[[-79.074,22.6535,0.3643],[-79.0749,22.6557,0.6205],[-79.0774,22.6551,3.7902],[-79.0765,22.6529,0.8515],[-79.074,22.6535,0.3643]]],
[[[-79.134,22.6546,0.6742],[-79.1357,22.654,0.0],[-79.1335,22.6538,0.0],[-79.1321,22.6551,0.0],[-79.1335,22.6551,0.0],[-79.134,22.6546,0.6742]]],
[[[-79.0307,22.6176,1.8981],[-79.0285,22.6185,0.0],[-79.0338,22.6174,0.0],[-79.0318,22.6171,0.95009999999999994],[-79.0307,22.6176,1.8981]]],
[[[-78.8421,22.6715,2.6065],[-78.8465,22.6721,0.0],[-78.8388,22.6662,2.5045],[-78.8354,22.6657,0.9716],[-78.836,22.6674,0.0],[-78.8421,22.6715,2.6065]]],
[[[-78.8732,22.6854,1.2978],[-78.8763,22.6863,0.0],[-78.8715,22.6824,1.193],[-78.8679,22.6832,0.0],[-78.8679,22.684,0.0],[-78.8732,22.6854,1.2978]]],
[[[-78.8868,22.6901,0.5283],[-78.8887,22.6912,0.0],[-78.886,22.6849,0.0],[-78.8799,22.6854,0.0],[-78.8799,22.6863,0.439],[-78.8829,22.6868,3.1117],[-78.8868,22.6901,0.5283]]],
[[[-78.9046,22.6921,0.6554],[-78.9037,22.6937,0.6554],[-78.9068,22.6937,0.5826],[-78.906,22.6918,0.0],[-78.9046,22.6921,0.6554]]],
[[[-78.9079,22.6926,0.32],[-78.9071,22.6932,0.5826],[-78.9107,22.6943,0.0],[-78.9093,22.6921,0.32],[-78.9079,22.6926,0.32]]],
[[[-78.9607,22.6979,0.3659],[-78.9593,22.6985,0.3659],[-78.9685,22.6985,0.9531],[-78.9657,22.6963,0.0],[-78.9607,22.6979,0.3659]]],
[[[-79.4926,22.6565,0.1833],[-79.4943,22.6568,0.0],[-79.4926,22.6546,0.0],[-79.4929,22.6501,2.3442],[-79.4962,22.6485,0.5385],[-79.4985,22.6496,0.0],[-79.4987,22.6479,0.0],[-79.4907,22.6485,0.6346],[-79.4871,22.6446,0.3793],[-79.4849,22.6474,1.1429],[-79.4829,22.6476,0.6714],[-79.4818,22.6454,0.0],[-79.4765,22.6465,0.0],[-79.4732,22.6415,0.0],[-79.4696,22.6399,1.0872],[-79.469,22.6365,0.61],[-79.4651,22.6368,0.0],[-79.4615,22.634,0.0],[-79.4571,22.6335,0.0],[-79.4565,22.6293,0.0],[-79.4543,22.6254,0.0],[-79.4515,22.6257,0.0],[-79.4557,22.6293,0.0],[-79.4565,22.6354,0.3941],[-79.4518,22.6418,0.0],[-79.4571,22.6385,0.0],[-79.4576,22.6349,0.9195],[-79.461,22.6349,0.0],[-79.4649,22.6379,0.713],[-79.4612,22.6407,0.5252],[-79.4624,22.6432,0.0],[-79.4638,22.6432,0.0],[-79.4626,22.6413,0.5252],[-79.466,22.6407,0.1938],[-79.4682,22.6457,0.0],[-79.4704,22.6468,0.1389],[-79.4707,22.6435,0.3941],[-79.4724,22.6435,1.1586],[-79.4735,22.6493,0.1406],[-79.4776,22.6515,0.0],[-79.4779,22.6504,0.0],[-79.4749,22.649,0.1406],[-79.4749,22.6468,0.3397],[-79.4807,22.6468,0.1693],[-79.4829,22.6485,0.6714],[-79.4887,22.6482,0.6065],[-79.4879,22.654,0.2075],[-79.491,22.6538,0.1055],[-79.4926,22.6565,0.1833]]],
[[[-79.5785,22.6557,0.7079],[-79.5788,22.6654,1.3547],[-79.5799,22.6657,0.3112],[-79.5829,22.6626,1.5229],[-79.5832,22.6565,1.1317],[-79.5815,22.6549,0.8536],[-79.5785,22.6557,0.7079]]],
[[[-79.5038,22.6893,0.0],[-79.5057,22.691,0.0],[-79.514,22.6871,0.0],[-79.5118,22.6824,0.0],[-79.5121,22.6751,0.137],[-79.5163,22.6735,1.4177],[-79.5176,22.6749,0.3298],[-79.5185,22.6718,0.4498],[-79.5243,22.6707,0.0],[-79.5252,22.6662,0.2587],[-79.5276,22.6649,0.2832],[-79.524,22.6638,1.1112],[-79.5188,22.6557,0.2081],[-79.5188,22.6504,1.2184],[-79.5213,22.6473,0.8218],[-79.5168,22.6465,0.2434],[-79.5096,22.6396,2.3445],[-79.5071,22.6401,0.0],[-79.5076,22.6435,0.0],[-79.5029,22.6463,0.7598],[-79.501,22.6457,0.4603],[-79.5004,22.6474,0.2868],[-79.5035,22.6482,0.2425],[-79.5049,22.6465,0.6686],[-79.5101,22.6463,1.0889],[-79.5118,22.6485,0.2715],[-79.5118,22.6499,1.2377],[-79.506,22.6535,0.0],[-79.5093,22.6568,0.5255],[-79.5074,22.6568,0.0],[-79.5057,22.6593,0.0],[-79.5076,22.6607,0.0],[-79.5079,22.6576,0.0],[-79.5096,22.6576,0.1566],[-79.514,22.6596,0.0],[-79.5121,22.6638,0.0],[-79.5137,22.6712,0.0922],[-79.5118,22.6712,0.0],[-79.5129,22.674,0.2923],[-79.5113,22.6749,0.137],[-79.5104,22.6796,1.5754],[-79.5115,22.6857,0.1022],[-79.5085,22.6857,0.141],[-79.5076,22.679,0.0],[-79.511,22.6746,0.137],[-79.5085,22.6679,0.2297],[-79.511,22.6676,0.0],[-79.5071,22.666,0.0],[-79.5043,22.6599,0.0],[-79.5015,22.6604,0.177],[-79.5001,22.6588,0.177],[-79.499,22.6618,0.3885],[-79.4946,22.6624,0.2636],[-79.4987,22.6651,0.0],[-79.5015,22.6649,0.0],[-79.4982,22.6638,0.0],[-79.501,22.6621,0.0863],[-79.5029,22.664,0.0],[-79.5049,22.6635,0.8031],[-79.509,22.6721,0.7807],[-79.5085,22.6754,0.8122],[-79.5065,22.6768,0.0],[-79.5071,22.6879,0.0],[-79.5038,22.6893,0.0]]],
[[[-79.5007,22.6743,0.0],[-79.5032,22.6751,0.1116],[-79.5013,22.6699,0.0],[-79.5001,22.669,0.0],[-79.4993,22.671,0.1006],[-79.4965,22.6696,0.0],[-79.4993,22.6715,0.1006],[-79.5007,22.6743,0.0]]],
[[[-79.494,22.6815,0.4388],[-79.4993,22.6818,0.2711],[-79.4912,22.6774,0.3014],[-79.4912,22.6751,0.3573],[-79.4887,22.6743,0.376],[-79.491,22.6693,0.0],[-79.4893,22.6662,0.0],[-79.4887,22.6707,0.3832],[-79.4876,22.6688,0.4931],[-79.4846,22.6699,0.3437],[-79.4832,22.6679,0.168],[-79.4815,22.6699,0.3709],[-79.4776,22.6676,0.353],[-79.4837,22.6721,0.3793],[-79.4846,22.6757,0.0],[-79.4854,22.6746,0.1869],[-79.4879,22.6754,0.376],[-79.494,22.6815,0.4388]]],
[[[-79.5163,22.6796,0.0],[-79.5168,22.6813,0.0],[-79.5196,22.6818,0.7423],[-79.5201,22.6793,0.5529],[-79.5182,22.6779,0.4094],[-79.5163,22.6796,0.0]]],
[[[-79.5393,22.6846,2.5778],[-79.5385,22.6863,0.0],[-79.5415,22.6865,0.2919],[-79.5468,22.6851,1.5896],[-79.5482,22.6829,0.4108],[-79.5418,22.6807,0.3549],[-79.5393,22.6846,2.5778]]],
[[[-79.5643,22.6946,3.9742],[-79.5674,22.696,0.0],[-79.571,22.6949,0.7603],[-79.569,22.6924,0.6342],[-79.5693,22.6876,0.0],[-79.566,22.6854,0.0],[-79.5607,22.6868,0.6302],[-79.5604,22.6901,3.3256],[-79.5643,22.6946,3.9742]]],
[[[-79.5818,22.8096,0.356],[-79.6068,22.8079,0.9349],[-79.609,22.8065,1.6358],[-79.5993,22.8063,0.4063],[-79.6129,22.8043,0.0],[-79.619,22.8026,0.5268],[-79.6193,22.8012,0.8853],[-79.6212,22.8032,0.0],[-79.6218,22.8012,1.2462],[-79.6276,22.7993,0.4655],[-79.6282,22.7924,0.9095],[-79.6321,22.7865,0.5559],[-79.6296,22.7854,0.0],[-79.6288,22.7829,0.9407],[-79.6229,22.7818,0.7983],[-79.621,22.7793,1.8959],[-79.6174,22.7785,0.5844],[-79.6132,22.7826,0.9121],[-79.6093,22.7835,0.0],[-79.6085,22.7865,0.5876],[-79.6062,22.7865,0.0],[-79.606,22.7885,1.5309],[-79.5985,22.7874,0.1916],[-79.5929,22.794,0.7304],[-79.591,22.7921,0.0538],[-79.5876,22.7924,0.2621],[-79.5846,22.7885,0.0],[-79.5821,22.7918,0.8583],[-79.5807,22.7904,0.0],[-79.5776,22.7929,0.0672],[-79.5746,22.7926,0.1719],[-79.5699,22.7949,0.0],[-79.5701,22.7926,0.0],[-79.5626,22.7899,0.0],[-79.5646,22.7865,0.0],[-79.5585,22.7882,0.0],[-79.5593,22.791,0.1277],[-79.5576,22.7913,0.1277],[-79.5568,22.7885,0.2338],[-79.5587,22.7807,0.3486],[-79.5568,22.781,0.0],[-79.5543,22.7757,0.0],[-79.5571,22.7768,0.0],[-79.5563,22.7751,0.0],[-79.5582,22.774,0.0],[-79.561,22.7657,0.0],[-79.5576,22.7635,0.0],[-79.556,22.759,0.2305],[-79.5435,22.7543,0.0],[-79.5457,22.7493,0.0],[-79.5479,22.7485,0.6156],[-79.5471,22.7462,0.4616],[-79.5443,22.7457,0.4006],[-79.5404,22.748,0.0],[-79.5382,22.7468,0.0],[-79.5368,22.7488,0.0],[-79.5329,22.7468,0.0],[-79.5296,22.7474,0.4692],[-79.5304,22.7438,2.7373],[-79.534,22.7443,0.0],[-79.5357,22.7418,0.0],[-79.534,22.7351,0.0],[-79.5304,22.7313,2.3915],[-79.5301,22.7276,0.7477],[-79.5326,22.724,3.9213],[-79.5312,22.7226,0.9361],[-79.5296,22.7235,0.2288],[-79.5274,22.7201,0.0],[-79.5287,22.719,2.9141],[-79.5307,22.7201,2.9141],[-79.531,22.7174,1.1595],[-79.5293,22.7154,0.0],[-79.5249,22.715699999999998,0.8252],[-79.5168,22.7118,0.0],[-79.5062,22.7104,0.0],[-79.5029,22.7082,0.0],[-79.4976,22.7093,2.3304],[-79.4974,22.7074,1.1323],[-79.4951,22.7074,2.0259],[-79.4954,22.7051,0.7592],[-79.491,22.7018,0.0],[-79.489,22.6982,0.6805],[-79.4899,22.6968,0.0],[-79.4876,22.6954,0.0813],[-79.4882,22.6932,0.0],[-79.4807,22.6918,0.5632],[-79.4807,22.689,0.3388],[-79.4832,22.6882,0.0],[-79.4818,22.6851,0.2179],[-79.4854,22.6851,0.4542],[-79.4876,22.6813,0.0],[-79.4851,22.6821,0.0],[-79.4851,22.6838,0.4542],[-79.481,22.6838,0.08],[-79.4799,22.6799,0.0],[-79.4807,22.6874,0.1651],[-79.4768,22.6879,0.8521],[-79.4718,22.6838,0.0947],[-79.4735,22.6826,0.0],[-79.4724,22.681,0.0],[-79.4676,22.681,0.2608],[-79.4668,22.6771,0.0],[-79.4654,22.6807,0.3786],[-79.4615,22.6804,0.0],[-79.4579,22.6832,0.4051],[-79.4524,22.6824,0.1232],[-79.4437,22.6838,0.3023],[-79.4371,22.6865,0.0],[-79.4357,22.689,0.6787],[-79.4285,22.6901,0.1653],[-79.4268,22.686,0.8893],[-79.424,22.6849,0.0837],[-79.4246,22.681,0.4466],[-79.4271,22.6787,0.0],[-79.4249,22.6785,0.0],[-79.4238,22.681,0.4466],[-79.419,22.6804,0.2864],[-79.4176,22.6782,0.1524],[-79.4121,22.6782,0.2541],[-79.4079,22.6754,0.177],[-79.4068,22.6721,0.7521],[-79.4043,22.6707,0.9256],[-79.4054,22.6615,0.0],[-79.4026,22.6624,0.6497],[-79.4018,22.6662,0.45],[-79.3987,22.666,0.705],[-79.3882,22.6576,0.6426],[-79.3854,22.6526,0.0],[-79.3788,22.6493,1.0939],[-79.3768,22.6465,0.0],[-79.3732,22.6457,1.4617],[-79.369,22.6413,0.2989],[-79.3599,22.6418,0.348],[-79.3587,22.6404,0.0],[-79.3526,22.6404,0.0],[-79.3496,22.6379,1.9074],[-79.3485,22.6324,1.2231],[-79.3468,22.631,1.4222],[-79.346,22.6204,0.0],[-79.3385,22.6157,1.8123],[-79.3374,22.6124,0.406],[-79.334,22.6129,0.5493],[-79.3285,22.6093,0.5837],[-79.3179,22.6065,1.0266],[-79.3149,22.6076,5.1601],[-79.3176,22.6149,4.1301],[-79.3174,22.619,0.1493],[-79.3371,22.6349,1.1005],[-79.3432,22.6429,0.0],[-79.3682,22.6662,1.7424],[-79.3712,22.6738,0.0],[-79.376,22.6751,0.5945],[-79.381,22.6743,1.2362],[-79.3846,22.676,0.0],[-79.3863,22.6735,4.9175],[-79.389,22.6738,0.6866],[-79.399,22.6818,0.0],[-79.4015,22.6857,0.0],[-79.4068,22.6863,0.3391],[-79.4137,22.694,0.5038],[-79.4226,22.6946,1.8816],[-79.4235,22.6982,0.0],[-79.4313,22.7054,2.2058],[-79.4451,22.7118,0.4236],[-79.4482,22.7118,1.7193],[-79.4507,22.7093,1.4461],[-79.4485,22.7126,1.3627],[-79.4499,22.716,0.0],[-79.4587,22.7185,0.5145],[-79.4618,22.7162,0.4012],[-79.4604,22.721,0.0],[-79.4724,22.7226,0.9007],[-79.4874,22.7299,0.7519],[-79.4943,22.7374,0.0],[-79.5065,22.7399,1.208],[-79.5076,22.7418,0.0],[-79.5038,22.7421,0.0],[-79.5049,22.7443,0.0],[-79.5151,22.7493,0.1991],[-79.5221,22.7551,0.0],[-79.5274,22.7551,1.4141],[-79.5276,22.7579,1.1122],[-79.531,22.7607,0.6153],[-79.5349,22.7685,0.1432],[-79.5499,22.7854,0.0611],[-79.5713,22.8043,0.0],[-79.5818,22.8096,0.356]]],
[[[-79.5749,22.7787,0.0],[-79.5782,22.7801,0.0],[-79.5801,22.7774,0.2543],[-79.5776,22.7768,0.0],[-79.5749,22.7787,0.0]]],
[[[-79.6321,22.7838,1.1376],[-79.6332,22.7862,0.5559],[-79.6351,22.7854,2.6009],[-79.6335,22.7796,2.7174],[-79.6257,22.776,0.476],[-79.6249,22.7732,0.265],[-79.6171,22.774,0.0],[-79.6179,22.7779,0.5844],[-79.6196,22.7771,0.4546],[-79.6249,22.7807,0.0],[-79.6315,22.7821,0.0],[-79.6321,22.7838,1.1376]]],
[[[-79.5735,22.7793,0.0],[-79.5726,22.7793,0.0],[-79.5715,22.7821,0.0],[-79.5746,22.7821,0.0],[-79.5735,22.7793,0.0]]],
[[[-79.6493,22.8065,3.3856],[-79.6504,22.8085,0.7813],[-79.6518,22.8057,4.6382],[-79.6507,22.8054,0.0],[-79.6493,22.8065,3.3856]]],
[[[-79.6562,22.8176,0.0],[-79.6624,22.8179,3.0727],[-79.6699,22.8049,0.7331],[-79.6657,22.8037,0.0],[-79.6624,22.8063,1.191],[-79.6526,22.8076,1.4116],[-79.6518,22.811,0.0],[-79.6535,22.8135,0.0],[-79.6521,22.8146,0.0],[-79.6562,22.8176,0.0]]],
[[[-79.6879,22.8601,1.6538],[-79.6937,22.861,0.0],[-79.6982,22.8579,3.3122],[-79.6943,22.8546,0.9059],[-79.6976,22.8515,0.9145],[-79.6949,22.8529,0.6436],[-79.6915,22.8518,0.0],[-79.6907,22.844,0.7125],[-79.6879,22.846,1.7098],[-79.6857,22.8438,0.9072],[-79.689,22.8421,0.3265],[-79.6901,22.8393,1.7116],[-79.6921,22.8399,1.2267],[-79.6913,22.8424,0.0],[-79.6932,22.8421,0.0],[-79.6985,22.8354,0.9274],[-79.696,22.8312,1.3966],[-79.6854,22.8307,3.2269],[-79.6879,22.8296,0.0],[-79.6865,22.8282,0.0],[-79.679,22.8296,1.0309],[-79.6687,22.8385,1.6136],[-79.6607,22.8374,2.015],[-79.6532,22.851,0.0],[-79.6537,22.8526,0.0],[-79.6554,22.8526,1.0932],[-79.6663,22.849,1.1136],[-79.6721,22.8487,1.5393],[-79.684,22.854,2.4105],[-79.6879,22.8601,1.6538]]],
[[[-79.7015,22.8501,1.0911],[-79.7004,22.8549,1.2041],[-79.7093,22.8526,1.1901],[-79.7101,22.8543,0.9584],[-79.7121,22.8535,0.0],[-79.7071,22.8485,0.0],[-79.7035,22.8479,0.6593],[-79.7015,22.8501,1.0911]]],
[[[-79.9032,22.876,0.9627],[-79.9046,22.8774,0.0],[-79.909,22.8749,0.9433],[-79.901,22.8729,0.0],[-79.9032,22.876,0.9627]]],
[[[-79.7304,22.8876,0.8363],[-79.7321,22.8888,0.0],[-79.736,22.8879,0.0],[-79.7363,22.8851,0.7163],[-79.7401,22.8838,1.2172],[-79.7346,22.8829,0.0],[-79.739,22.8785,0.5403],[-79.7424,22.8704,0.5194],[-79.726,22.8629,0.9203],[-79.7213,22.8626,0.4004],[-79.7226,22.8674,0.6771],[-79.7274,22.8696,1.8422],[-79.7279,22.8726,0.7798],[-79.7232,22.8726,0.0],[-79.7226,22.8743,0.4068],[-79.7187,22.8754,0.0],[-79.7185,22.8768,1.0222],[-79.7154,22.8768,0.0],[-79.7151,22.8782,0.0],[-79.7218,22.8821,0.0],[-79.7251,22.8868,0.3552],[-79.7304,22.8876,0.8363]]],
[[[-79.7546,22.8765,1.5665],[-79.7554,22.879,0.0],[-79.759,22.874,4.6704],[-79.7576,22.874,4.6704],[-79.7546,22.8765,1.5665]]],
[[[-79.9465,22.8885,1.8503],[-79.949,22.8896,0.0],[-79.946,22.8849,1.0987],[-79.9429,22.8857,2.1665],[-79.9435,22.8874,0.0],[-79.9465,22.8885,1.8503]]],
[[[-79.691,22.8851,0.0],[-79.6926,22.8876,0.3059],[-79.6924,22.8863,1.2239],[-79.6954,22.884,0.0],[-79.6932,22.8838,2.8134],[-79.6932,22.879,0.512],[-79.6899,22.8749,2.6605],[-79.6954,22.8726,0.0],[-79.6935,22.8701,0.0],[-79.6954,22.8679,0.6062],[-79.6963,22.8701,1.0305],[-79.7018,22.8693,0.5797],[-79.7001,22.8671,0.2931],[-79.7038,22.8629,0.313],[-79.7051,22.8632,0.313],[-79.7051,22.8651,0.0],[-79.7007,22.8715,0.6962],[-79.7015,22.8754,0.7353],[-79.6971,22.874,0.0],[-79.6968,22.8765,0.0],[-79.7087,22.879,0.0],[-79.7115,22.8749,0.3547],[-79.7201,22.8715,0.0],[-79.7221,22.8688,0.464],[-79.719,22.859,0.0],[-79.7126,22.8546,0.9991],[-79.7093,22.8546,0.4051],[-79.7063,22.8574,0.6594],[-79.7038,22.8565,0.9919],[-79.7026,22.8587,1.1512],[-79.6957,22.8624,0.7901],[-79.6921,22.8624,3.4557],[-79.6904,22.8651,0.0],[-79.6896,22.8743,2.6605],[-79.6851,22.8757,3.9113],[-79.684,22.8787,0.0],[-79.691,22.8851,0.0]]],
[[[-79.6979,22.884,0.0],[-79.6971,22.8849,0.0],[-79.7018,22.8851,0.0],[-79.7021,22.8835,0.0],[-79.6979,22.8838,0.0],[-79.6979,22.884,0.0]]],
[[[-79.6771,22.889,0.3578],[-79.6768,22.8921,0.0],[-79.6782,22.8924,0.0],[-79.679,22.8879,0.0],[-79.6771,22.889,0.3578]]],
[[[-79.7063,22.9013,0.0],[-79.709,22.9029,0.0],[-79.7107,22.9021,0.0],[-79.7068,22.9001,0.0],[-79.7063,22.9013,0.0]]],
[[[-79.824,22.8885,1.4988],[-79.8249,22.8907,0.0],[-79.8268,22.8879,1.6508],[-79.8251,22.8874,1.6508],[-79.824,22.8885,1.4988]]],
[[[-79.9526,22.8935,6.1472],[-79.9543,22.8946,1.255],[-79.9518,22.8907,1.656],[-79.9512,22.8921,0.4165],[-79.9526,22.8935,6.1472]]],
[[[-79.7207,22.9082,1.5645],[-79.7229,22.9099,0.7946],[-79.7243,22.9071,0.8971],[-79.7218,22.9051,0.7642],[-79.7232,22.9043,0.5488],[-79.724,22.906,0.8546],[-79.7262,22.906,0.0],[-79.7268,22.9046,0.0],[-79.7162,22.8946,0.3062],[-79.7218,22.8965,0.944],[-79.7249,22.8901,0.0],[-79.7215,22.891,0.5715],[-79.7207,22.8932,0.7154],[-79.7179,22.8918,1.5966],[-79.7154,22.8851,0.8286],[-79.7182,22.8863,0.6155],[-79.7199,22.8904,0.2002],[-79.7229,22.8888,0.0],[-79.7221,22.886,0.5399],[-79.7187,22.8818,0.0],[-79.7154,22.881,0.7305],[-79.7157,22.8793,0.338],[-79.711,22.879,0.435],[-79.7087,22.8812,0.0],[-79.711,22.8821,0.5316],[-79.7118,22.8846,0.4846],[-79.7093,22.8854,0.0],[-79.7101,22.8888,0.3738],[-79.7087,22.8885,0.0],[-79.7087,22.8899,0.0],[-79.7118,22.8901,0.3738],[-79.7107,22.8918,1.4187],[-79.7126,22.8946,0.0],[-79.7093,22.8957,0.0],[-79.7085,22.8999,0.0],[-79.714,22.899,0.4716],[-79.7193,22.9035,1.2402],[-79.7215,22.903199999999998,1.0942],[-79.7213,22.9049,0.7642],[-79.7174,22.9037,0.0],[-79.7207,22.9082,1.5645]]],
[[[-79.7249,22.8971,1.2532],[-79.7254,22.899,0.0],[-79.7288,22.8982,0.0],[-79.7282,22.8968,0.0],[-79.7249,22.8971,1.2532]]],
[[[-79.9563,22.9132,1.2105],[-79.9563,22.9151,1.6587],[-79.9587,22.9138,0.6653],[-79.9568,22.9121,2.1279],[-79.9585,22.909,2.5088],[-79.9532,22.9004,0.0],[-79.9488,22.9024,3.3128],[-79.9479,22.8982,4.1596],[-79.949,22.8971,0.4142],[-79.9471,22.8935,0.0],[-79.9421,22.8913,0.0],[-79.9362,22.8918,0.0],[-79.9351,22.8929,0.0],[-79.936,22.8971,0.0],[-79.9393,22.8993,1.7479],[-79.939,22.9007,0.5694],[-79.936,22.9007,0.0],[-79.9371,22.9035,2.3973],[-79.9449,22.9068,2.7196],[-79.9443,22.9043,3.0546],[-79.9399,22.9018,0.5694],[-79.9407,22.9007,0.7578],[-79.9446,22.904,0.8757],[-79.9485,22.9043,6.2899],[-79.9554,22.9101,4.7722],[-79.9563,22.9132,1.2105]]],
[[[-79.944,22.9088,0.0],[-79.9457,22.9099,0.0],[-79.9474,22.9096,0.0],[-79.9449,22.9074,2.9919],[-79.944,22.9088,0.0]]],
[[[-79.9404,22.9107,0.3491],[-79.9424,22.9118,0.0],[-79.9443,22.9115,0.0],[-79.9407,22.9096,0.0],[-79.9404,22.9107,0.3491]]],
[[[-79.961,22.9118,2.8924],[-79.9635,22.9129,0.0],[-79.9638,22.9107,0.0],[-79.9604,22.9093,0.9941],[-79.9596,22.9124,0.0],[-79.961,22.9118,2.8924]]],
[[[-79.9512,22.9115,0.0],[-79.9504,22.9118,0.0],[-79.9504,22.9154,0.0],[-79.9518,22.9138,0.7927],[-79.9512,22.9115,0.0]]],
[[[-79.9399,22.9165,0.0],[-79.9426,22.9176,0.422],[-79.9432,22.916,0.6513],[-79.9413,22.9151,0.0],[-79.9399,22.9165,0.0]]],
[[[-79.7674,22.9285,1.6874],[-79.7732,22.929,0.8217],[-79.7685,22.9265,2.3374],[-79.7657,22.9226,0.5126],[-79.7629,22.9232,2.0113],[-79.761,22.9176,1.093],[-79.7596,22.9174,1.093],[-79.7596,22.9218,1.755],[-79.7621,22.9224,2.0113],[-79.7626,22.9246,0.9598],[-79.7674,22.9285,1.6874]]],
[[[-79.7974,22.9407,0.4007],[-79.7988,22.9421,0.0],[-79.8049,22.941,0.0],[-79.8087,22.9371,0.0],[-79.8043,22.9387,5.5193],[-79.8024,22.9371,5.5193],[-79.8024,22.9296,0.0],[-79.8004,22.9282,0.0],[-79.794,22.9282,0.0],[-79.7926,22.9307,1.9102],[-79.7846,22.9257,2.5584],[-79.784,22.9287,2.1011],[-79.791,22.9335,1.856],[-79.7974,22.9407,0.4007]]],
[[[-79.8735,22.9626,0.8115],[-79.8746,22.9649,3.2302],[-79.8804,22.9638,0.0],[-79.8893,22.9562,0.0],[-79.8949,22.9443,0.7974],[-79.8957,22.9465,1.7607],[-79.8932,22.9507,2.9528],[-79.894,22.9524,0.6436],[-79.8976,22.949,0.0],[-79.9007,22.9415,2.7859],[-79.9037,22.9396,1.0168],[-79.904,22.9407,1.9182],[-79.9037,22.9415,1.9182],[-79.901,22.9432,0.8429],[-79.8985,22.9501,0.0],[-79.8915,22.9579,0.826],[-79.8913,22.961,0.0],[-79.8942,22.9638,0.0],[-79.9018,22.9621,0.0],[-79.9126,22.9621,0.7809],[-79.9143,22.9638,0.0],[-79.9238,22.9632,0.4081],[-79.9287,22.961,0.0],[-79.931,22.9565,2.3559],[-79.9374,22.9518,0.0],[-79.9349,22.946,0.9622],[-79.939,22.9493,1.6527],[-79.9401,22.9529,0.847],[-79.9424,22.9515,2.3499],[-79.9465,22.9521,0.0],[-79.9468,22.9501,2.2639],[-79.9504,22.9493,1.8484],[-79.9524,22.9438,3.6196],[-79.9457,22.9354,4.4488],[-79.9454,22.9299,2.8419],[-79.9379,22.9235,0.0],[-79.9351,22.9229,2.2724],[-79.9365,22.9193,0.0],[-79.9318,22.9163,0.0],[-79.9282,22.9168,0.0],[-79.9224,22.921,3.291],[-79.9313,22.934,2.8463],[-79.9279,22.9376,2.5939],[-79.9257,22.936,1.4427],[-79.9251,22.9379,1.3069],[-79.9229,22.9374,1.5513],[-79.921,22.9429,1.0435],[-79.9218,22.9471,1.3267],[-79.919,22.9446,0.0],[-79.9168,22.9471,1.3663],[-79.9151,22.9454,1.4469],[-79.9157,22.9418,0.0],[-79.9082,22.9296,0.7569],[-79.9051,22.9313,0.3708],[-79.899,22.9307,0.6148],[-79.8965,22.9346,1.3632],[-79.8979,22.9307,0.6148],[-79.896,22.9299,0.0],[-79.894,22.9257,0.3335],[-79.8901,22.9263,1.1437],[-79.8904,22.9221,1.714],[-79.8874,22.9215,0.5197],[-79.8832,22.9171,1.7334],[-79.876,22.9135,0.0],[-79.8726,22.9182,1.8001],[-79.8749,22.9196,0.9714],[-79.8763,22.9235,0.0],[-79.8796,22.9207,1.3899],[-79.8788,22.9287,1.946],[-79.8812,22.9399,1.2856],[-79.8796,22.9418,1.1744],[-79.8804,22.9451,0.0],[-79.8782,22.9521,2.1764],[-79.874,22.9571,0.0],[-79.8735,22.9626,0.8115]]],
[[[-79.8712,22.9424,0.0],[-79.8751,22.9438,0.0],[-79.8749,22.9399,0.5397],[-79.8712,22.9399,0.0],[-79.8712,22.9424,0.0]]],
[[[-79.754,22.9451,0.2935],[-79.7568,22.946,0.0],[-79.7565,22.9418,0.0],[-79.7529,22.9435,0.0],[-79.754,22.9451,0.2935]]],
[[[-79.8562,22.9604,2.2655],[-79.859,22.9618,1.4363],[-79.8629,22.9576,1.1298],[-79.8688,22.956,0.0],[-79.8743,22.9488,2.5083],[-79.8743,22.9457,3.5366],[-79.8701,22.9443,2.7629],[-79.8654,22.9374,4.4728],[-79.8626,22.9387,0.0],[-79.8615,22.9443,0.0],[-79.8632,22.9457,2.0258],[-79.861,22.946,2.0963],[-79.859,22.9485,1.4268],[-79.8599,22.951,3.5387],[-79.8518,22.9535,2.199],[-79.8562,22.9604,2.2655]]],
[[[-79.8437,22.9726,1.7376],[-79.8465,22.9732,0.752],[-79.8468,22.9679,1.6918],[-79.8376,22.9654,0.0],[-79.8335,22.9615,0.0],[-79.8332,22.959,1.448],[-79.826,22.9596,1.6426],[-79.8299,22.9571,0.0],[-79.8332,22.9576,0.0],[-79.8354,22.961,0.8584],[-79.8407,22.9601,5.4131],[-79.8437,22.9612,0.0],[-79.8432,22.9585,1.342],[-79.8376,22.9549,0.0],[-79.8365,22.949,1.4157],[-79.8282,22.9474,1.5682],[-79.8304,22.9457,2.501],[-79.8351,22.9457,0.0],[-79.8396,22.9488,0.0],[-79.8351,22.9374,3.3167],[-79.8296,22.9371,4.6871],[-79.8282,22.9387,0.0],[-79.8249,22.939,1.9413],[-79.8232,22.9429,4.9634],[-79.8187,22.9413,1.9157],[-79.8112,22.9421,1.3898],[-79.8268,22.9674,0.0],[-79.8332,22.9662,2.5943],[-79.8437,22.9726,1.7376]]],
[[[-79.9424,22.9688,1.3316],[-79.9449,22.9699,2.1093],[-79.949,22.9679,0.227],[-79.9515,22.9621,1.6711],[-79.9546,22.961,1.725],[-79.961,22.9654,1.4416],[-79.9626,22.9643,1.4416],[-79.9626,22.9618,1.257],[-79.9665,22.9612,0.9465],[-79.966,22.9593,0.0],[-79.9676,22.9568,0.0],[-79.9632,22.9535,0.0],[-79.9615,22.9488,3.0345],[-79.9587,22.9488,0.0],[-79.9557,22.9532,1.975],[-79.951,22.9529,0.6267],[-79.9463,22.9596,0.7938],[-79.944,22.9599,0.8248],[-79.9437,22.9618,0.0],[-79.9404,22.964,4.2856],[-79.9401,22.9671,0.0],[-79.9424,22.9688,1.3316]]],
[[[-79.9346,22.9618,1.72],[-79.9374,22.9632,0.6283],[-79.9407,22.9596,1.309],[-79.9449,22.9579,0.5256],[-79.9451,22.956,1.4204],[-79.9407,22.9574,2.3147],[-79.9396,22.9596,1.0909],[-79.9349,22.9601,0.0],[-79.9346,22.9618,1.72]]],
[[[-79.8474,22.9671,1.6918],[-79.8476,22.9715,4.2517],[-79.8504,22.9715,1.8546],[-79.854,22.9688,1.3495],[-79.856,22.9693,0.0],[-79.8624,22.9665,0.6432],[-79.8629,22.9643,3.2163],[-79.8579,22.9635,3.2883],[-79.8496,22.9554,2.9687],[-79.8446,22.9582,1.1597],[-79.8474,22.9671,1.6918]]],
[[[-79.9943,22.9724,0.0],[-79.9993,22.9724,0.6117],[-79.9996,22.969,0.7518],[-79.9979,22.9679,0.3721],[-80.0018,22.9688,0.0],[-80.0018,22.9638,1.3339],[-79.9938,22.9696,2.2529],[-79.9943,22.9724,0.0]]],
[[[-79.9693,22.984,0.0],[-79.974,22.9851,0.8438],[-79.9757,22.9835,0.0],[-79.9757,22.9804,0.0],[-79.9726,22.9776,0.3674],[-79.9699,22.9779,1.6451],[-79.9674,22.9751,0.0],[-79.9687,22.9721,0.9672],[-79.9662,22.9704,0.9552],[-79.9654,22.9665,0.0],[-79.9635,22.9688,1.333],[-79.9582,22.969,1.3724],[-79.9571,22.9707,2.6041],[-79.9507,22.9685,0.0],[-79.9457,22.9704,2.1093],[-79.9507,22.9779,0.3798],[-79.9585,22.9821,0.0],[-79.9693,22.984,0.0]]],
[[[-79.9912,23.0057,0.0],[-79.9965,23.0068,2.0625],[-79.9993,23.0051,0.0],[-79.9996,23.0021,0.3925],[-80.0032,22.9976,0.4975],[-80.0013,22.996,0.6302],[-80.0024,22.994,0.0],[-80.0001,22.9921,0.6212],[-79.996,22.9982,0.5435],[-79.9943,22.9979,0.4273],[-79.9957,22.9968,0.2607],[-79.9946,22.9949,0.0],[-79.991,22.9968,0.0],[-79.9921,22.9926,0.0],[-79.9904,22.991,0.0],[-79.9926,22.9899,0.3133],[-79.9926,22.9876,0.3124],[-79.9876,22.986,0.5752],[-79.9887,22.9826,0.5451],[-79.9826,22.9824,0.7763],[-79.9812,22.9849,0.0],[-79.9849,22.9904,1.0677],[-79.984,22.9963,0.3584],[-79.986,23.0021,0.0],[-79.9912,23.0057,0.0]]],
[[[-80.0124,23.0476,0.9367],[-80.0165,23.0482,0.0],[-80.0176,23.0432,0.0],[-80.0163,23.0407,1.3914],[-80.0193,23.0404,1.3806],[-80.0218,23.0357,0.9934],[-80.019,23.0349,0.0],[-80.0179,23.0371,0.7558],[-80.0107,23.0379,0.0],[-80.0088,23.0418,0.4536],[-80.009,23.0376,0.0],[-80.0121,23.0357,0.2478],[-80.001,23.0293,0.5974],[-79.9985,23.0296,1.0206],[-80.0013,23.0265,0.814],[-80.0021,23.029,1.3726],[-80.0099,23.0332,0.4024],[-80.0129,23.028199999999998,0.7123],[-80.0157,23.0287,0.7705],[-80.0171,23.0271,0.499],[-80.0204,23.0304,0.4227],[-80.0193,23.0332,0.1522],[-80.0207,23.0343,0.0],[-80.0271,23.0304,0.7608],[-80.024,23.0346,0.0],[-80.031,23.0304,2.4298],[-80.0346,23.0254,2.717],[-80.0351,23.0201,0.0],[-80.0332,23.0168,0.0],[-80.0315,23.0174,0.4316],[-80.0321,23.0215,1.0992],[-80.031,23.019,0.2143],[-80.029,23.0199,0.28],[-80.0326,23.014,2.4696],[-80.0285,23.0101,0.8248],[-80.0329,23.0107,0.0],[-80.029,23.0076,0.6899],[-80.0285,23.0054,0.6466],[-80.0251,23.0057,0.4432],[-80.0271,23.0029,0.0],[-80.0251,23.0015,0.0],[-80.019,23.0051,0.839],[-80.0163,23.0046,0.0],[-80.0146,23.0063,0.3635],[-80.016,23.0071,0.0],[-80.0151,23.0088,0.6082],[-80.0129,23.0065,0.5588],[-80.0104,23.0104,0.5004],[-80.0065,23.0126,0.81],[-80.0062,23.0115,0.0],[-80.0085,23.0093,0.0],[-80.0051,23.0076,1.1544],[-80.0065,23.0043,0.0],[-80.004,23.0035,0.0],[-80.0013,23.0057,4.0251],[-79.999,23.009,2.4482],[-79.9982,23.0149,4.1225],[-79.9976,23.0126,0.8187],[-79.9951,23.0143,0.0],[-79.9962,23.0187,3.3478],[-79.9976,23.0165,6.1],[-79.9996,23.0182,0.7765],[-79.9979,23.029,1.0206],[-79.9915,23.034,3.6253],[-79.9885,23.0335,0.0],[-79.9918,23.0385,1.0005],[-79.9943,23.0385,0.4185],[-79.9962,23.0354,3.8245],[-80.0007,23.0368,4.6814],[-80.0038,23.0421,0.0],[-80.0065,23.0429,3.2958],[-80.0076,23.0451,2.0199],[-80.0118,23.0457,0.3913],[-80.0124,23.0476,0.9367]]],
[[[-80.1996,23.0362,0.0],[-80.1999,23.0404,0.1418],[-80.2015,23.0404,0.1418],[-80.2018,23.0362,0.0],[-80.1996,23.0362,0.0]]],
[[[-80.231,23.0382,0.3387],[-80.2296,23.039,0.0],[-80.2321,23.0396,0.0],[-80.2332,23.0371,0.1593],[-80.231,23.0365,0.0],[-80.231,23.0382,0.3387]]],
[[[-80.2021,23.0426,0.0],[-80.2043,23.0451,0.0],[-80.204,23.0399,0.0],[-80.2012,23.0412,0.0],[-80.2021,23.0426,0.0]]],
[[[-80.2049,23.0435,0.0],[-80.206,23.0454,0.0],[-80.2085,23.0451,0.0],[-80.2068,23.0424,0.1162],[-80.2049,23.0435,0.0]]],
[[[-80.1963,23.0404,0.0],[-80.1954,23.0415,0.135],[-80.1982,23.0418,0.0],[-80.1988,23.0396,0.0],[-80.1963,23.0399,0.0],[-80.1963,23.0404,0.0]]],
[[[-80.1904,23.0446,0.6892],[-80.1935,23.0465,0.0],[-80.1924,23.0426,0.0],[-80.1907,23.0426,0.5016],[-80.1904,23.0446,0.6892]]],
[[[-80.069,23.0726,0.2138],[-80.0757,23.074,0.0],[-80.0771,23.0721,2.5433],[-80.0818,23.071,1.8351],[-80.0871,23.0732,0.0],[-80.0854,23.0715,1.9672],[-80.0854,23.0635,0.8338],[-80.0843,23.0635,0.8338],[-80.084,23.0649,0.7075],[-80.0826,23.0637,2.7999],[-80.0868,23.0613,0.0],[-80.0862,23.0563,3.0499],[-80.091,23.0565,0.5868],[-80.0924,23.054,1.6879],[-80.0893,23.0549,0.5132],[-80.0899,23.0515,0.76],[-80.0837,23.051,2.7324],[-80.0837,23.0482,2.9079],[-80.0862,23.0443,3.0979],[-80.089,23.0504,3.9238],[-80.0915,23.0507,0.3428],[-80.0921,23.0526,0.0],[-80.0957,23.0513,0.0],[-80.0935,23.0513,2.0254],[-80.0915,23.0468,0.0],[-80.0857,23.0426,2.5799],[-80.0854,23.041,1.5481],[-80.0879,23.0412,0.9257],[-80.0885,23.0396,0.0],[-80.084,23.0396,1.4873],[-80.0835,23.0346,2.4445],[-80.0813,23.0346,1.345],[-80.0788,23.0376,6.2263],[-80.0732,23.0382,0.6381],[-80.069,23.0415,3.213],[-80.0674,23.0415,2.3463],[-80.0668,23.0385,0.0],[-80.0638,23.0415,2.9045],[-80.0593,23.0396,2.2108],[-80.0601,23.0357,0.0],[-80.0565,23.0332,2.1426],[-80.0546,23.0232,0.5358],[-80.0515,23.019,0.0],[-80.0493,23.019,2.1848],[-80.0476,23.0224,4.2822],[-80.0426,23.0251,0.0],[-80.0415,23.029,2.2812],[-80.0449,23.0338,0.0],[-80.0496,23.0343,1.3355],[-80.0571,23.039,0.336],[-80.0624,23.046,1.9286],[-80.0618,23.0501,5.2333],[-80.0585,23.0532,1.585],[-80.0563,23.0529,0.1694],[-80.056,23.0551,0.885],[-80.0607,23.059,0.0],[-80.0657,23.0604,1.6383],[-80.0693,23.0685,0.7943],[-80.0685,23.071,2.1838],[-80.0663,23.0715,0.1434],[-80.069,23.0726,0.2138]]],
[[[-80.199,23.0479,2.9316],[-80.1985,23.046,0.0],[-80.1971,23.0488,0.0],[-80.1988,23.0485,2.9316],[-80.199,23.0479,2.9316]]],
[[[-80.2299,23.0412,0.0],[-80.2274,23.0404,0.0],[-80.226,23.0432,0.0],[-80.2282,23.0446,0.1822],[-80.231,23.0535,1.7945],[-80.2349,23.0521,0.0],[-80.2346,23.0507,0.0],[-80.2324,23.0507,0.5959],[-80.2326,23.0493,0.026],[-80.2401,23.0485,0.2488],[-80.2415,23.0465,0.1428],[-80.2407,23.0438,0.0],[-80.2429,23.0432,0.0],[-80.2401,23.0407,0.3116],[-80.2379,23.041,0.1443],[-80.2371,23.0435,0.1324],[-80.2329,23.0435,0.0],[-80.2318,23.0412,0.087],[-80.2299,23.0412,0.0]]],
[[[-80.1982,23.0518,0.4898],[-80.1974,23.0535,0.0],[-80.1985,23.0537,5.0737],[-80.2004,23.0513,0.0],[-80.1988,23.051,0.4898],[-80.1982,23.0518,0.4898]]],
[[[-80.2426,23.0632,0.0],[-80.2438,23.0646,0.0],[-80.2487,23.0637,0.5342],[-80.2471,23.061,0.4571],[-80.2493,23.0599,0.0],[-80.2471,23.0588,0.3748],[-80.2468,23.0568,0.7343],[-80.2493,23.054,0.0],[-80.2443,23.0485,0.361],[-80.2415,23.0476,0.0],[-80.2412,23.0504,0.0],[-80.2446,23.0554,0.0],[-80.241,23.056,0.0],[-80.2426,23.0632,0.0]]],
[[[-80.2288,23.0857,0.5463],[-80.2307,23.0868,0.4735],[-80.2288,23.0832,1.9065],[-80.2318,23.0857,0.4735],[-80.2354,23.0851,0.3357],[-80.2443,23.0788,0.489],[-80.2446,23.0763,2.429],[-80.2421,23.0754,1.1297],[-80.2424,23.0715,0.0],[-80.2454,23.0696,0.0],[-80.2462,23.066,0.3795],[-80.239,23.0643,0.4794],[-80.2412,23.0679,0.0],[-80.2363,23.0693,0.0],[-80.2363,23.0707,0.0],[-80.2396,23.0707,0.0],[-80.2412,23.0726,1.1664],[-80.2399,23.0726,0.0],[-80.2401,23.0746,0.0],[-80.2371,23.0746,0.0],[-80.2371,23.0732,0.0],[-80.234,23.0724,0.0],[-80.2326,23.0815,0.3716],[-80.2299,23.0749,0.2426],[-80.2268,23.0746,0.6972],[-80.2279,23.0776,0.6688],[-80.2299,23.0776,1.221],[-80.2296,23.0793,1.0509],[-80.2257,23.0779,0.6619],[-80.2246,23.079,0.0],[-80.2268,23.0801,1.5712],[-80.2288,23.0857,0.5463]]],
[[[-80.1804,23.0529,0.0],[-80.1796,23.0554,0.4147],[-80.1849,23.0537,0.0],[-80.1815,23.0524,0.1853],[-80.1804,23.0529,0.0]]],
[[[-80.1879,23.0557,0.0],[-80.1918,23.0568,0.0],[-80.1929,23.0546,0.0],[-80.1913,23.0513,0.0],[-80.1882,23.0518,0.344],[-80.1879,23.0557,0.0]]],
[[[-80.1732,23.0629,1.6075],[-80.1754,23.064,0.5241],[-80.176,23.0618,0.0],[-80.1732,23.0604,0.0],[-80.1721,23.0635,0.6543],[-80.1732,23.0629,1.6075]]],
[[[-80.1415,23.086,0.6787],[-80.1438,23.0857,0.0],[-80.1471,23.0815,2.8868],[-80.1529,23.0838,0.0],[-80.1554,23.0832,0.0],[-80.1557,23.0774,1.9613],[-80.1568,23.0846,0.7117],[-80.1643,23.0857,1.162],[-80.1657,23.0888,0.0],[-80.1693,23.0865,0.0],[-80.1687,23.0821,0.0],[-80.1654,23.0804,0.6841],[-80.1693,23.0774,0.0],[-80.1701,23.0743,0.4828],[-80.1724,23.0793,0.3095],[-80.1701,23.0826,0.0],[-80.1721,23.0843,0.0],[-80.1685,23.0893,0.0],[-80.1754,23.0929,2.1077],[-80.1807,23.1001,0.0],[-80.184,23.1001,4.7622],[-80.1826,23.1035,0.0],[-80.1924,23.106,2.978],[-80.1979,23.1115,1.4306],[-80.2004,23.119,0.0],[-80.2046,23.1165,3.642],[-80.2143,23.1174,0.0],[-80.2182,23.1157,0.0],[-80.2204,23.1126,0.0],[-80.2143,23.1087,0.0],[-80.2124,23.1032,0.4408],[-80.2149,23.101,0.8206],[-80.2129,23.0971,0.3119],[-80.2165,23.0979,0.7428],[-80.2171,23.1015,0.0],[-80.2226,23.1051,0.7801],[-80.2254,23.1029,2.608],[-80.2254,23.1007,1.1883],[-80.2235,23.0996,1.1423],[-80.2243,23.0976,0.5953],[-80.2265,23.0946,1.5041],[-80.2299,23.094,0.6358],[-80.2285,23.091,0.0],[-80.2301,23.0876,0.4826],[-80.2279,23.0857,0.2241],[-80.2249,23.0879,0.2216],[-80.2224,23.0871,0.5818],[-80.2226,23.0849,0.7031],[-80.2254,23.0849,0.5938],[-80.2254,23.0829,0.5481],[-80.2226,23.0807,0.3934],[-80.2224,23.0832,0.6777],[-80.2182,23.074,0.0],[-80.2162,23.0746,0.0],[-80.216,23.0707,0.0],[-80.2132,23.0729,0.0],[-80.2154,23.0785,0.3694],[-80.2132,23.0774,0.3656],[-80.2121,23.0785,0.3656],[-80.2104,23.0768,0.5355],[-80.2115,23.0729,0.0],[-80.2096,23.0718,0.0],[-80.2095,23.0771,2.0474],[-80.2076,23.0765,1.8106],[-80.2063,23.0785,0.9788],[-80.2074,23.0718,0.0],[-80.2063,23.0704,0.0],[-80.2026,23.0704,0.0],[-80.2065,23.069,0.0],[-80.2071,23.0674,0.3906],[-80.204,23.064,0.8525],[-80.2015,23.0649,0.8799],[-80.2004,23.0674,1.5016],[-80.2004,23.0743,0.7784],[-80.1929,23.0771,1.0529],[-80.1915,23.0757,0.0],[-80.194,23.0732,0.0],[-80.1904,23.0713,1.0784],[-80.1893,23.0657,0.899],[-80.1913,23.0618,0.0],[-80.1899,23.0604,0.0],[-80.1874,23.0624,1.3366],[-80.1882,23.0654,0.4483],[-80.1843,23.0657,0.4029],[-80.1835,23.064,0.0],[-80.1815,23.0668,0.2615],[-80.1799,23.0649,1.5005],[-80.1824,23.0637,0.8946],[-80.1832,23.0596,0.3938],[-80.1787,23.0596,0.0],[-80.1735,23.0713,1.7963],[-80.1701,23.0715,0.1583],[-80.1732,23.0671,0.815],[-80.1721,23.0651,0.0],[-80.1696,23.0657,1.4353],[-80.1712,23.0599,0.0],[-80.1774,23.056,0.0],[-80.1768,23.0529,0.0741],[-80.1735,23.0529,0.2476],[-80.1738,23.0474,0.0],[-80.1707,23.0485,0.0826],[-80.171,23.0471,0.0826],[-80.1735,23.0457,0.488],[-80.1754,23.0476,0.2864],[-80.1832,23.049,0.6213],[-80.1837,23.0457,0.0],[-80.186,23.0443,0.3113],[-80.184,23.0493,0.6213],[-80.1843,23.0518,0.0],[-80.186,23.0521,0.0],[-80.1874,23.0501,0.0],[-80.1874,23.044,0.5699],[-80.1896,23.0446,0.6892],[-80.1879,23.0415,2.118],[-80.1907,23.0385,0.2128],[-80.1835,23.039,0.4312],[-80.1821,23.036,0.9042],[-80.1835,23.0338,0.7674],[-80.1865,23.0365,0.4494],[-80.1893,23.0362,0.0],[-80.1876,23.0324,0.0],[-80.1904,23.0321,0.0],[-80.1896,23.0349,0.0],[-80.1901,23.0371,0.2128],[-80.1915,23.0371,0.2001],[-80.1918,23.0412,0.0],[-80.1963,23.0385,0.0],[-80.1963,23.0351,0.0],[-80.1929,23.029,0.0],[-80.1874,23.0287,0.0],[-80.1901,23.0251,0.2581],[-80.1885,23.0243,0.0],[-80.1879,23.0265,0.0],[-80.1837,23.0293,1.4236],[-80.1846,23.0304,1.4236],[-80.1865,23.0293,0.8544],[-80.1871,23.0313,0.0],[-80.1824,23.0318,0.291],[-80.1826,23.0338,0.0],[-80.1801,23.036,0.2047],[-80.1815,23.0393,0.221],[-80.1782,23.0374,0.1417],[-80.1785,23.0399,0.3144],[-80.1801,23.0407,0.8209],[-80.1779,23.0421,0.1362],[-80.1801,23.0443,0.7239],[-80.1771,23.0446,0.8265],[-80.1707,23.0418,0.3653],[-80.171,23.0401,0.2963],[-80.1693,23.0407,0.7899],[-80.1701,23.034,0.0],[-80.1751,23.0371,0.0],[-80.1785,23.0357,0.0],[-80.1782,23.0329,0.7935],[-80.1813,23.0324,0.0791],[-80.181,23.0296,0.2031],[-80.179,23.0296,0.2155],[-80.176,23.0321,0.6318],[-80.1754,23.0349,0.3382],[-80.176,23.0307,0.1559],[-80.1735,23.0301,0.1374],[-80.1774,23.0276,0.0],[-80.1768,23.024,0.0],[-80.1801,23.0251,0.4559],[-80.1815,23.0232,0.1744],[-80.1821,23.0201,0.0],[-80.1804,23.0199,0.0],[-80.1801,23.0168,0.0],[-80.1776,23.0176,0.312],[-80.1787,23.0201,0.0],[-80.1762,23.0235,0.0],[-80.174,23.0251,1.0036],[-80.1712,23.0243,0.4545],[-80.1721,23.0285,0.0],[-80.1687,23.0276,0.0],[-80.1629,23.0293,0.0],[-80.164,23.031,0.3593],[-80.1618,23.0326,0.0],[-80.1604,23.039,1.1834],[-80.1582,23.0399,0.0],[-80.1574,23.0429,1.4238],[-80.1612,23.046,0.6351],[-80.1626,23.0493,1.6465],[-80.1618,23.0526,0.4929],[-80.151,23.0546,0.3476],[-80.1504,23.0565,0.8309],[-80.1471,23.0546,0.0],[-80.1465,23.0565,0.57],[-80.1429,23.0585,0.0],[-80.1446,23.0601,3.9601],[-80.1446,23.0643,0.8791],[-80.1426,23.0635,1.4581],[-80.1435,23.0613,0.0],[-80.1379,23.0615,1.7036],[-80.1357,23.0599,0.0],[-80.1326,23.0615,0.0],[-80.1307,23.0674,5.3451],[-80.129,23.0682,0.0],[-80.1321,23.0699,3.0327],[-80.1299,23.0729,2.0611],[-80.1301,23.0763,2.3055],[-80.1374,23.0785,2.8378],[-80.1399,23.0824,6.0488],[-80.1399,23.086,0.6787],[-80.1415,23.086,0.6787]]],
[[[-80.394,23.0549,1.0252],[-80.3938,23.0565,1.4062],[-80.3954,23.0565,0.0],[-80.3968,23.0526,0.8709],[-80.3949,23.0526,0.0],[-80.394,23.0549,1.0252]]],
[[[-80.3554,23.0685,0.7618],[-80.3576,23.0699,1.9384],[-80.3587,23.0671,0.0],[-80.3501,23.0624,0.0],[-80.3499,23.0593,0.0],[-80.3538,23.0585,0.7809],[-80.3546,23.0568,0.0],[-80.3526,23.0546,0.0],[-80.3432,23.0626,0.0],[-80.3529,23.0657,0.4121],[-80.3554,23.0685,0.7618]]],
[[[-80.4165,23.0696,0.0],[-80.4176,23.0735,0.0],[-80.4165,23.0743,0.0],[-80.4182,23.0743,0.0],[-80.4196,23.0699,1.844],[-80.4232,23.0685,0.0],[-80.4179,23.0663,0.0],[-80.4165,23.0696,0.0]]],
[[[-80.401,23.0829,0.0],[-80.3996,23.0846,0.6926],[-80.4065,23.0835,2.0014],[-80.4085,23.0788,2.0872],[-80.4132,23.0774,0.4007],[-80.4135,23.076,0.6829],[-80.4026,23.0804,0.0],[-80.401,23.0829,0.0]]],
[[[-80.2904,23.0799,2.8912],[-80.2921,23.0824,0.0],[-80.2962,23.0729,2.3701],[-80.2854,23.0696,0.0],[-80.2849,23.0738,0.0],[-80.2899,23.0721,1.1154],[-80.291,23.0757,1.1571],[-80.2913,23.074,1.1213],[-80.2932,23.0749,2.9837],[-80.2929,23.0771,4.2507],[-80.2901,23.0763,1.1571],[-80.2904,23.0799,2.8912]]],
[[[-80.3199,23.0851,0.0],[-80.3187,23.0865,0.0],[-80.3232,23.0846,3.7709],[-80.3268,23.0868,1.325],[-80.3262,23.0835,1.5512],[-80.329,23.0785,0.0],[-80.3229,23.0796,0.0],[-80.3199,23.0851,0.0]]],
[[[-80.2913,23.0846,0.0],[-80.2896,23.0854,0.0],[-80.2949,23.0851,0.0],[-80.2946,23.0846,0.0],[-80.2913,23.0846,0.0]]],
[[[-80.2826,23.0896,0.2618],[-80.2862,23.090699999999998,0.0],[-80.2893,23.0885,0.0],[-80.2896,23.0863,0.0],[-80.2849,23.0838,0.8523],[-80.281,23.0868,0.0],[-80.281,23.0879,0.4051],[-80.2835,23.0874,0.6071],[-80.2826,23.0896,0.2618]]],
[[[-80.3835,23.1021,0.0],[-80.3846,23.1049,0.0],[-80.3887,23.1029,0.8702],[-80.3863,23.0976,2.7705],[-80.3882,23.096,1.765],[-80.3885,23.0926,1.4865],[-80.391,23.0915,0.0],[-80.3904,23.0899,0.0],[-80.381,23.0957,1.1663],[-80.3807,23.0999,4.2994],[-80.3835,23.1021,0.0]]],
[[[-80.4718,23.1032,1.1575],[-80.4732,23.1057,0.0],[-80.4779,23.1038,0.0],[-80.4765,23.1021,3.6571],[-80.4771,23.0999,2.963],[-80.4729,23.0957,0.9365],[-80.4662,23.0963,0.0],[-80.4643,23.0979,1.1883],[-80.4668,23.1015,0.0],[-80.4693,23.1018,1.211],[-80.4707,23.1001,2.1449],[-80.4718,23.1032,1.1575]]],
[[[-80.409,23.1035,0.0],[-80.4129,23.1038,0.0],[-80.4118,23.1004,0.0],[-80.4085,23.1024,0.0],[-80.409,23.1035,0.0]]],
[[[-80.4793,23.1035,1.1158],[-80.4793,23.1057,0.0],[-80.481,23.1063,0.0],[-80.4812,23.1038,2.7424],[-80.4793,23.1035,1.1158]]],
[[[-80.269,23.1132,0.0],[-80.2701,23.1168,1.4871],[-80.2715,23.1168,1.4871],[-80.2735,23.1135,0.8513],[-80.2718,23.1093,0.0],[-80.2746,23.106,0.0],[-80.2754,23.1068,0.0],[-80.2732,23.1101,0.0],[-80.2749,23.1126,0.0],[-80.2768,23.1124,0.3495],[-80.2777,23.1101,0.0],[-80.279,23.1115,0.0],[-80.2804,23.109,0.0],[-80.2757,23.104,0.0],[-80.2685,23.1024,0.0],[-80.2707,23.1043,1.1924],[-80.2679,23.1107,0.0],[-80.271,23.1085,1.0131],[-80.269,23.1132,0.0]]],
[[[-80.3015,23.1138,0.0],[-80.3035,23.1151,0.8689],[-80.3032,23.1104,0.0],[-80.301,23.111,0.9466],[-80.3015,23.1138,0.0]]],
[[[-80.2649,23.1318,0.4812],[-80.2668,23.1329,0.7653],[-80.2763,23.1293,0.769],[-80.2776,23.1262,2.1301],[-80.2804,23.1268,0.0],[-80.2824,23.1254,0.0],[-80.2843,23.1215,1.6176],[-80.2871,23.1224,1.0309],[-80.2835,23.1249,0.0],[-80.2854,23.1243,1.0367],[-80.2866,23.1262,0.4587],[-80.289,23.1262,0.0],[-80.2901,23.1229,0.0],[-80.2926,23.1215,0.8826],[-80.2893,23.1176,0.9412],[-80.2913,23.1138,0.8814],[-80.296,23.1104,0.0],[-80.296,23.1087,0.0],[-80.2946,23.1082,0.0],[-80.2932,23.1107,1.5677],[-80.2924,23.1076,0.252],[-80.2874,23.106,0.0],[-80.2887,23.1093,0.0],[-80.2838,23.1113,2.1999],[-80.2835,23.109,1.6102],[-80.2821,23.1126,1.1646],[-80.2782,23.1138,0.0],[-80.2782,23.1154,0.0],[-80.274,23.1154,0.0],[-80.2712,23.1179,0.0],[-80.2704,23.1226,2.5021],[-80.266,23.1262,1.7797],[-80.2649,23.1318,0.4812]]],
[[[-80.264,23.1215,0.3743],[-80.2657,23.1232,0.0],[-80.2688,23.1229,0.0],[-80.2699,23.1218,1.8427],[-80.269,23.1179,0.0],[-80.2654,23.119,0.0],[-80.264,23.1215,0.3743]]],
[[[-80.1965,23.0707,0.0],[-80.1985,23.0732,1.3712],[-80.2004,23.0651,0.8799],[-80.1996,23.0635,0.0],[-80.1968,23.0632,0.8404],[-80.1949,23.0654,0.0],[-80.1965,23.0707,0.0]]],
[[[-80.1468,23.0832,0.3633],[-80.1449,23.0846,0.4364],[-80.1451,23.0865,0.0],[-80.1515,23.0843,0.6591],[-80.1507,23.0835,0.0],[-80.1468,23.0832,0.3633]]],
[[[-80.1221,23.0932,1.5089],[-80.1218,23.0946,1.0489],[-80.1249,23.0954,3.8092],[-80.1282,23.0949,0.6154],[-80.1263,23.0935,0.9279],[-80.1268,23.0924,0.9279],[-80.1329,23.0929,1.1064],[-80.1396,23.0882,0.4958],[-80.1393,23.0829,0.0],[-80.1276,23.0868,0.0],[-80.1285,23.0879,0.0],[-80.124,23.090699999999998,1.5088],[-80.1254,23.0932,0.8342],[-80.1226,23.0918,0.0],[-80.1221,23.0932,1.5089]]],
[[[-80.121,23.0893,1.3295],[-80.1188,23.0893,0.0],[-80.1188,23.0918,0.5037],[-80.1226,23.091,0.0],[-80.1226,23.0893,0.6232],[-80.121,23.0893,1.3295]]],
[[[-80.2468,23.0868,0.0],[-80.2513,23.0879,0.0],[-80.2543,23.0779,1.1638],[-80.2601,23.0757,2.151],[-80.2601,23.074,0.5966],[-80.2549,23.0715,1.7302],[-80.2526,23.0679,1.6815],[-80.2504,23.0682,0.0],[-80.2474,23.0732,1.7451],[-80.244,23.0738,0.5649],[-80.2449,23.0751,1.7014],[-80.2518,23.0746,2.2221],[-80.2462,23.0768,0.0],[-80.2454,23.0804,0.2193],[-80.2482,23.0799,0.0],[-80.2479,23.0815,0.7264],[-80.246,23.081,0.922],[-80.2418,23.084,0.2452],[-80.2468,23.0868,0.0]]],
[[[-80.2368,23.0987,0.0],[-80.2387,23.0996,0.0],[-80.2385,23.0965,0.0],[-80.2368,23.0965,0.0],[-80.2368,23.0987,0.0]]],
[[[-80.2404,23.1001,0.0],[-80.241,23.1024,0.0],[-80.2429,23.1018,0.0],[-80.2429,23.1004,0.0],[-80.2404,23.1001,0.0]]],
[[[-80.2582,23.1249,0.5893],[-80.2618,23.126,0.0],[-80.2618,23.1243,0.0],[-80.2649,23.1243,0.0],[-80.2624,23.1212,0.759],[-80.2649,23.1157,1.5068],[-80.2668,23.1149,0.0],[-80.2663,23.114,0.0],[-80.2641,23.1151,0.0],[-80.264,23.1138,0.0],[-80.2665,23.1126,0.0],[-80.266,23.1107,0.6851],[-80.2679,23.1087,0.0],[-80.2665,23.1079,0.0],[-80.2646,23.1099,0.0],[-80.2613,23.1154,1.1232],[-80.2613,23.1074,0.5502],[-80.2654,23.1076,0.0],[-80.2674,23.1049,1.6279],[-80.2643,23.0996,0.1771],[-80.2613,23.0999,1.5739],[-80.2613,23.0974,0.0],[-80.2582,23.0954,0.4096],[-80.2599,23.0912,0.3316],[-80.2535,23.0899,0.0],[-80.2513,23.0912,0.5514],[-80.2493,23.0888,0.0],[-80.2401,23.0854,0.0],[-80.2357,23.0868,0.0],[-80.2335,23.0924,0.0],[-80.234,23.0985,0.0],[-80.2385,23.0943,0.0],[-80.2401,23.0982,0.0],[-80.2493,23.0949,0.2491],[-80.2482,23.099,1.6255],[-80.2443,23.099,0.0],[-80.2457,23.1032,0.7326],[-80.2432,23.1026,0.6657],[-80.2415,23.1082,1.5818],[-80.2443,23.1121,0.0],[-80.2474,23.1135,5.7496],[-80.2479,23.1165,3.0981],[-80.2499,23.1154,2.3787],[-80.2532,23.1165,0.0],[-80.2507,23.1188,0.0],[-80.2582,23.1249,0.5893]]],
[[[-80.2276,23.1085,3.5559],[-80.2288,23.111,0.0],[-80.2318,23.1076,1.5166],[-80.2296,23.1038,3.6664],[-80.2271,23.1057,3.5976],[-80.2288,23.1074,2.7369],[-80.2276,23.1085,3.5559]]],
[[[-80.2279,23.1188,0.0],[-80.2312,23.1204,3.5381],[-80.2324,23.1182,3.3406],[-80.2293,23.116,0.0],[-80.2218,23.1146,0.0],[-80.2232,23.1174,1.1701],[-80.2279,23.1188,0.0]]],
[[[-80.2187,23.1193,3.799],[-80.221,23.1221,0.0],[-80.2232,23.1179,1.1701],[-80.219,23.1171,2.6719],[-80.2187,23.1193,3.799]]],
[[[-80.2354,23.1368,6.248],[-80.2376,23.1374,3.5858],[-80.2379,23.1393,0.0],[-80.2399,23.139,0.0],[-80.239,23.1301,1.6635],[-80.241,23.1335,2.6473],[-80.2438,23.1335,3.4123],[-80.2471,23.1226,0.0],[-80.2471,23.1168,3.0981],[-80.241,23.1157,2.5947],[-80.2374,23.1193,3.6627],[-80.2299,23.1221,0.0],[-80.2346,23.1254,5.4831],[-80.2335,23.1349,0.0],[-80.2354,23.1368,6.248]]],
[[[-80.2532,23.1293,4.7198],[-80.2551,23.1313,0.0],[-80.2568,23.1282,0.0],[-80.2546,23.1274,0.8975],[-80.2532,23.1293,4.7198]]],
[[[-80.244,23.1376,0.0],[-80.2474,23.1382,0.0],[-80.2479,23.131,0.1275],[-80.2443,23.1329,3.4123],[-80.244,23.1376,0.0]]],
[[[-80.256,23.1368,4.7832],[-80.2621,23.1382,2.713],[-80.2649,23.1376,0.9512],[-80.2529,23.1335,0.0],[-80.256,23.1368,4.7832]]],
[[[-80.2237,23.1418,0.0],[-80.2235,23.1463,0.0],[-80.229,23.146,0.0],[-80.2285,23.1429,0.0],[-80.2312,23.1357,0.776],[-80.2276,23.1324,1.3528],[-80.2279,23.1293,0.0],[-80.2243,23.1304,0.0],[-80.2237,23.1418,0.0]]],
[[[-80.3637,23.1115,0.0],[-80.3671,23.1135,0.9267],[-80.3763,23.1099,0.757],[-80.3796,23.1104,1.029],[-80.3843,23.1085,0.5937],[-80.3846,23.1071,0.5937],[-80.3804,23.1051,0.0],[-80.3724,23.1054,0.0],[-80.366,23.1079,0.0],[-80.3637,23.1115,0.0]]],
[[[-80.474,23.1099,1.0459],[-80.4751,23.1154,0.0],[-80.4762,23.1154,1.7719],[-80.4765,23.1104,0.0],[-80.4735,23.1068,0.0],[-80.474,23.1099,1.0459]]],
[[[-80.4571,23.1271,0.0],[-80.4593,23.1285,0.0],[-80.4579,23.1257,0.0],[-80.456,23.126,0.0],[-80.4571,23.1271,0.0]]],
[[[-80.4443,23.1307,0.0],[-80.4463,23.1324,0.0],[-80.4468,23.1307,0.0],[-80.4512,23.1288,0.0],[-80.446,23.1265,0.0],[-80.4435,23.1296,0.0],[-80.4443,23.1307,0.0]]],
[[[-80.3107,23.1363,0.6001],[-80.3107,23.1379,1.5537],[-80.3299,23.1368,0.7768],[-80.331,23.1271,4.7869],[-80.3324,23.1268,0.0],[-80.3335,23.1215,0.0],[-80.3324,23.1196,2.1267],[-80.3301,23.1246,1.4931],[-80.3279,23.1226,0.9046],[-80.3251,23.1238,3.8548],[-80.3249,23.119,1.0929],[-80.3176,23.1151,0.0],[-80.3168,23.1171,0.6191],[-80.3221,23.1207,1.6531],[-80.3187,23.1199,0.0],[-80.3165,23.1218,0.5609],[-80.3157,23.1174,0.0],[-80.3132,23.116,0.0],[-80.3104,23.1101,0.0],[-80.3076,23.1079,1.0686],[-80.3051,23.1126,3.9362],[-80.3087,23.1212,3.961],[-80.3079,23.1246,0.5172],[-80.3129,23.1279,0.0],[-80.3121,23.1293,0.875],[-80.3107,23.1276,0.0],[-80.3082,23.1282,0.0],[-80.3107,23.1304,0.875],[-80.309,23.1338,0.0],[-80.3118,23.1321,0.0],[-80.3107,23.1363,0.6001]]],
[[[-80.3018,23.126,0.742],[-80.3029,23.1285,0.1916],[-80.3046,23.1251,0.0],[-80.304,23.1235,0.0],[-80.3021,23.1238,0.5659],[-80.3024,23.1199,0.0],[-80.2993,23.1207,0.0],[-80.2996,23.1268,0.0],[-80.3018,23.126,0.742]]],
[[[-80.2843,23.1279,0.0],[-80.2885,23.1285,0.0],[-80.2826,23.1265,0.0],[-80.2824,23.1276,0.0],[-80.2843,23.1279,0.0]]],
[[[-80.3043,23.1288,0.0],[-80.3046,23.1315,0.0],[-80.3068,23.1307,0.0],[-80.3063,23.1282,0.0],[-80.3043,23.1288,0.0]]],
[[[-80.2763,23.131,0.3092],[-80.2768,23.1326,0.0],[-80.2787,23.1299,1.3567],[-80.2826,23.1318,0.0],[-80.2843,23.1301,0.0],[-80.2787,23.1276,0.0],[-80.2763,23.131,0.3092]]],
[[[-80.2985,23.1351,0.0],[-80.2957,23.136,0.0],[-80.2949,23.1393,0.9494],[-80.3074,23.1365,0.0],[-80.3079,23.1343,0.0],[-80.3063,23.1318,0.0],[-80.2974,23.1374,1.4405],[-80.2985,23.1351,0.0]]],
[[[-80.2924,23.136,0.0],[-80.2915,23.1379,0.0],[-80.2926,23.1382,0.0],[-80.2937,23.1351,0.0],[-80.2924,23.136,0.0]]],
[[[-80.2735,23.1454,0.0],[-80.2779,23.1457,1.2153],[-80.2838,23.1393,0.3019],[-80.2838,23.1371,0.5472],[-80.2849,23.1385,0.0],[-80.2901,23.139,0.0],[-80.2876,23.1376,0.0],[-80.2882,23.1354,0.0],[-80.2951,23.129,0.0],[-80.2932,23.1285,0.0],[-80.2838,23.1324,0.0],[-80.2801,23.1382,0.0],[-80.2707,23.1354,0.0],[-80.2707,23.1385,0.3254],[-80.2674,23.1399,0.0],[-80.2735,23.1454,0.0]]],
[[[-80.3538,23.1363,0.0],[-80.3562,23.1371,2.0856],[-80.356,23.139,0.9294],[-80.3613,23.1374,0.9612],[-80.3599,23.1296,1.6438],[-80.3582,23.1282,0.0],[-80.3532,23.1315,0.0],[-80.3538,23.1363,0.0]]],
[[[-80.4501,23.1379,0.4871],[-80.4496,23.1399,0.4309],[-80.454,23.1388,0.7923],[-80.4551,23.1307,0.0],[-80.4529,23.1318,0.0],[-80.4501,23.1379,0.4871]]],
[[[-80.459,23.1368,1.0592],[-80.4593,23.1399,1.4171],[-80.4629,23.1365,0.452],[-80.461,23.1321,0.735],[-80.4596,23.1329,0.3132],[-80.4607,23.1357,1.0592],[-80.459,23.1368,1.0592]]],
[[[-80.3756,23.154,0.9692],[-80.3915,23.1546,0.7628],[-80.4082,23.1507,0.9103],[-80.4196,23.1524,0.0],[-80.4435,23.1496,0.5101],[-80.4512,23.1515,3.1494],[-80.454,23.1501,4.6758],[-80.4549,23.1471,0.0],[-80.4515,23.1474,5.6814],[-80.4379,23.1393,1.4312],[-80.4393,23.1374,0.0],[-80.4413,23.1399,0.2551],[-80.4454,23.1407,0.4891],[-80.4449,23.1357,0.0],[-80.4415,23.134,0.0],[-80.4424,23.1313,0.0],[-80.4404,23.1329,0.0],[-80.4354,23.1326,0.0],[-80.4296,23.1379,0.4227],[-80.4229,23.1368,0.4833],[-80.4221,23.1413,0.9785],[-80.4276,23.141,2.4153],[-80.4279,23.1421,1.1437],[-80.4229,23.146,0.7557],[-80.4163,23.146,0.4677],[-80.4115,23.1426,0.0],[-80.4096,23.1432,0.1494],[-80.4071,23.1382,1.8428],[-80.4082,23.1349,1.5702],[-80.4104,23.1335,0.9494],[-80.4149,23.1346,0.0],[-80.4118,23.1332,0.0],[-80.4101,23.1265,0.0],[-80.4062,23.126,0.9308],[-80.4029,23.1226,0.0],[-80.4037,23.1257,0.4786],[-80.4093,23.1282,0.0],[-80.4096,23.1313,0.5872],[-80.4049,23.1346,0.0],[-80.4049,23.1393,0.0],[-80.4074,23.1413,1.5505],[-80.396,23.1468,0.0],[-80.3921,23.1457,0.1489],[-80.3879,23.1488,1.0439],[-80.3854,23.1476,0.0],[-80.3868,23.1457,0.0],[-80.3896,23.1471,0.2704],[-80.3876,23.1426,0.0],[-80.3838,23.1415,0.0],[-80.3801,23.1432,0.2607],[-80.3801,23.1388,1.1654],[-80.3846,23.1357,1.8664],[-80.3832,23.1335,2.1978],[-80.3854,23.1332,0.0],[-80.3851,23.131,0.0],[-80.3887,23.1243,0.419],[-80.3832,23.1254,0.0],[-80.3799,23.1279,0.0],[-80.379,23.1315,0.6818],[-80.3829,23.1338,2.9774],[-80.3796,23.1326,0.2017],[-80.3793,23.134,1.0524],[-80.3724,23.1313,0.0],[-80.3674,23.1371,4.5211],[-80.3654,23.136,0.0],[-80.366,23.1401,0.0],[-80.3704,23.1415,2.7368],[-80.3671,23.149,0.619],[-80.371,23.153199999999998,3.8119],[-80.3756,23.154,0.9692]]]]}}